zone_id,hour_of_day,day_of_week,is_weekend,is_raining,base_zone_demand,prev_hour_orders,actual_orders
koramangala,0,0,0,0,18,2,3
indiranagar,0,0,0,0,15,2,2
whitefield,0,0,0,0,12,2,2
marathahalli,0,0,0,0,14,2,4
hsr_layout,0,0,0,0,13,2,1
jp_nagar,0,0,0,0,11,2,0
electronic_city,0,0,0,0,10,1,4
hebbal,0,0,0,0,9,1,2
koramangala,1,0,0,0,18,3,2
indiranagar,1,0,0,0,15,2,3
whitefield,1,0,0,0,12,2,1
marathahalli,1,0,0,0,14,2,2
hsr_layout,1,0,0,0,13,2,2
jp_nagar,1,0,0,0,11,1,0
electronic_city,1,0,0,0,10,2,0
hebbal,1,0,0,0,9,1,0
koramangala,2,0,0,0,18,4,1
indiranagar,2,0,0,0,15,3,3
whitefield,2,0,0,0,12,2,0
marathahalli,2,0,0,0,14,2,0
hsr_layout,2,0,0,0,13,2,4
jp_nagar,2,0,0,0,11,2,0
electronic_city,2,0,0,0,10,1,1
hebbal,2,0,0,0,9,1,0
koramangala,3,0,0,0,18,3,2
indiranagar,3,0,0,0,15,2,2
whitefield,3,0,0,0,12,2,0
marathahalli,3,0,0,0,14,2,2
hsr_layout,3,0,0,0,13,2,1
jp_nagar,3,0,0,0,11,2,1
electronic_city,3,0,0,0,10,2,1
hebbal,3,0,0,0,9,1,3
koramangala,4,0,0,0,18,3,2
indiranagar,4,0,0,0,15,2,0
whitefield,4,0,0,0,12,2,3
marathahalli,4,0,0,0,14,3,1
hsr_layout,4,0,0,0,13,2,2
jp_nagar,4,0,0,0,11,2,0
electronic_city,4,0,0,0,10,1,0
hebbal,4,0,0,0,9,1,1
koramangala,5,0,0,0,18,3,4
indiranagar,5,0,0,0,15,3,2
whitefield,5,0,0,0,12,2,1
marathahalli,5,0,0,0,14,2,1
hsr_layout,5,0,0,0,13,2,0
jp_nagar,5,0,0,0,11,2,0
electronic_city,5,0,0,0,10,1,0
hebbal,5,0,0,0,9,1,3
koramangala,6,0,0,0,18,14,16
indiranagar,6,0,0,0,15,13,7
whitefield,6,0,0,0,12,10,10
marathahalli,6,0,0,0,14,11,9
hsr_layout,6,0,0,0,13,10,7
jp_nagar,6,0,0,0,11,8,8
electronic_city,6,0,0,0,10,9,9
hebbal,6,0,0,0,9,6,8
koramangala,7,0,0,0,18,18,22
indiranagar,7,0,0,0,15,20,15
whitefield,7,0,0,0,12,15,14
marathahalli,7,0,0,0,14,14,19
hsr_layout,7,0,0,0,13,15,15
jp_nagar,7,0,0,0,11,13,10
electronic_city,7,0,0,0,10,11,8
hebbal,7,0,0,0,9,12,10
koramangala,8,0,0,0,18,24,21
indiranagar,8,0,0,0,15,14,22
whitefield,8,0,0,0,12,16,11
marathahalli,8,0,0,0,14,16,15
hsr_layout,8,0,0,0,13,17,16
jp_nagar,8,0,0,0,11,11,12
electronic_city,8,0,0,0,10,12,11
hebbal,8,0,0,0,9,12,12
koramangala,9,0,0,0,18,19,20
indiranagar,9,0,0,0,15,19,18
whitefield,9,0,0,0,12,13,12
marathahalli,9,0,0,0,14,17,17
hsr_layout,9,0,0,0,13,15,13
jp_nagar,9,0,0,0,11,11,11
electronic_city,9,0,0,0,10,12,11
hebbal,9,0,0,0,9,9,6
koramangala,10,0,0,0,18,15,12
indiranagar,10,0,0,0,15,13,13
whitefield,10,0,0,0,12,7,10
marathahalli,10,0,0,0,14,11,9
hsr_layout,10,0,0,0,13,8,9
jp_nagar,10,0,0,0,11,9,7
electronic_city,10,0,0,0,10,8,9
hebbal,10,0,0,0,9,6,6
koramangala,11,0,0,0,18,28,27
indiranagar,11,0,0,0,15,23,25
whitefield,11,0,0,0,12,20,21
marathahalli,11,0,0,0,14,18,22
hsr_layout,11,0,0,0,13,19,21
jp_nagar,11,0,0,0,11,15,14
electronic_city,11,0,0,0,10,15,14
hebbal,11,0,0,0,9,13,10
koramangala,12,0,0,0,18,33,28
indiranagar,12,0,0,0,15,27,24
whitefield,12,0,0,0,12,15,22
marathahalli,12,0,0,0,14,25,24
hsr_layout,12,0,0,0,13,24,19
jp_nagar,12,0,0,0,11,15,16
electronic_city,12,0,0,0,10,14,14
hebbal,12,0,0,0,9,11,11
koramangala,13,0,0,0,18,34,25
indiranagar,13,0,0,0,15,26,23
whitefield,13,0,0,0,12,18,23
marathahalli,13,0,0,0,14,26,22
hsr_layout,13,0,0,0,13,22,18
jp_nagar,13,0,0,0,11,16,19
electronic_city,13,0,0,0,10,16,13
hebbal,13,0,0,0,9,15,11
koramangala,14,0,0,0,18,14,14
indiranagar,14,0,0,0,15,13,13
whitefield,14,0,0,0,12,11,7
marathahalli,14,0,0,0,14,9,11
hsr_layout,14,0,0,0,13,11,8
jp_nagar,14,0,0,0,11,7,7
electronic_city,14,0,0,0,10,7,9
hebbal,14,0,0,0,9,7,8
koramangala,15,0,0,0,18,14,15
indiranagar,15,0,0,0,15,14,8
whitefield,15,0,0,0,12,10,10
marathahalli,15,0,0,0,14,10,8
hsr_layout,15,0,0,0,13,9,9
jp_nagar,15,0,0,0,11,9,10
electronic_city,15,0,0,0,10,7,7
hebbal,15,0,0,0,9,8,5
koramangala,16,0,0,0,18,12,13
indiranagar,16,0,0,0,15,14,12
whitefield,16,0,0,0,12,11,6
marathahalli,16,0,0,0,14,9,12
hsr_layout,16,0,0,0,13,11,8
jp_nagar,16,0,0,0,11,10,9
electronic_city,16,0,0,0,10,6,6
hebbal,16,0,0,0,9,6,9
koramangala,17,0,0,0,18,16,10
indiranagar,17,0,0,0,15,10,9
whitefield,17,0,0,0,12,9,9
marathahalli,17,0,0,0,14,11,9
hsr_layout,17,0,0,0,13,9,10
jp_nagar,17,0,0,0,11,7,9
electronic_city,17,0,0,0,10,9,5
hebbal,17,0,0,0,9,6,7
koramangala,18,0,0,0,18,13,12
indiranagar,18,0,0,0,15,13,13
whitefield,18,0,0,0,12,8,8
marathahalli,18,0,0,0,14,11,8
hsr_layout,18,0,0,0,13,8,9
jp_nagar,18,0,0,0,11,10,9
electronic_city,18,0,0,0,10,8,8
hebbal,18,0,0,0,9,7,6
koramangala,19,0,0,0,18,29,30
indiranagar,19,0,0,0,15,33,31
whitefield,19,0,0,0,12,26,25
marathahalli,19,0,0,0,14,23,22
hsr_layout,19,0,0,0,13,20,28
jp_nagar,19,0,0,0,11,24,20
electronic_city,19,0,0,0,10,19,15
hebbal,19,0,0,0,9,20,18
koramangala,20,0,0,0,18,40,35
indiranagar,20,0,0,0,15,32,25
whitefield,20,0,0,0,12,24,22
marathahalli,20,0,0,0,14,31,27
hsr_layout,20,0,0,0,13,28,28
jp_nagar,20,0,0,0,11,18,22
electronic_city,20,0,0,0,10,16,22
hebbal,20,0,0,0,9,19,17
koramangala,21,0,0,0,18,38,32
indiranagar,21,0,0,0,15,26,29
whitefield,21,0,0,0,12,20,17
marathahalli,21,0,0,0,14,23,23
hsr_layout,21,0,0,0,13,28,27
jp_nagar,21,0,0,0,11,19,21
electronic_city,21,0,0,0,10,18,21
hebbal,21,0,0,0,9,17,20
koramangala,22,0,0,0,18,12,16
indiranagar,22,0,0,0,15,10,15
whitefield,22,0,0,0,12,8,7
marathahalli,22,0,0,0,14,10,15
hsr_layout,22,0,0,0,13,9,10
jp_nagar,22,0,0,0,11,8,6
electronic_city,22,0,0,0,10,8,5
hebbal,22,0,0,0,9,7,6
koramangala,23,0,0,0,18,16,13
indiranagar,23,0,0,0,15,13,13
whitefield,23,0,0,0,12,10,9
marathahalli,23,0,0,0,14,9,10
hsr_layout,23,0,0,0,13,9,7
jp_nagar,23,0,0,0,11,10,6
electronic_city,23,0,0,0,10,7,6
hebbal,23,0,0,0,9,6,7
koramangala,0,1,0,0,18,3,3
indiranagar,0,1,0,0,15,3,1
whitefield,0,1,0,0,12,2,2
marathahalli,0,1,0,0,14,2,2
hsr_layout,0,1,0,0,13,2,0
jp_nagar,0,1,0,0,11,2,2
electronic_city,0,1,0,0,10,2,1
hebbal,0,1,0,0,9,1,0
koramangala,1,1,0,0,18,3,4
indiranagar,1,1,0,0,15,3,2
whitefield,1,1,0,0,12,2,3
marathahalli,1,1,0,0,14,2,3
hsr_layout,1,1,0,0,13,2,0
jp_nagar,1,1,0,0,11,2,0
electronic_city,1,1,0,0,10,1,1
hebbal,1,1,0,0,9,1,1
koramangala,2,1,0,0,18,4,3
indiranagar,2,1,0,0,15,2,8
whitefield,2,1,0,0,12,2,2
marathahalli,2,1,0,0,14,2,3
hsr_layout,2,1,0,0,13,2,3
jp_nagar,2,1,0,0,11,2,2
electronic_city,2,1,0,0,10,1,0
hebbal,2,1,0,0,9,1,3
koramangala,3,1,0,0,18,3,1
indiranagar,3,1,0,0,15,2,2
whitefield,3,1,0,0,12,2,1
marathahalli,3,1,0,0,14,2,3
hsr_layout,3,1,0,0,13,2,5
jp_nagar,3,1,0,0,11,2,0
electronic_city,3,1,0,0,10,2,3
hebbal,3,1,0,0,9,2,0
koramangala,4,1,0,0,18,4,2
indiranagar,4,1,0,0,15,2,3
whitefield,4,1,0,0,12,2,2
marathahalli,4,1,0,0,14,3,0
hsr_layout,4,1,0,0,13,2,0
jp_nagar,4,1,0,0,11,1,3
electronic_city,4,1,0,0,10,1,0
hebbal,4,1,0,0,9,1,1
koramangala,5,1,0,0,18,3,3
indiranagar,5,1,0,0,15,3,1
whitefield,5,1,0,0,12,2,5
marathahalli,5,1,0,0,14,2,2
hsr_layout,5,1,0,0,13,2,0
jp_nagar,5,1,0,0,11,2,2
electronic_city,5,1,0,0,10,2,1
hebbal,5,1,0,0,9,1,2
koramangala,6,1,0,0,18,13,13
indiranagar,6,1,0,0,15,13,12
whitefield,6,1,0,0,12,9,10
marathahalli,6,1,0,0,14,11,12
hsr_layout,6,1,0,0,13,9,7
jp_nagar,6,1,0,0,11,8,6
electronic_city,6,1,0,0,10,7,7
hebbal,6,1,0,0,9,6,5
koramangala,7,1,0,0,18,21,21
indiranagar,7,1,0,0,15,18,15
whitefield,7,1,0,0,12,13,12
marathahalli,7,1,0,0,14,13,18
hsr_layout,7,1,0,0,13,13,18
jp_nagar,7,1,0,0,11,10,13
electronic_city,7,1,0,0,10,10,8
hebbal,7,1,0,0,9,11,9
koramangala,8,1,0,0,18,23,24
indiranagar,8,1,0,0,15,16,13
whitefield,8,1,0,0,12,11,14
marathahalli,8,1,0,0,14,20,17
hsr_layout,8,1,0,0,13,16,14
jp_nagar,8,1,0,0,11,14,13
electronic_city,8,1,0,0,10,14,5
hebbal,8,1,0,0,9,8,7
koramangala,9,1,0,0,18,18,21
indiranagar,9,1,0,0,15,18,14
whitefield,9,1,0,0,12,15,17
marathahalli,9,1,0,0,14,14,14
hsr_layout,9,1,0,0,13,17,12
jp_nagar,9,1,0,0,11,14,15
electronic_city,9,1,0,0,10,10,12
hebbal,9,1,0,0,9,9,8
koramangala,10,1,0,0,18,17,14
indiranagar,10,1,0,0,15,13,10
whitefield,10,1,0,0,12,10,7
marathahalli,10,1,0,0,14,9,12
hsr_layout,10,1,0,0,13,11,10
jp_nagar,10,1,0,0,11,7,9
electronic_city,10,1,0,0,10,8,7
hebbal,10,1,0,0,9,6,5
koramangala,11,1,0,0,18,28,27
indiranagar,11,1,0,0,15,27,26
whitefield,11,1,0,0,12,16,23
marathahalli,11,1,0,0,14,23,22
hsr_layout,11,1,0,0,13,22,23
jp_nagar,11,1,0,0,11,19,17
electronic_city,11,1,0,0,10,14,16
hebbal,11,1,0,0,9,14,14
koramangala,12,1,0,0,18,28,30
indiranagar,12,1,0,0,15,21,25
whitefield,12,1,0,0,12,21,15
marathahalli,12,1,0,0,14,25,19
hsr_layout,12,1,0,0,13,20,20
jp_nagar,12,1,0,0,11,16,16
electronic_city,12,1,0,0,10,18,14
hebbal,12,1,0,0,9,12,13
koramangala,13,1,0,0,18,26,33
indiranagar,13,1,0,0,15,25,22
whitefield,13,1,0,0,12,15,22
marathahalli,13,1,0,0,14,18,23
hsr_layout,13,1,0,0,13,20,20
jp_nagar,13,1,0,0,11,18,17
electronic_city,13,1,0,0,10,15,18
hebbal,13,1,0,0,9,12,13
koramangala,14,1,0,0,18,15,12
indiranagar,14,1,0,0,15,12,11
whitefield,14,1,0,0,12,9,10
marathahalli,14,1,0,0,14,12,9
hsr_layout,14,1,0,0,13,11,9
jp_nagar,14,1,0,0,11,7,6
electronic_city,14,1,0,0,10,7,6
hebbal,14,1,0,0,9,7,8
koramangala,15,1,0,0,18,12,14
indiranagar,15,1,0,0,15,11,13
whitefield,15,1,0,0,12,11,10
marathahalli,15,1,0,0,14,10,9
hsr_layout,15,1,0,0,13,9,10
jp_nagar,15,1,0,0,11,7,6
electronic_city,15,1,0,0,10,8,7
hebbal,15,1,0,0,9,8,6
koramangala,16,1,0,0,18,15,12
indiranagar,16,1,0,0,15,13,11
whitefield,16,1,0,0,12,11,7
marathahalli,16,1,0,0,14,11,13
hsr_layout,16,1,0,0,13,9,7
jp_nagar,16,1,0,0,11,10,6
electronic_city,16,1,0,0,10,9,8
hebbal,16,1,0,0,9,5,8
koramangala,17,1,0,0,18,11,12
indiranagar,17,1,0,0,15,12,11
whitefield,17,1,0,0,12,11,7
marathahalli,17,1,0,0,14,12,9
hsr_layout,17,1,0,0,13,11,9
jp_nagar,17,1,0,0,11,8,6
electronic_city,17,1,0,0,10,7,9
hebbal,17,1,0,0,9,8,5
koramangala,18,1,0,0,18,15,12
indiranagar,18,1,0,0,15,13,12
whitefield,18,1,0,0,12,8,8
marathahalli,18,1,0,0,14,11,9
hsr_layout,18,1,0,0,13,9,7
jp_nagar,18,1,0,0,11,7,8
electronic_city,18,1,0,0,10,8,7
hebbal,18,1,0,0,9,6,6
koramangala,19,1,0,0,18,36,32
indiranagar,19,1,0,0,15,30,32
whitefield,19,1,0,0,12,25,20
marathahalli,19,1,0,0,14,28,27
hsr_layout,19,1,0,0,13,23,23
jp_nagar,19,1,0,0,11,22,22
electronic_city,19,1,0,0,10,21,16
hebbal,19,1,0,0,9,14,18
koramangala,20,1,0,0,18,37,35
indiranagar,20,1,0,0,15,26,24
whitefield,20,1,0,0,12,24,23
marathahalli,20,1,0,0,14,31,24
hsr_layout,20,1,0,0,13,24,20
jp_nagar,20,1,0,0,11,17,19
electronic_city,20,1,0,0,10,17,17
hebbal,20,1,0,0,9,14,17
koramangala,21,1,0,0,18,38,34
indiranagar,21,1,0,0,15,33,34
whitefield,21,1,0,0,12,24,20
marathahalli,21,1,0,0,14,21,28
hsr_layout,21,1,0,0,13,24,26
jp_nagar,21,1,0,0,11,24,17
electronic_city,21,1,0,0,10,19,19
hebbal,21,1,0,0,9,17,15
koramangala,22,1,0,0,18,13,13
indiranagar,22,1,0,0,15,12,11
whitefield,22,1,0,0,12,8,10
marathahalli,22,1,0,0,14,10,12
hsr_layout,22,1,0,0,13,11,12
jp_nagar,22,1,0,0,11,8,9
electronic_city,22,1,0,0,10,7,12
hebbal,22,1,0,0,9,6,5
koramangala,23,1,0,0,18,17,16
indiranagar,23,1,0,0,15,12,11
whitefield,23,1,0,0,12,8,12
marathahalli,23,1,0,0,14,12,9
hsr_layout,23,1,0,0,13,11,7
jp_nagar,23,1,0,0,11,8,8
electronic_city,23,1,0,0,10,7,4
hebbal,23,1,0,0,9,6,7
koramangala,0,2,0,0,18,3,1
indiranagar,0,2,0,0,15,3,3
whitefield,0,2,0,0,12,2,2
marathahalli,0,2,0,0,14,3,4
hsr_layout,0,2,0,0,13,2,3
jp_nagar,0,2,0,0,11,2,1
electronic_city,0,2,0,0,10,2,0
hebbal,0,2,0,0,9,2,2
koramangala,1,2,0,0,18,3,1
indiranagar,1,2,0,0,15,2,5
whitefield,1,2,0,0,12,2,3
marathahalli,1,2,0,0,14,3,1
hsr_layout,1,2,0,0,13,2,0
jp_nagar,1,2,0,0,11,2,4
electronic_city,1,2,0,0,10,2,0
hebbal,1,2,0,0,9,1,2
koramangala,2,2,0,0,18,4,0
indiranagar,2,2,0,0,15,2,2
whitefield,2,2,0,0,12,2,2
marathahalli,2,2,0,0,14,2,2
hsr_layout,2,2,0,0,13,2,1
jp_nagar,2,2,0,0,11,2,2
electronic_city,2,2,0,0,10,1,0
hebbal,2,2,0,0,9,1,0
koramangala,3,2,0,0,18,3,3
indiranagar,3,2,0,0,15,2,3
whitefield,3,2,0,0,12,2,3
marathahalli,3,2,0,0,14,2,0
hsr_layout,3,2,0,0,13,2,0
jp_nagar,3,2,0,0,11,2,3
electronic_city,3,2,0,0,10,1,2
hebbal,3,2,0,0,9,1,0
koramangala,4,2,0,0,18,3,5
indiranagar,4,2,0,0,15,2,2
whitefield,4,2,0,0,12,2,3
marathahalli,4,2,0,0,14,3,2
hsr_layout,4,2,0,0,13,2,5
jp_nagar,4,2,0,0,11,2,4
electronic_city,4,2,0,0,10,1,1
hebbal,4,2,0,0,9,1,3
koramangala,5,2,0,0,18,2,3
indiranagar,5,2,0,0,15,3,5
whitefield,5,2,0,0,12,2,0
marathahalli,5,2,0,0,14,2,3
hsr_layout,5,2,0,0,13,2,3
jp_nagar,5,2,0,0,11,2,0
electronic_city,5,2,0,0,10,2,0
hebbal,5,2,0,0,9,2,0
koramangala,6,2,0,0,18,13,11
indiranagar,6,2,0,0,15,12,13
whitefield,6,2,0,0,12,10,10
marathahalli,6,2,0,0,14,9,12
hsr_layout,6,2,0,0,13,10,11
jp_nagar,6,2,0,0,11,10,4
electronic_city,6,2,0,0,10,7,4
hebbal,6,2,0,0,9,6,5
koramangala,7,2,0,0,18,24,24
indiranagar,7,2,0,0,15,19,15
whitefield,7,2,0,0,12,14,9
marathahalli,7,2,0,0,14,17,16
hsr_layout,7,2,0,0,13,15,12
jp_nagar,7,2,0,0,11,15,13
electronic_city,7,2,0,0,10,11,11
hebbal,7,2,0,0,9,9,9
koramangala,8,2,0,0,18,22,23
indiranagar,8,2,0,0,15,16,18
whitefield,8,2,0,0,12,15,12
marathahalli,8,2,0,0,14,17,18
hsr_layout,8,2,0,0,13,17,11
jp_nagar,8,2,0,0,11,13,13
electronic_city,8,2,0,0,10,13,10
hebbal,8,2,0,0,9,12,9
koramangala,9,2,0,0,18,20,21
indiranagar,9,2,0,0,15,18,16
whitefield,9,2,0,0,12,15,14
marathahalli,9,2,0,0,14,19,15
hsr_layout,9,2,0,0,13,18,18
jp_nagar,9,2,0,0,11,12,12
electronic_city,9,2,0,0,10,12,10
hebbal,9,2,0,0,9,9,10
koramangala,10,2,0,0,18,15,11
indiranagar,10,2,0,0,15,10,11
whitefield,10,2,0,0,12,11,9
marathahalli,10,2,0,0,14,13,13
hsr_layout,10,2,0,0,13,9,10
jp_nagar,10,2,0,0,11,8,8
electronic_city,10,2,0,0,10,8,6
hebbal,10,2,0,0,9,6,4
koramangala,11,2,0,0,18,24,29
indiranagar,11,2,0,0,15,27,27
whitefield,11,2,0,0,12,22,23
marathahalli,11,2,0,0,14,25,20
hsr_layout,11,2,0,0,13,23,17
jp_nagar,11,2,0,0,11,17,17
electronic_city,11,2,0,0,10,17,20
hebbal,11,2,0,0,9,14,16
koramangala,12,2,0,0,18,33,24
indiranagar,12,2,0,0,15,21,18
whitefield,12,2,0,0,12,22,16
marathahalli,12,2,0,0,14,26,20
hsr_layout,12,2,0,0,13,17,20
jp_nagar,12,2,0,0,11,20,13
electronic_city,12,2,0,0,10,15,13
hebbal,12,2,0,0,9,16,11
koramangala,13,2,0,0,18,28,27
indiranagar,13,2,0,0,15,27,22
whitefield,13,2,0,0,12,18,19
marathahalli,13,2,0,0,14,24,27
hsr_layout,13,2,0,0,13,20,22
jp_nagar,13,2,0,0,11,15,15
electronic_city,13,2,0,0,10,13,17
hebbal,13,2,0,0,9,13,16
koramangala,14,2,0,0,18,11,11
indiranagar,14,2,0,0,15,11,12
whitefield,14,2,0,0,12,10,6
marathahalli,14,2,0,0,14,12,8
hsr_layout,14,2,0,0,13,12,10
jp_nagar,14,2,0,0,11,8,9
electronic_city,14,2,0,0,10,6,5
hebbal,14,2,0,0,9,7,7
koramangala,15,2,0,0,18,15,13
indiranagar,15,2,0,0,15,9,12
whitefield,15,2,0,0,12,8,7
marathahalli,15,2,0,0,14,11,7
hsr_layout,15,2,0,0,13,11,9
jp_nagar,15,2,0,0,11,7,7
electronic_city,15,2,0,0,10,7,7
hebbal,15,2,0,0,9,8,5
koramangala,16,2,0,0,18,16,11
indiranagar,16,2,0,0,15,10,9
whitefield,16,2,0,0,12,8,9
marathahalli,16,2,0,0,14,9,10
hsr_layout,16,2,0,0,13,11,9
jp_nagar,16,2,0,0,11,8,5
electronic_city,16,2,0,0,10,6,8
hebbal,16,2,0,0,9,7,8
koramangala,17,2,0,0,18,14,12
indiranagar,17,2,0,0,15,12,10
whitefield,17,2,0,0,12,9,9
marathahalli,17,2,0,0,14,9,12
hsr_layout,17,2,0,0,13,11,8
jp_nagar,17,2,0,0,11,8,7
electronic_city,17,2,0,0,10,6,4
hebbal,17,2,0,0,9,6,7
koramangala,18,2,0,0,18,14,16
indiranagar,18,2,0,0,15,9,8
whitefield,18,2,0,0,12,10,8
marathahalli,18,2,0,0,14,10,8
hsr_layout,18,2,0,0,13,10,8
jp_nagar,18,2,0,0,11,10,6
electronic_city,18,2,0,0,10,7,7
hebbal,18,2,0,0,9,6,7
koramangala,19,2,0,0,18,39,33
indiranagar,19,2,0,0,15,31,29
whitefield,19,2,0,0,12,20,23
marathahalli,19,2,0,0,14,23,24
hsr_layout,19,2,0,0,13,24,25
jp_nagar,19,2,0,0,11,17,18
electronic_city,19,2,0,0,10,20,18
hebbal,19,2,0,0,9,14,21
koramangala,20,2,0,0,18,28,33
indiranagar,20,2,0,0,15,23,23
whitefield,20,2,0,0,12,24,24
marathahalli,20,2,0,0,14,27,26
hsr_layout,20,2,0,0,13,25,23
jp_nagar,20,2,0,0,11,17,18
electronic_city,20,2,0,0,10,20,20
hebbal,20,2,0,0,9,19,17
koramangala,21,2,0,0,18,40,36
indiranagar,21,2,0,0,15,26,29
whitefield,21,2,0,0,12,20,23
marathahalli,21,2,0,0,14,23,22
hsr_layout,21,2,0,0,13,28,22
jp_nagar,21,2,0,0,11,23,20
electronic_city,21,2,0,0,10,21,20
hebbal,21,2,0,0,9,20,17
koramangala,22,2,0,0,18,15,15
indiranagar,22,2,0,0,15,9,16
whitefield,22,2,0,0,12,10,9
marathahalli,22,2,0,0,14,9,10
hsr_layout,22,2,0,0,13,9,10
jp_nagar,22,2,0,0,11,7,8
electronic_city,22,2,0,0,10,8,3
hebbal,22,2,0,0,9,6,5
koramangala,23,2,0,0,18,11,12
indiranagar,23,2,0,0,15,10,10
whitefield,23,2,0,0,12,8,9
marathahalli,23,2,0,0,14,12,14
hsr_layout,23,2,0,0,13,10,9
jp_nagar,23,2,0,0,11,7,6
electronic_city,23,2,0,0,10,8,9
hebbal,23,2,0,0,9,6,3
koramangala,0,3,0,0,18,3,3
indiranagar,0,3,0,0,15,3,3
whitefield,0,3,0,0,12,2,0
marathahalli,0,3,0,0,14,2,3
hsr_layout,0,3,0,0,13,2,2
jp_nagar,0,3,0,0,11,2,1
electronic_city,0,3,0,0,10,1,1
hebbal,0,3,0,0,9,1,4
koramangala,1,3,0,0,18,3,3
indiranagar,1,3,0,0,15,2,3
whitefield,1,3,0,0,12,2,1
marathahalli,1,3,0,0,14,3,0
hsr_layout,1,3,0,0,13,2,3
jp_nagar,1,3,0,0,11,1,0
electronic_city,1,3,0,0,10,1,1
hebbal,1,3,0,0,9,2,0
koramangala,2,3,0,0,18,3,3
indiranagar,2,3,0,0,15,3,2
whitefield,2,3,0,0,12,2,3
marathahalli,2,3,0,0,14,2,2
hsr_layout,2,3,0,0,13,2,1
jp_nagar,2,3,0,0,11,2,0
electronic_city,2,3,0,0,10,2,0
hebbal,2,3,0,0,9,1,1
koramangala,3,3,0,0,18,3,4
indiranagar,3,3,0,0,15,2,0
whitefield,3,3,0,0,12,2,3
marathahalli,3,3,0,0,14,2,4
hsr_layout,3,3,0,0,13,3,2
jp_nagar,3,3,0,0,11,2,4
electronic_city,3,3,0,0,10,2,0
hebbal,3,3,0,0,9,1,0
koramangala,4,3,0,0,18,3,0
indiranagar,4,3,0,0,15,3,4
whitefield,4,3,0,0,12,2,2
marathahalli,4,3,0,0,14,3,2
hsr_layout,4,3,0,0,13,2,2
jp_nagar,4,3,0,0,11,2,0
electronic_city,4,3,0,0,10,2,5
hebbal,4,3,0,0,9,1,1
koramangala,5,3,0,0,18,2,3
indiranagar,5,3,0,0,15,2,3
whitefield,5,3,0,0,12,1,2
marathahalli,5,3,0,0,14,2,2
hsr_layout,5,3,0,0,13,2,0
jp_nagar,5,3,0,0,11,1,2
electronic_city,5,3,0,0,10,2,4
hebbal,5,3,0,0,9,1,3
koramangala,6,3,0,0,18,14,17
indiranagar,6,3,0,0,15,13,10
whitefield,6,3,0,0,12,10,8
marathahalli,6,3,0,0,14,10,10
hsr_layout,6,3,0,0,13,8,9
jp_nagar,6,3,0,0,11,7,10
electronic_city,6,3,0,0,10,7,5
hebbal,6,3,0,0,9,7,8
koramangala,7,3,0,0,18,19,20
indiranagar,7,3,0,0,15,17,17
whitefield,7,3,0,0,12,12,11
marathahalli,7,3,0,0,14,15,13
hsr_layout,7,3,0,0,13,14,17
jp_nagar,7,3,0,0,11,14,13
electronic_city,7,3,0,0,10,9,8
hebbal,7,3,0,0,9,11,8
koramangala,8,3,0,0,18,23,21
indiranagar,8,3,0,0,15,20,22
whitefield,8,3,0,0,12,13,13
marathahalli,8,3,0,0,14,14,13
hsr_layout,8,3,0,0,13,18,15
jp_nagar,8,3,0,0,11,12,12
electronic_city,8,3,0,0,10,14,6
hebbal,8,3,0,0,9,10,10
koramangala,9,3,0,0,18,24,21
indiranagar,9,3,0,0,15,20,20
whitefield,9,3,0,0,12,15,16
marathahalli,9,3,0,0,14,17,17
hsr_layout,9,3,0,0,13,14,13
jp_nagar,9,3,0,0,11,11,10
electronic_city,9,3,0,0,10,14,14
hebbal,9,3,0,0,9,9,9
koramangala,10,3,0,0,18,11,15
indiranagar,10,3,0,0,15,10,11
whitefield,10,3,0,0,12,10,10
marathahalli,10,3,0,0,14,9,9
hsr_layout,10,3,0,0,13,11,8
jp_nagar,10,3,0,0,11,8,6
electronic_city,10,3,0,0,10,9,7
hebbal,10,3,0,0,9,8,5
koramangala,11,3,0,0,18,28,26
indiranagar,11,3,0,0,15,25,22
whitefield,11,3,0,0,12,18,16
marathahalli,11,3,0,0,14,24,24
hsr_layout,11,3,0,0,13,21,15
jp_nagar,11,3,0,0,11,19,18
electronic_city,11,3,0,0,10,18,16
hebbal,11,3,0,0,9,16,12
koramangala,12,3,0,0,18,28,25
indiranagar,12,3,0,0,15,22,23
whitefield,12,3,0,0,12,22,18
marathahalli,12,3,0,0,14,25,17
hsr_layout,12,3,0,0,13,18,19
jp_nagar,12,3,0,0,11,20,19
electronic_city,12,3,0,0,10,13,18
hebbal,12,3,0,0,9,16,14
koramangala,13,3,0,0,18,31,27
indiranagar,13,3,0,0,15,27,19
whitefield,13,3,0,0,12,18,20
marathahalli,13,3,0,0,14,19,22
hsr_layout,13,3,0,0,13,19,15
jp_nagar,13,3,0,0,11,14,18
electronic_city,13,3,0,0,10,14,17
hebbal,13,3,0,0,9,13,11
koramangala,14,3,0,0,18,16,16
indiranagar,14,3,0,0,15,12,13
whitefield,14,3,0,0,12,8,7
marathahalli,14,3,0,0,14,12,12
hsr_layout,14,3,0,0,13,8,9
jp_nagar,14,3,0,0,11,8,7
electronic_city,14,3,0,0,10,6,7
hebbal,14,3,0,0,9,8,6
koramangala,15,3,0,0,18,15,14
indiranagar,15,3,0,0,15,10,9
whitefield,15,3,0,0,12,8,9
marathahalli,15,3,0,0,14,10,11
hsr_layout,15,3,0,0,13,10,8
jp_nagar,15,3,0,0,11,10,10
electronic_city,15,3,0,0,10,6,6
hebbal,15,3,0,0,9,6,3
koramangala,16,3,0,0,18,13,11
indiranagar,16,3,0,0,15,10,11
whitefield,16,3,0,0,12,10,6
marathahalli,16,3,0,0,14,13,11
hsr_layout,16,3,0,0,13,10,6
jp_nagar,16,3,0,0,11,10,10
electronic_city,16,3,0,0,10,7,7
hebbal,16,3,0,0,9,7,7
koramangala,17,3,0,0,18,12,11
indiranagar,17,3,0,0,15,13,11
whitefield,17,3,0,0,12,10,8
marathahalli,17,3,0,0,14,12,12
hsr_layout,17,3,0,0,13,9,8
jp_nagar,17,3,0,0,11,8,9
electronic_city,17,3,0,0,10,6,7
hebbal,17,3,0,0,9,7,6
koramangala,18,3,0,0,18,15,15
indiranagar,18,3,0,0,15,9,9
whitefield,18,3,0,0,12,9,6
marathahalli,18,3,0,0,14,9,11
hsr_layout,18,3,0,0,13,8,11
jp_nagar,18,3,0,0,11,8,9
electronic_city,18,3,0,0,10,8,7
hebbal,18,3,0,0,9,7,6
koramangala,19,3,0,0,18,32,36
indiranagar,19,3,0,0,15,32,25
whitefield,19,3,0,0,12,19,21
marathahalli,19,3,0,0,14,30,26
hsr_layout,19,3,0,0,13,28,23
jp_nagar,19,3,0,0,11,24,17
electronic_city,19,3,0,0,10,18,22
hebbal,19,3,0,0,9,17,18
koramangala,20,3,0,0,18,37,29
indiranagar,20,3,0,0,15,29,32
whitefield,20,3,0,0,12,23,23
marathahalli,20,3,0,0,14,22,28
hsr_layout,20,3,0,0,13,22,22
jp_nagar,20,3,0,0,11,20,20
electronic_city,20,3,0,0,10,17,15
hebbal,20,3,0,0,9,19,16
koramangala,21,3,0,0,18,41,31
indiranagar,21,3,0,0,15,33,30
whitefield,21,3,0,0,12,18,23
marathahalli,21,3,0,0,14,25,27
hsr_layout,21,3,0,0,13,26,27
jp_nagar,21,3,0,0,11,17,18
electronic_city,21,3,0,0,10,21,14
hebbal,21,3,0,0,9,14,15
koramangala,22,3,0,0,18,13,11
indiranagar,22,3,0,0,15,12,13
whitefield,22,3,0,0,12,10,8
marathahalli,22,3,0,0,14,10,15
hsr_layout,22,3,0,0,13,10,10
jp_nagar,22,3,0,0,11,8,9
electronic_city,22,3,0,0,10,7,5
hebbal,22,3,0,0,9,7,8
koramangala,23,3,0,0,18,13,13
indiranagar,23,3,0,0,15,10,11
whitefield,23,3,0,0,12,9,14
marathahalli,23,3,0,0,14,10,11
hsr_layout,23,3,0,0,13,10,10
jp_nagar,23,3,0,0,11,10,6
electronic_city,23,3,0,0,10,9,6
hebbal,23,3,0,0,9,6,9
koramangala,0,4,0,0,18,3,2
indiranagar,0,4,0,0,15,2,5
whitefield,0,4,0,0,12,2,3
marathahalli,0,4,0,0,14,3,2
hsr_layout,0,4,0,0,13,2,2
jp_nagar,0,4,0,0,11,2,2
electronic_city,0,4,0,0,10,1,1
hebbal,0,4,0,0,9,2,0
koramangala,1,4,0,0,18,3,1
indiranagar,1,4,0,0,15,3,2
whitefield,1,4,0,0,12,2,1
marathahalli,1,4,0,0,14,2,3
hsr_layout,1,4,0,0,13,2,2
jp_nagar,1,4,0,0,11,2,0
electronic_city,1,4,0,0,10,1,2
hebbal,1,4,0,0,9,1,1
koramangala,2,4,0,0,18,3,3
indiranagar,2,4,0,0,15,3,4
whitefield,2,4,0,0,12,2,3
marathahalli,2,4,0,0,14,3,2
hsr_layout,2,4,0,0,13,3,1
jp_nagar,2,4,0,0,11,1,0
electronic_city,2,4,0,0,10,1,1
hebbal,2,4,0,0,9,1,1
koramangala,3,4,0,0,18,4,4
indiranagar,3,4,0,0,15,3,0
whitefield,3,4,0,0,12,2,0
marathahalli,3,4,0,0,14,2,3
hsr_layout,3,4,0,0,13,2,1
jp_nagar,3,4,0,0,11,1,3
electronic_city,3,4,0,0,10,1,2
hebbal,3,4,0,0,9,1,1
koramangala,4,4,0,0,18,4,4
indiranagar,4,4,0,0,15,3,1
whitefield,4,4,0,0,12,1,2
marathahalli,4,4,0,0,14,2,1
hsr_layout,4,4,0,0,13,2,1
jp_nagar,4,4,0,0,11,2,1
electronic_city,4,4,0,0,10,2,1
hebbal,4,4,0,0,9,2,0
koramangala,5,4,0,0,18,4,4
indiranagar,5,4,0,0,15,2,0
whitefield,5,4,0,0,12,1,1
marathahalli,5,4,0,0,14,2,1
hsr_layout,5,4,0,0,13,2,4
jp_nagar,5,4,0,0,11,2,2
electronic_city,5,4,0,0,10,2,3
hebbal,5,4,0,0,9,1,0
koramangala,6,4,0,0,18,14,13
indiranagar,6,4,0,0,15,11,12
whitefield,6,4,0,0,12,8,8
marathahalli,6,4,0,0,14,10,11
hsr_layout,6,4,0,0,13,10,8
jp_nagar,6,4,0,0,11,10,9
electronic_city,6,4,0,0,10,7,11
hebbal,6,4,0,0,9,6,6
koramangala,7,4,0,0,18,21,20
indiranagar,7,4,0,0,15,17,18
whitefield,7,4,0,0,12,11,18
marathahalli,7,4,0,0,14,16,18
hsr_layout,7,4,0,0,13,13,13
jp_nagar,7,4,0,0,11,10,12
electronic_city,7,4,0,0,10,13,9
hebbal,7,4,0,0,9,10,8
koramangala,8,4,0,0,18,24,19
indiranagar,8,4,0,0,15,20,17
whitefield,8,4,0,0,12,15,12
marathahalli,8,4,0,0,14,16,17
hsr_layout,8,4,0,0,13,13,17
jp_nagar,8,4,0,0,11,10,11
electronic_city,8,4,0,0,10,13,12
hebbal,8,4,0,0,9,12,10
koramangala,9,4,0,0,18,18,23
indiranagar,9,4,0,0,15,17,20
whitefield,9,4,0,0,12,13,14
marathahalli,9,4,0,0,14,18,15
hsr_layout,9,4,0,0,13,15,15
jp_nagar,9,4,0,0,11,10,11
electronic_city,9,4,0,0,10,11,11
hebbal,9,4,0,0,9,10,14
koramangala,10,4,0,0,18,14,12
indiranagar,10,4,0,0,15,12,9
whitefield,10,4,0,0,12,11,9
marathahalli,10,4,0,0,14,10,9
hsr_layout,10,4,0,0,13,11,9
jp_nagar,10,4,0,0,11,9,9
electronic_city,10,4,0,0,10,9,9
hebbal,10,4,0,0,9,7,7
koramangala,11,4,0,0,18,29,29
indiranagar,11,4,0,0,15,26,25
whitefield,11,4,0,0,12,15,18
marathahalli,11,4,0,0,14,26,24
hsr_layout,11,4,0,0,13,23,21
jp_nagar,11,4,0,0,11,19,15
electronic_city,11,4,0,0,10,13,18
hebbal,11,4,0,0,9,15,17
koramangala,12,4,0,0,18,24,29
indiranagar,12,4,0,0,15,19,26
whitefield,12,4,0,0,12,16,16
marathahalli,12,4,0,0,14,20,20
hsr_layout,12,4,0,0,13,22,20
jp_nagar,12,4,0,0,11,19,22
electronic_city,12,4,0,0,10,18,16
hebbal,12,4,0,0,9,11,10
koramangala,13,4,0,0,18,25,24
indiranagar,13,4,0,0,15,25,22
whitefield,13,4,0,0,12,17,16
marathahalli,13,4,0,0,14,26,23
hsr_layout,13,4,0,0,13,19,21
jp_nagar,13,4,0,0,11,19,18
electronic_city,13,4,0,0,10,17,15
hebbal,13,4,0,0,9,12,14
koramangala,14,4,0,0,18,14,16
indiranagar,14,4,0,0,15,14,10
whitefield,14,4,0,0,12,8,7
marathahalli,14,4,0,0,14,12,11
hsr_layout,14,4,0,0,13,9,12
jp_nagar,14,4,0,0,11,9,10
electronic_city,14,4,0,0,10,6,8
hebbal,14,4,0,0,9,6,7
koramangala,15,4,0,0,18,16,16
indiranagar,15,4,0,0,15,13,12
whitefield,15,4,0,0,12,8,11
marathahalli,15,4,0,0,14,10,11
hsr_layout,15,4,0,0,13,9,11
jp_nagar,15,4,0,0,11,7,9
electronic_city,15,4,0,0,10,9,10
hebbal,15,4,0,0,9,6,7
koramangala,16,4,0,0,18,14,12
indiranagar,16,4,0,0,15,12,12
whitefield,16,4,0,0,12,10,9
marathahalli,16,4,0,0,14,10,9
hsr_layout,16,4,0,0,13,8,11
jp_nagar,16,4,0,0,11,7,7
electronic_city,16,4,0,0,10,9,7
hebbal,16,4,0,0,9,8,9
koramangala,17,4,0,0,18,14,13
indiranagar,17,4,0,0,15,14,11
whitefield,17,4,0,0,12,10,7
marathahalli,17,4,0,0,14,9,12
hsr_layout,17,4,0,0,13,10,11
jp_nagar,17,4,0,0,11,10,12
electronic_city,17,4,0,0,10,6,7
hebbal,17,4,0,0,9,6,8
koramangala,18,4,0,0,18,17,13
indiranagar,18,4,0,0,15,11,15
whitefield,18,4,0,0,12,11,9
marathahalli,18,4,0,0,14,12,9
hsr_layout,18,4,0,0,13,10,9
jp_nagar,18,4,0,0,11,10,8
electronic_city,18,4,0,0,10,9,7
hebbal,18,4,0,0,9,7,8
koramangala,19,4,0,0,18,39,34
indiranagar,19,4,0,0,15,24,23
whitefield,19,4,0,0,12,19,22
marathahalli,19,4,0,0,14,24,22
hsr_layout,19,4,0,0,13,27,27
jp_nagar,19,4,0,0,11,21,19
electronic_city,19,4,0,0,10,16,20
hebbal,19,4,0,0,9,19,18
koramangala,20,4,0,0,18,34,31
indiranagar,20,4,0,0,15,30,24
whitefield,20,4,0,0,12,19,20
marathahalli,20,4,0,0,14,23,26
hsr_layout,20,4,0,0,13,22,23
jp_nagar,20,4,0,0,11,24,15
electronic_city,20,4,0,0,10,20,16
hebbal,20,4,0,0,9,18,17
koramangala,21,4,0,0,18,28,28
indiranagar,21,4,0,0,15,26,28
whitefield,21,4,0,0,12,22,25
marathahalli,21,4,0,0,14,28,24
hsr_layout,21,4,0,0,13,20,25
jp_nagar,21,4,0,0,11,19,22
electronic_city,21,4,0,0,10,16,16
hebbal,21,4,0,0,9,14,17
koramangala,22,4,0,0,18,15,16
indiranagar,22,4,0,0,15,12,9
whitefield,22,4,0,0,12,9,7
marathahalli,22,4,0,0,14,9,8
hsr_layout,22,4,0,0,13,11,10
jp_nagar,22,4,0,0,11,7,8
electronic_city,22,4,0,0,10,8,5
hebbal,22,4,0,0,9,7,6
koramangala,23,4,0,0,18,14,12
indiranagar,23,4,0,0,15,12,12
whitefield,23,4,0,0,12,8,8
marathahalli,23,4,0,0,14,9,11
hsr_layout,23,4,0,0,13,10,9
jp_nagar,23,4,0,0,11,8,9
electronic_city,23,4,0,0,10,7,8
hebbal,23,4,0,0,9,7,6
koramangala,0,5,1,0,18,5,4
indiranagar,0,5,1,0,15,3,5
whitefield,0,5,1,0,12,3,3
marathahalli,0,5,1,0,14,2,4
hsr_layout,0,5,1,0,13,2,2
jp_nagar,0,5,1,0,11,3,4
electronic_city,0,5,1,0,10,3,0
hebbal,0,5,1,0,9,2,4
koramangala,1,5,1,0,18,5,4
indiranagar,1,5,1,0,15,4,0
whitefield,1,5,1,0,12,3,3
marathahalli,1,5,1,0,14,4,2
hsr_layout,1,5,1,0,13,3,4
jp_nagar,1,5,1,0,11,3,1
electronic_city,1,5,1,0,10,2,1
hebbal,1,5,1,0,9,2,0
koramangala,2,5,1,0,18,4,3
indiranagar,2,5,1,0,15,3,0
whitefield,2,5,1,0,12,2,0
marathahalli,2,5,1,0,14,3,4
hsr_layout,2,5,1,0,13,3,4
jp_nagar,2,5,1,0,11,2,2
electronic_city,2,5,1,0,10,2,0
hebbal,2,5,1,0,9,2,1
koramangala,3,5,1,0,18,5,3
indiranagar,3,5,1,0,15,4,2
whitefield,3,5,1,0,12,2,4
marathahalli,3,5,1,0,14,3,4
hsr_layout,3,5,1,0,13,3,2
jp_nagar,3,5,1,0,11,2,3
electronic_city,3,5,1,0,10,2,2
hebbal,3,5,1,0,9,2,0
koramangala,4,5,1,0,18,3,3
indiranagar,4,5,1,0,15,3,2
whitefield,4,5,1,0,12,3,0
marathahalli,4,5,1,0,14,3,2
hsr_layout,4,5,1,0,13,3,5
jp_nagar,4,5,1,0,11,2,2
electronic_city,4,5,1,0,10,2,1
hebbal,4,5,1,0,9,1,2
koramangala,5,5,1,0,18,5,7
indiranagar,5,5,1,0,15,4,4
whitefield,5,5,1,0,12,3,3
marathahalli,5,5,1,0,14,4,2
hsr_layout,5,5,1,0,13,3,4
jp_nagar,5,5,1,0,11,2,2
electronic_city,5,5,1,0,10,2,3
hebbal,5,5,1,0,9,2,2
koramangala,6,5,1,0,18,17,20
indiranagar,6,5,1,0,15,17,16
whitefield,6,5,1,0,12,12,15
marathahalli,6,5,1,0,14,14,12
hsr_layout,6,5,1,0,13,12,15
jp_nagar,6,5,1,0,11,12,10
electronic_city,6,5,1,0,10,11,11
hebbal,6,5,1,0,9,10,8
koramangala,7,5,1,0,18,25,28
indiranagar,7,5,1,0,15,24,25
whitefield,7,5,1,0,12,16,19
marathahalli,7,5,1,0,14,23,22
hsr_layout,7,5,1,0,13,20,22
jp_nagar,7,5,1,0,11,16,18
electronic_city,7,5,1,0,10,12,16
hebbal,7,5,1,0,9,16,15
koramangala,8,5,1,0,18,33,29
indiranagar,8,5,1,0,15,20,24
whitefield,8,5,1,0,12,16,21
marathahalli,8,5,1,0,14,22,23
hsr_layout,8,5,1,0,13,19,20
jp_nagar,8,5,1,0,11,16,13
electronic_city,8,5,1,0,10,15,14
hebbal,8,5,1,0,9,11,13
koramangala,9,5,1,0,18,27,30
indiranagar,9,5,1,0,15,27,22
whitefield,9,5,1,0,12,18,18
marathahalli,9,5,1,0,14,19,21
hsr_layout,9,5,1,0,13,18,20
jp_nagar,9,5,1,0,11,17,13
electronic_city,9,5,1,0,10,13,14
hebbal,9,5,1,0,9,13,16
koramangala,10,5,1,0,18,18,21
indiranagar,10,5,1,0,15,16,13
whitefield,10,5,1,0,12,14,15
marathahalli,10,5,1,0,14,15,13
hsr_layout,10,5,1,0,13,11,13
jp_nagar,10,5,1,0,11,9,13
electronic_city,10,5,1,0,10,10,11
hebbal,10,5,1,0,9,9,6
koramangala,11,5,1,0,18,30,34
indiranagar,11,5,1,0,15,35,37
whitefield,11,5,1,0,12,26,25
marathahalli,11,5,1,0,14,28,32
hsr_layout,11,5,1,0,13,24,28
jp_nagar,11,5,1,0,11,18,22
electronic_city,11,5,1,0,10,19,20
hebbal,11,5,1,0,9,19,17
koramangala,12,5,1,0,18,37,36
indiranagar,12,5,1,0,15,25,32
whitefield,12,5,1,0,12,20,25
marathahalli,12,5,1,0,14,26,32
hsr_layout,12,5,1,0,13,21,30
jp_nagar,12,5,1,0,11,24,19
electronic_city,12,5,1,0,10,24,19
hebbal,12,5,1,0,9,15,13
koramangala,13,5,1,0,18,32,36
indiranagar,13,5,1,0,15,35,27
whitefield,13,5,1,0,12,23,22
marathahalli,13,5,1,0,14,28,30
hsr_layout,13,5,1,0,13,32,23
jp_nagar,13,5,1,0,11,24,25
electronic_city,13,5,1,0,10,22,22
hebbal,13,5,1,0,9,20,16
koramangala,14,5,1,0,18,17,19
indiranagar,14,5,1,0,15,12,11
whitefield,14,5,1,0,12,10,13
marathahalli,14,5,1,0,14,14,14
hsr_layout,14,5,1,0,13,13,11
jp_nagar,14,5,1,0,11,9,10
electronic_city,14,5,1,0,10,8,11
hebbal,14,5,1,0,9,10,11
koramangala,15,5,1,0,18,18,15
indiranagar,15,5,1,0,15,12,16
whitefield,15,5,1,0,12,14,11
marathahalli,15,5,1,0,14,11,19
hsr_layout,15,5,1,0,13,12,15
jp_nagar,15,5,1,0,11,11,12
electronic_city,15,5,1,0,10,11,11
hebbal,15,5,1,0,9,7,8
koramangala,16,5,1,0,18,16,19
indiranagar,16,5,1,0,15,14,16
whitefield,16,5,1,0,12,11,12
marathahalli,16,5,1,0,14,12,15
hsr_layout,16,5,1,0,13,14,14
jp_nagar,16,5,1,0,11,13,9
electronic_city,16,5,1,0,10,10,12
hebbal,16,5,1,0,9,8,9
koramangala,17,5,1,0,18,22,18
indiranagar,17,5,1,0,15,17,10
whitefield,17,5,1,0,12,11,15
marathahalli,17,5,1,0,14,14,13
hsr_layout,17,5,1,0,13,15,14
jp_nagar,17,5,1,0,11,12,6
electronic_city,17,5,1,0,10,8,13
hebbal,17,5,1,0,9,10,8
koramangala,18,5,1,0,18,15,17
indiranagar,18,5,1,0,15,16,14
whitefield,18,5,1,0,12,13,11
marathahalli,18,5,1,0,14,12,10
hsr_layout,18,5,1,0,13,12,11
jp_nagar,18,5,1,0,11,10,12
electronic_city,18,5,1,0,10,9,9
hebbal,18,5,1,0,9,9,9
koramangala,19,5,1,0,18,36,43
indiranagar,19,5,1,0,15,31,38
whitefield,19,5,1,0,12,27,28
marathahalli,19,5,1,0,14,31,33
hsr_layout,19,5,1,0,13,26,38
jp_nagar,19,5,1,0,11,31,30
electronic_city,19,5,1,0,10,25,22
hebbal,19,5,1,0,9,21,20
koramangala,20,5,1,0,18,40,45
indiranagar,20,5,1,0,15,30,37
whitefield,20,5,1,0,12,28,29
marathahalli,20,5,1,0,14,28,30
hsr_layout,20,5,1,0,13,28,35
jp_nagar,20,5,1,0,11,28,22
electronic_city,20,5,1,0,10,20,23
hebbal,20,5,1,0,9,26,19
koramangala,21,5,1,0,18,46,47
indiranagar,21,5,1,0,15,34,35
whitefield,21,5,1,0,12,33,32
marathahalli,21,5,1,0,14,41,30
hsr_layout,21,5,1,0,13,29,38
jp_nagar,21,5,1,0,11,23,25
electronic_city,21,5,1,0,10,29,27
hebbal,21,5,1,0,9,20,24
koramangala,22,5,1,0,18,18,20
indiranagar,22,5,1,0,15,13,13
whitefield,22,5,1,0,12,14,12
marathahalli,22,5,1,0,14,12,15
hsr_layout,22,5,1,0,13,14,12
jp_nagar,22,5,1,0,11,12,13
electronic_city,22,5,1,0,10,12,9
hebbal,22,5,1,0,9,10,9
koramangala,23,5,1,0,18,17,18
indiranagar,23,5,1,0,15,17,16
whitefield,23,5,1,0,12,12,10
marathahalli,23,5,1,0,14,15,10
hsr_layout,23,5,1,0,13,14,16
jp_nagar,23,5,1,0,11,12,7
electronic_city,23,5,1,0,10,12,8
hebbal,23,5,1,0,9,8,5
koramangala,0,6,1,0,18,5,3
indiranagar,0,6,1,0,15,4,1
whitefield,0,6,1,0,12,3,5
marathahalli,0,6,1,0,14,3,4
hsr_layout,0,6,1,0,13,3,1
jp_nagar,0,6,1,0,11,2,5
electronic_city,0,6,1,0,10,2,3
hebbal,0,6,1,0,9,2,1
koramangala,1,6,1,0,18,5,1
indiranagar,1,6,1,0,15,3,6
whitefield,1,6,1,0,12,2,0
marathahalli,1,6,1,0,14,3,0
hsr_layout,1,6,1,0,13,3,4
jp_nagar,1,6,1,0,11,2,6
electronic_city,1,6,1,0,10,2,4
hebbal,1,6,1,0,9,2,2
koramangala,2,6,1,0,18,3,4
indiranagar,2,6,1,0,15,4,4
whitefield,2,6,1,0,12,3,3
marathahalli,2,6,1,0,14,3,3
hsr_layout,2,6,1,0,13,2,3
jp_nagar,2,6,1,0,11,2,1
electronic_city,2,6,1,0,10,2,0
hebbal,2,6,1,0,9,2,1
koramangala,3,6,1,0,18,3,2
indiranagar,3,6,1,0,15,4,3
whitefield,3,6,1,0,12,2,1
marathahalli,3,6,1,0,14,3,1
hsr_layout,3,6,1,0,13,2,3
jp_nagar,3,6,1,0,11,3,4
electronic_city,3,6,1,0,10,2,3
hebbal,3,6,1,0,9,2,0
koramangala,4,6,1,0,18,3,2
indiranagar,4,6,1,0,15,3,5
whitefield,4,6,1,0,12,2,1
marathahalli,4,6,1,0,14,3,2
hsr_layout,4,6,1,0,13,3,2
jp_nagar,4,6,1,0,11,2,1
electronic_city,4,6,1,0,10,2,2
hebbal,4,6,1,0,9,2,0
koramangala,5,6,1,0,18,5,3
indiranagar,5,6,1,0,15,4,4
whitefield,5,6,1,0,12,3,0
marathahalli,5,6,1,0,14,3,4
hsr_layout,5,6,1,0,13,3,2
jp_nagar,5,6,1,0,11,3,2
electronic_city,5,6,1,0,10,2,2
hebbal,5,6,1,0,9,1,4
koramangala,6,6,1,0,18,17,16
indiranagar,6,6,1,0,15,16,14
whitefield,6,6,1,0,12,12,11
marathahalli,6,6,1,0,14,13,13
hsr_layout,6,6,1,0,13,14,14
jp_nagar,6,6,1,0,11,12,13
electronic_city,6,6,1,0,10,10,8
hebbal,6,6,1,0,9,8,7
koramangala,7,6,1,0,18,27,21
indiranagar,7,6,1,0,15,22,21
whitefield,7,6,1,0,12,15,18
marathahalli,7,6,1,0,14,25,19
hsr_layout,7,6,1,0,13,20,19
jp_nagar,7,6,1,0,11,16,19
electronic_city,7,6,1,0,10,15,12
hebbal,7,6,1,0,9,11,16
koramangala,8,6,1,0,18,25,24
indiranagar,8,6,1,0,15,23,21
whitefield,8,6,1,0,12,18,18
marathahalli,8,6,1,0,14,24,25
hsr_layout,8,6,1,0,13,17,15
jp_nagar,8,6,1,0,11,19,18
electronic_city,8,6,1,0,10,14,17
hebbal,8,6,1,0,9,11,14
koramangala,9,6,1,0,18,28,31
indiranagar,9,6,1,0,15,19,24
whitefield,9,6,1,0,12,20,17
marathahalli,9,6,1,0,14,26,20
hsr_layout,9,6,1,0,13,19,23
jp_nagar,9,6,1,0,11,16,22
electronic_city,9,6,1,0,10,17,13
hebbal,9,6,1,0,9,15,11
koramangala,10,6,1,0,18,17,18
indiranagar,10,6,1,0,15,16,17
whitefield,10,6,1,0,12,10,9
marathahalli,10,6,1,0,14,12,14
hsr_layout,10,6,1,0,13,12,14
jp_nagar,10,6,1,0,11,11,9
electronic_city,10,6,1,0,10,11,9
hebbal,10,6,1,0,9,8,12
koramangala,11,6,1,0,18,44,38
indiranagar,11,6,1,0,15,26,34
whitefield,11,6,1,0,12,27,27
marathahalli,11,6,1,0,14,34,30
hsr_layout,11,6,1,0,13,23,29
jp_nagar,11,6,1,0,11,20,22
electronic_city,11,6,1,0,10,23,22
hebbal,11,6,1,0,9,20,16
koramangala,12,6,1,0,18,38,34
indiranagar,12,6,1,0,15,30,27
whitefield,12,6,1,0,12,26,27
marathahalli,12,6,1,0,14,24,30
hsr_layout,12,6,1,0,13,24,27
jp_nagar,12,6,1,0,11,21,25
electronic_city,12,6,1,0,10,19,18
hebbal,12,6,1,0,9,20,18
koramangala,13,6,1,0,18,40,38
indiranagar,13,6,1,0,15,33,29
whitefield,13,6,1,0,12,20,23
marathahalli,13,6,1,0,14,25,27
hsr_layout,13,6,1,0,13,23,25
jp_nagar,13,6,1,0,11,25,21
electronic_city,13,6,1,0,10,21,21
hebbal,13,6,1,0,9,18,15
koramangala,14,6,1,0,18,20,16
indiranagar,14,6,1,0,15,13,13
whitefield,14,6,1,0,12,12,10
marathahalli,14,6,1,0,14,16,12
hsr_layout,14,6,1,0,13,10,13
jp_nagar,14,6,1,0,11,10,13
electronic_city,14,6,1,0,10,8,11
hebbal,14,6,1,0,9,8,10
koramangala,15,6,1,0,18,17,17
indiranagar,15,6,1,0,15,14,14
whitefield,15,6,1,0,12,14,12
marathahalli,15,6,1,0,14,13,13
hsr_layout,15,6,1,0,13,14,15
jp_nagar,15,6,1,0,11,12,12
electronic_city,15,6,1,0,10,8,10
hebbal,15,6,1,0,9,7,7
koramangala,16,6,1,0,18,20,15
indiranagar,16,6,1,0,15,16,16
whitefield,16,6,1,0,12,14,13
marathahalli,16,6,1,0,14,12,13
hsr_layout,16,6,1,0,13,12,12
jp_nagar,16,6,1,0,11,9,8
electronic_city,16,6,1,0,10,11,6
hebbal,16,6,1,0,9,10,10
koramangala,17,6,1,0,18,15,19
indiranagar,17,6,1,0,15,13,11
whitefield,17,6,1,0,12,10,13
marathahalli,17,6,1,0,14,14,18
hsr_layout,17,6,1,0,13,14,11
jp_nagar,17,6,1,0,11,11,13
electronic_city,17,6,1,0,10,11,9
hebbal,17,6,1,0,9,7,9
koramangala,18,6,1,0,18,19,19
indiranagar,18,6,1,0,15,18,13
whitefield,18,6,1,0,12,10,11
marathahalli,18,6,1,0,14,12,14
hsr_layout,18,6,1,0,13,14,11
jp_nagar,18,6,1,0,11,12,13
electronic_city,18,6,1,0,10,11,9
hebbal,18,6,1,0,9,8,7
koramangala,19,6,1,0,18,44,47
indiranagar,19,6,1,0,15,34,30
whitefield,19,6,1,0,12,34,33
marathahalli,19,6,1,0,14,34,29
hsr_layout,19,6,1,0,13,32,34
jp_nagar,19,6,1,0,11,27,31
electronic_city,19,6,1,0,10,29,26
hebbal,19,6,1,0,9,18,25
koramangala,20,6,1,0,18,45,44
indiranagar,20,6,1,0,15,39,39
whitefield,20,6,1,0,12,35,32
marathahalli,20,6,1,0,14,27,28
hsr_layout,20,6,1,0,13,29,25
jp_nagar,20,6,1,0,11,22,28
electronic_city,20,6,1,0,10,24,24
hebbal,20,6,1,0,9,22,20
koramangala,21,6,1,0,18,48,38
indiranagar,21,6,1,0,15,37,38
whitefield,21,6,1,0,12,27,26
marathahalli,21,6,1,0,14,34,31
hsr_layout,21,6,1,0,13,36,32
jp_nagar,21,6,1,0,11,25,25
electronic_city,21,6,1,0,10,28,24
hebbal,21,6,1,0,9,18,22
koramangala,22,6,1,0,18,20,18
indiranagar,22,6,1,0,15,12,13
whitefield,22,6,1,0,12,12,14
marathahalli,22,6,1,0,14,15,14
hsr_layout,22,6,1,0,13,14,13
jp_nagar,22,6,1,0,11,9,14
electronic_city,22,6,1,0,10,11,9
hebbal,22,6,1,0,9,11,8
koramangala,23,6,1,0,18,20,18
indiranagar,23,6,1,0,15,13,12
whitefield,23,6,1,0,12,13,10
marathahalli,23,6,1,0,14,16,15
hsr_layout,23,6,1,0,13,10,14
jp_nagar,23,6,1,0,11,10,9
electronic_city,23,6,1,0,10,11,10
hebbal,23,6,1,0,9,7,10
koramangala,0,0,0,0,18,3,4
indiranagar,0,0,0,0,15,2,0
whitefield,0,0,0,0,12,2,0
marathahalli,0,0,0,0,14,3,3
hsr_layout,0,0,0,0,13,2,0
jp_nagar,0,0,0,0,11,2,1
electronic_city,0,0,0,0,10,1,0
hebbal,0,0,0,0,9,1,0
koramangala,1,0,0,0,18,4,3
indiranagar,1,0,0,0,15,3,4
whitefield,1,0,0,0,12,2,1
marathahalli,1,0,0,0,14,2,0
hsr_layout,1,0,0,0,13,2,1
jp_nagar,1,0,0,0,11,2,2
electronic_city,1,0,0,0,10,2,0
hebbal,1,0,0,0,9,2,2
koramangala,2,0,0,0,18,4,2
indiranagar,2,0,0,0,15,2,2
whitefield,2,0,0,0,12,2,2
marathahalli,2,0,0,0,14,2,0
hsr_layout,2,0,0,0,13,2,3
jp_nagar,2,0,0,0,11,2,1
electronic_city,2,0,0,0,10,1,1
hebbal,2,0,0,0,9,1,0
koramangala,3,0,0,0,18,3,3
indiranagar,3,0,0,0,15,3,0
whitefield,3,0,0,0,12,1,1
marathahalli,3,0,0,0,14,2,4
hsr_layout,3,0,0,0,13,2,0
jp_nagar,3,0,0,0,11,2,0
electronic_city,3,0,0,0,10,2,4
hebbal,3,0,0,0,9,1,0
koramangala,4,0,0,0,18,3,1
indiranagar,4,0,0,0,15,2,3
whitefield,4,0,0,0,12,2,1
marathahalli,4,0,0,0,14,2,5
hsr_layout,4,0,0,0,13,3,3
jp_nagar,4,0,0,0,11,2,1
electronic_city,4,0,0,0,10,2,4
hebbal,4,0,0,0,9,1,0
koramangala,5,0,0,0,18,4,4
indiranagar,5,0,0,0,15,3,2
whitefield,5,0,0,0,12,2,3
marathahalli,5,0,0,0,14,2,4
hsr_layout,5,0,0,0,13,2,2
jp_nagar,5,0,0,0,11,2,0
electronic_city,5,0,0,0,10,1,1
hebbal,5,0,0,0,9,1,0
koramangala,6,0,0,0,18,14,15
indiranagar,6,0,0,0,15,10,11
whitefield,6,0,0,0,12,9,8
marathahalli,6,0,0,0,14,13,10
hsr_layout,6,0,0,0,13,9,6
jp_nagar,6,0,0,0,11,7,5
electronic_city,6,0,0,0,10,8,9
hebbal,6,0,0,0,9,7,5
koramangala,7,0,0,0,18,24,18
indiranagar,7,0,0,0,15,15,16
whitefield,7,0,0,0,12,13,15
marathahalli,7,0,0,0,14,17,16
hsr_layout,7,0,0,0,13,18,14
jp_nagar,7,0,0,0,11,12,11
electronic_city,7,0,0,0,10,13,8
hebbal,7,0,0,0,9,10,13
koramangala,8,0,0,0,18,18,17
indiranagar,8,0,0,0,15,20,19
whitefield,8,0,0,0,12,12,16
marathahalli,8,0,0,0,14,15,17
hsr_layout,8,0,0,0,13,16,15
jp_nagar,8,0,0,0,11,11,17
electronic_city,8,0,0,0,10,9,9
hebbal,8,0,0,0,9,12,11
koramangala,9,0,0,0,18,18,24
indiranagar,9,0,0,0,15,20,17
whitefield,9,0,0,0,12,11,16
marathahalli,9,0,0,0,14,14,17
hsr_layout,9,0,0,0,13,17,15
jp_nagar,9,0,0,0,11,10,14
electronic_city,9,0,0,0,10,10,9
hebbal,9,0,0,0,9,9,8
koramangala,10,0,0,0,18,16,10
indiranagar,10,0,0,0,15,12,8
whitefield,10,0,0,0,12,8,12
marathahalli,10,0,0,0,14,11,7
hsr_layout,10,0,0,0,13,9,8
jp_nagar,10,0,0,0,11,7,8
electronic_city,10,0,0,0,10,8,8
hebbal,10,0,0,0,9,8,8
koramangala,11,0,0,0,18,34,32
indiranagar,11,0,0,0,15,22,23
whitefield,11,0,0,0,12,19,20
marathahalli,11,0,0,0,14,22,21
hsr_layout,11,0,0,0,13,18,18
jp_nagar,11,0,0,0,11,15,21
electronic_city,11,0,0,0,10,17,13
hebbal,11,0,0,0,9,17,15
koramangala,12,0,0,0,18,31,33
indiranagar,12,0,0,0,15,28,22
whitefield,12,0,0,0,12,20,17
marathahalli,12,0,0,0,14,25,23
hsr_layout,12,0,0,0,13,17,23
jp_nagar,12,0,0,0,11,15,18
electronic_city,12,0,0,0,10,17,14
hebbal,12,0,0,0,9,16,15
koramangala,13,0,0,0,18,25,30
indiranagar,13,0,0,0,15,26,25
whitefield,13,0,0,0,12,22,16
marathahalli,13,0,0,0,14,24,27
hsr_layout,13,0,0,0,13,21,21
jp_nagar,13,0,0,0,11,15,23
electronic_city,13,0,0,0,10,18,15
hebbal,13,0,0,0,9,13,11
koramangala,14,0,0,0,18,12,14
indiranagar,14,0,0,0,15,10,12
whitefield,14,0,0,0,12,7,11
marathahalli,14,0,0,0,14,9,10
hsr_layout,14,0,0,0,13,11,10
jp_nagar,14,0,0,0,11,10,6
electronic_city,14,0,0,0,10,6,7
hebbal,14,0,0,0,9,8,5
koramangala,15,0,0,0,18,16,14
indiranagar,15,0,0,0,15,14,11
whitefield,15,0,0,0,12,11,11
marathahalli,15,0,0,0,14,9,10
hsr_layout,15,0,0,0,13,8,7
jp_nagar,15,0,0,0,11,10,9
electronic_city,15,0,0,0,10,9,9
hebbal,15,0,0,0,9,6,7
koramangala,16,0,0,0,18,15,15
indiranagar,16,0,0,0,15,13,11
whitefield,16,0,0,0,12,9,6
marathahalli,16,0,0,0,14,10,11
hsr_layout,16,0,0,0,13,8,10
jp_nagar,16,0,0,0,11,10,9
electronic_city,16,0,0,0,10,7,7
hebbal,16,0,0,0,9,8,5
koramangala,17,0,0,0,18,14,17
indiranagar,17,0,0,0,15,14,9
whitefield,17,0,0,0,12,9,12
marathahalli,17,0,0,0,14,9,11
hsr_layout,17,0,0,0,13,9,11
jp_nagar,17,0,0,0,11,7,10
electronic_city,17,0,0,0,10,6,5
hebbal,17,0,0,0,9,7,5
koramangala,18,0,0,0,18,14,10
indiranagar,18,0,0,0,15,10,11
whitefield,18,0,0,0,12,8,7
marathahalli,18,0,0,0,14,8,13
hsr_layout,18,0,0,0,13,11,10
jp_nagar,18,0,0,0,11,10,8
electronic_city,18,0,0,0,10,7,10
hebbal,18,0,0,0,9,6,10
koramangala,19,0,0,0,18,39,38
indiranagar,19,0,0,0,15,30,26
whitefield,19,0,0,0,12,18,26
marathahalli,19,0,0,0,14,24,25
hsr_layout,19,0,0,0,13,29,22
jp_nagar,19,0,0,0,11,18,19
electronic_city,19,0,0,0,10,20,17
hebbal,19,0,0,0,9,19,14
koramangala,20,0,0,0,18,35,34
indiranagar,20,0,0,0,15,28,23
whitefield,20,0,0,0,12,26,21
marathahalli,20,0,0,0,14,30,24
hsr_layout,20,0,0,0,13,20,22
jp_nagar,20,0,0,0,11,18,24
electronic_city,20,0,0,0,10,20,18
hebbal,20,0,0,0,9,15,14
koramangala,21,0,0,0,18,30,27
indiranagar,21,0,0,0,15,29,28
whitefield,21,0,0,0,12,19,20
marathahalli,21,0,0,0,14,25,23
hsr_layout,21,0,0,0,13,26,27
jp_nagar,21,0,0,0,11,18,17
electronic_city,21,0,0,0,10,16,15
hebbal,21,0,0,0,9,14,20
koramangala,22,0,0,0,18,13,14
indiranagar,22,0,0,0,15,11,12
whitefield,22,0,0,0,12,8,8
marathahalli,22,0,0,0,14,9,10
hsr_layout,22,0,0,0,13,9,9
jp_nagar,22,0,0,0,11,7,9
electronic_city,22,0,0,0,10,7,9
hebbal,22,0,0,0,9,5,9
koramangala,23,0,0,0,18,15,11
indiranagar,23,0,0,0,15,11,10
whitefield,23,0,0,0,12,11,9
marathahalli,23,0,0,0,14,11,9
hsr_layout,23,0,0,0,13,11,10
jp_nagar,23,0,0,0,11,8,8
electronic_city,23,0,0,0,10,7,7
hebbal,23,0,0,0,9,7,3
koramangala,0,1,0,0,18,3,3
indiranagar,0,1,0,0,15,3,2
whitefield,0,1,0,0,12,2,0
marathahalli,0,1,0,0,14,2,0
hsr_layout,0,1,0,0,13,2,1
jp_nagar,0,1,0,0,11,2,4
electronic_city,0,1,0,0,10,1,3
hebbal,0,1,0,0,9,2,0
koramangala,1,1,0,0,18,4,2
indiranagar,1,1,0,0,15,3,2
whitefield,1,1,0,0,12,2,0
marathahalli,1,1,0,0,14,2,2
hsr_layout,1,1,0,0,13,2,3
jp_nagar,1,1,0,0,11,2,3
electronic_city,1,1,0,0,10,2,1
hebbal,1,1,0,0,9,1,0
koramangala,2,1,0,0,18,3,1
indiranagar,2,1,0,0,15,2,1
whitefield,2,1,0,0,12,2,1
marathahalli,2,1,0,0,14,3,2
hsr_layout,2,1,0,0,13,2,3
jp_nagar,2,1,0,0,11,2,0
electronic_city,2,1,0,0,10,1,3
hebbal,2,1,0,0,9,1,0
koramangala,3,1,0,0,18,2,2
indiranagar,3,1,0,0,15,2,1
whitefield,3,1,0,0,12,2,0
marathahalli,3,1,0,0,14,3,3
hsr_layout,3,1,0,0,13,2,3
jp_nagar,3,1,0,0,11,2,1
electronic_city,3,1,0,0,10,1,2
hebbal,3,1,0,0,9,1,1
koramangala,4,1,0,0,18,3,0
indiranagar,4,1,0,0,15,2,2
whitefield,4,1,0,0,12,2,3
marathahalli,4,1,0,0,14,2,1
hsr_layout,4,1,0,0,13,2,2
jp_nagar,4,1,0,0,11,2,0
electronic_city,4,1,0,0,10,1,2
hebbal,4,1,0,0,9,1,0
koramangala,5,1,0,0,18,4,0
indiranagar,5,1,0,0,15,3,3
whitefield,5,1,0,0,12,2,0
marathahalli,5,1,0,0,14,2,1
hsr_layout,5,1,0,0,13,2,2
jp_nagar,5,1,0,0,11,1,3
electronic_city,5,1,0,0,10,2,0
hebbal,5,1,0,0,9,1,2
koramangala,6,1,0,0,18,15,13
indiranagar,6,1,0,0,15,13,13
whitefield,6,1,0,0,12,10,8
marathahalli,6,1,0,0,14,9,9
hsr_layout,6,1,0,0,13,10,7
jp_nagar,6,1,0,0,11,10,9
electronic_city,6,1,0,0,10,7,5
hebbal,6,1,0,0,9,8,2
koramangala,7,1,0,0,18,23,20
indiranagar,7,1,0,0,15,17,17
whitefield,7,1,0,0,12,14,12
marathahalli,7,1,0,0,14,19,15
hsr_layout,7,1,0,0,13,16,14
jp_nagar,7,1,0,0,11,12,14
electronic_city,7,1,0,0,10,13,12
hebbal,7,1,0,0,9,8,10
koramangala,8,1,0,0,18,22,21
indiranagar,8,1,0,0,15,14,18
whitefield,8,1,0,0,12,16,12
marathahalli,8,1,0,0,14,19,15
hsr_layout,8,1,0,0,13,15,14
jp_nagar,8,1,0,0,11,12,10
electronic_city,8,1,0,0,10,11,12
hebbal,8,1,0,0,9,12,12
koramangala,9,1,0,0,18,18,21
indiranagar,9,1,0,0,15,19,18
whitefield,9,1,0,0,12,13,14
marathahalli,9,1,0,0,14,17,12
hsr_layout,9,1,0,0,13,13,14
jp_nagar,9,1,0,0,11,15,12
electronic_city,9,1,0,0,10,13,10
hebbal,9,1,0,0,9,11,16
koramangala,10,1,0,0,18,13,12
indiranagar,10,1,0,0,15,13,11
whitefield,10,1,0,0,12,10,9
marathahalli,10,1,0,0,14,11,12
hsr_layout,10,1,0,0,13,11,11
jp_nagar,10,1,0,0,11,9,7
electronic_city,10,1,0,0,10,7,8
hebbal,10,1,0,0,9,6,4
koramangala,11,1,0,0,18,31,31
indiranagar,11,1,0,0,15,21,26
whitefield,11,1,0,0,12,17,18
marathahalli,11,1,0,0,14,24,26
hsr_layout,11,1,0,0,13,22,20
jp_nagar,11,1,0,0,11,20,20
electronic_city,11,1,0,0,10,18,14
hebbal,11,1,0,0,9,12,10
koramangala,12,1,0,0,18,26,30
indiranagar,12,1,0,0,15,26,22
whitefield,12,1,0,0,12,20,17
marathahalli,12,1,0,0,14,18,20
hsr_layout,12,1,0,0,13,22,17
jp_nagar,12,1,0,0,11,19,16
electronic_city,12,1,0,0,10,14,18
hebbal,12,1,0,0,9,16,12
koramangala,13,1,0,0,18,33,29
indiranagar,13,1,0,0,15,28,22
whitefield,13,1,0,0,12,22,18
marathahalli,13,1,0,0,14,25,21
hsr_layout,13,1,0,0,13,19,16
jp_nagar,13,1,0,0,11,20,15
electronic_city,13,1,0,0,10,14,14
hebbal,13,1,0,0,9,14,17
koramangala,14,1,0,0,18,14,14
indiranagar,14,1,0,0,15,13,16
whitefield,14,1,0,0,12,9,9
marathahalli,14,1,0,0,14,9,11
hsr_layout,14,1,0,0,13,8,9
jp_nagar,14,1,0,0,11,9,6
electronic_city,14,1,0,0,10,8,7
hebbal,14,1,0,0,9,7,5
koramangala,15,1,0,0,18,15,14
indiranagar,15,1,0,0,15,11,14
whitefield,15,1,0,0,12,9,6
marathahalli,15,1,0,0,14,9,11
hsr_layout,15,1,0,0,13,8,10
jp_nagar,15,1,0,0,11,9,6
electronic_city,15,1,0,0,10,8,4
hebbal,15,1,0,0,9,6,6
koramangala,16,1,0,0,18,13,13
indiranagar,16,1,0,0,15,11,11
whitefield,16,1,0,0,12,8,8
marathahalli,16,1,0,0,14,10,9
hsr_layout,16,1,0,0,13,11,11
jp_nagar,16,1,0,0,11,8,9
electronic_city,16,1,0,0,10,9,6
hebbal,16,1,0,0,9,8,5
koramangala,17,1,0,0,18,12,15
indiranagar,17,1,0,0,15,14,9
whitefield,17,1,0,0,12,8,12
marathahalli,17,1,0,0,14,9,10
hsr_layout,17,1,0,0,13,10,10
jp_nagar,17,1,0,0,11,8,11
electronic_city,17,1,0,0,10,6,9
hebbal,17,1,0,0,9,6,6
koramangala,18,1,0,0,18,11,16
indiranagar,18,1,0,0,15,12,11
whitefield,18,1,0,0,12,7,8
marathahalli,18,1,0,0,14,10,10
hsr_layout,18,1,0,0,13,10,8
jp_nagar,18,1,0,0,11,7,10
electronic_city,18,1,0,0,10,8,6
hebbal,18,1,0,0,9,7,7
koramangala,19,1,0,0,18,31,35
indiranagar,19,1,0,0,15,24,30
whitefield,19,1,0,0,12,19,24
marathahalli,19,1,0,0,14,22,22
hsr_layout,19,1,0,0,13,20,23
jp_nagar,19,1,0,0,11,18,16
electronic_city,19,1,0,0,10,19,17
hebbal,19,1,0,0,9,18,18
koramangala,20,1,0,0,18,27,32
indiranagar,20,1,0,0,15,25,30
whitefield,20,1,0,0,12,21,19
marathahalli,20,1,0,0,14,28,29
hsr_layout,20,1,0,0,13,28,25
jp_nagar,20,1,0,0,11,17,18
electronic_city,20,1,0,0,10,19,20
hebbal,20,1,0,0,9,14,16
koramangala,21,1,0,0,18,30,39
indiranagar,21,1,0,0,15,26,27
whitefield,21,1,0,0,12,19,21
marathahalli,21,1,0,0,14,21,26
hsr_layout,21,1,0,0,13,27,22
jp_nagar,21,1,0,0,11,22,16
electronic_city,21,1,0,0,10,20,17
hebbal,21,1,0,0,9,19,16
koramangala,22,1,0,0,18,12,9
indiranagar,22,1,0,0,15,11,13
whitefield,22,1,0,0,12,11,7
marathahalli,22,1,0,0,14,12,9
hsr_layout,22,1,0,0,13,9,11
jp_nagar,22,1,0,0,11,7,8
electronic_city,22,1,0,0,10,9,9
hebbal,22,1,0,0,9,7,6
koramangala,23,1,0,0,18,12,15
indiranagar,23,1,0,0,15,9,12
whitefield,23,1,0,0,12,8,10
marathahalli,23,1,0,0,14,11,12
hsr_layout,23,1,0,0,13,11,7
jp_nagar,23,1,0,0,11,8,9
electronic_city,23,1,0,0,10,6,7
hebbal,23,1,0,0,9,8,9
koramangala,0,2,0,1,18,5,4
indiranagar,0,2,0,1,15,4,5
whitefield,0,2,0,1,12,3,2
marathahalli,0,2,0,1,14,4,3
hsr_layout,0,2,0,1,13,4,2
jp_nagar,0,2,0,1,11,3,2
electronic_city,0,2,0,1,10,2,3
hebbal,0,2,0,1,9,2,0
koramangala,1,2,0,1,18,4,3
indiranagar,1,2,0,1,15,3,2
whitefield,1,2,0,1,12,3,4
marathahalli,1,2,0,1,14,4,5
hsr_layout,1,2,0,1,13,4,2
jp_nagar,1,2,0,1,11,3,1
electronic_city,1,2,0,1,10,3,3
hebbal,1,2,0,1,9,2,3
koramangala,2,2,0,1,18,5,2
indiranagar,2,2,0,1,15,4,3
whitefield,2,2,0,1,12,2,4
marathahalli,2,2,0,1,14,3,3
hsr_layout,2,2,0,1,13,3,3
jp_nagar,2,2,0,1,11,3,4
electronic_city,2,2,0,1,10,2,0
hebbal,2,2,0,1,9,2,3
koramangala,3,2,0,1,18,4,3
indiranagar,3,2,0,1,15,4,0
whitefield,3,2,0,1,12,2,3
marathahalli,3,2,0,1,14,4,5
hsr_layout,3,2,0,1,13,3,2
jp_nagar,3,2,0,1,11,3,4
electronic_city,3,2,0,1,10,2,4
hebbal,3,2,0,1,9,2,3
koramangala,4,2,0,1,18,5,7
indiranagar,4,2,0,1,15,4,5
whitefield,4,2,0,1,12,3,2
marathahalli,4,2,0,1,14,4,0
hsr_layout,4,2,0,1,13,3,3
jp_nagar,4,2,0,1,11,3,0
electronic_city,4,2,0,1,10,2,5
hebbal,4,2,0,1,9,2,1
koramangala,5,2,0,1,18,4,5
indiranagar,5,2,0,1,15,4,3
whitefield,5,2,0,1,12,3,3
marathahalli,5,2,0,1,14,4,5
hsr_layout,5,2,0,1,13,3,2
jp_nagar,5,2,0,1,11,3,2
electronic_city,5,2,0,1,10,2,1
hebbal,5,2,0,1,9,2,0
koramangala,6,2,0,1,18,22,18
indiranagar,6,2,0,1,15,17,18
whitefield,6,2,0,1,12,11,12
marathahalli,6,2,0,1,14,15,11
hsr_layout,6,2,0,1,13,17,13
jp_nagar,6,2,0,1,11,12,11
electronic_city,6,2,0,1,10,13,7
hebbal,6,2,0,1,9,10,11
koramangala,7,2,0,1,18,25,29
indiranagar,7,2,0,1,15,26,25
whitefield,7,2,0,1,12,20,18
marathahalli,7,2,0,1,14,28,24
hsr_layout,7,2,0,1,13,24,20
jp_nagar,7,2,0,1,11,21,23
electronic_city,7,2,0,1,10,16,11
hebbal,7,2,0,1,9,14,16
koramangala,8,2,0,1,18,33,27
indiranagar,8,2,0,1,15,27,28
whitefield,8,2,0,1,12,21,22
marathahalli,8,2,0,1,14,24,19
hsr_layout,8,2,0,1,13,22,19
jp_nagar,8,2,0,1,11,17,17
electronic_city,8,2,0,1,10,20,18
hebbal,8,2,0,1,9,17,15
koramangala,9,2,0,1,18,32,30
indiranagar,9,2,0,1,15,21,23
whitefield,9,2,0,1,12,20,18
marathahalli,9,2,0,1,14,25,19
hsr_layout,9,2,0,1,13,24,21
jp_nagar,9,2,0,1,11,16,17
electronic_city,9,2,0,1,10,18,16
hebbal,9,2,0,1,9,12,13
koramangala,10,2,0,1,18,21,15
indiranagar,10,2,0,1,15,18,16
whitefield,10,2,0,1,12,12,11
marathahalli,10,2,0,1,14,17,16
hsr_layout,10,2,0,1,13,13,17
jp_nagar,10,2,0,1,11,10,14
electronic_city,10,2,0,1,10,9,11
hebbal,10,2,0,1,9,11,9
koramangala,11,2,0,1,18,44,37
indiranagar,11,2,0,1,15,30,34
whitefield,11,2,0,1,12,30,24
marathahalli,11,2,0,1,14,33,33
hsr_layout,11,2,0,1,13,27,32
jp_nagar,11,2,0,1,11,29,23
electronic_city,11,2,0,1,10,22,18
hebbal,11,2,0,1,9,18,19
koramangala,12,2,0,1,18,44,44
indiranagar,12,2,0,1,15,38,37
whitefield,12,2,0,1,12,29,26
marathahalli,12,2,0,1,14,34,33
hsr_layout,12,2,0,1,13,30,30
jp_nagar,12,2,0,1,11,29,23
electronic_city,12,2,0,1,10,19,24
hebbal,12,2,0,1,9,17,18
koramangala,13,2,0,1,18,40,39
indiranagar,13,2,0,1,15,32,34
whitefield,13,2,0,1,12,22,26
marathahalli,13,2,0,1,14,28,29
hsr_layout,13,2,0,1,13,31,24
jp_nagar,13,2,0,1,11,21,23
electronic_city,13,2,0,1,10,18,24
hebbal,13,2,0,1,9,21,20
koramangala,14,2,0,1,18,20,19
indiranagar,14,2,0,1,15,15,15
whitefield,14,2,0,1,12,12,11
marathahalli,14,2,0,1,14,13,13
hsr_layout,14,2,0,1,13,14,14
jp_nagar,14,2,0,1,11,12,8
electronic_city,14,2,0,1,10,9,11
hebbal,14,2,0,1,9,9,7
koramangala,15,2,0,1,18,17,22
indiranagar,15,2,0,1,15,17,19
whitefield,15,2,0,1,12,15,14
marathahalli,15,2,0,1,14,12,18
hsr_layout,15,2,0,1,13,14,14
jp_nagar,15,2,0,1,11,12,13
electronic_city,15,2,0,1,10,13,12
hebbal,15,2,0,1,9,9,9
koramangala,16,2,0,1,18,23,21
indiranagar,16,2,0,1,15,17,14
whitefield,16,2,0,1,12,15,14
marathahalli,16,2,0,1,14,14,17
hsr_layout,16,2,0,1,13,14,11
jp_nagar,16,2,0,1,11,14,12
electronic_city,16,2,0,1,10,11,13
hebbal,16,2,0,1,9,8,8
koramangala,17,2,0,1,18,20,18
indiranagar,17,2,0,1,15,13,14
whitefield,17,2,0,1,12,14,15
marathahalli,17,2,0,1,14,15,14
hsr_layout,17,2,0,1,13,14,13
jp_nagar,17,2,0,1,11,14,12
electronic_city,17,2,0,1,10,11,10
hebbal,17,2,0,1,9,11,8
koramangala,18,2,0,1,18,19,18
indiranagar,18,2,0,1,15,14,15
whitefield,18,2,0,1,12,15,14
marathahalli,18,2,0,1,14,16,16
hsr_layout,18,2,0,1,13,13,13
jp_nagar,18,2,0,1,11,12,11
electronic_city,18,2,0,1,10,9,8
hebbal,18,2,0,1,9,10,8
koramangala,19,2,0,1,18,50,52
indiranagar,19,2,0,1,15,41,44
whitefield,19,2,0,1,12,26,34
marathahalli,19,2,0,1,14,31,39
hsr_layout,19,2,0,1,13,31,29
jp_nagar,19,2,0,1,11,32,28
electronic_city,19,2,0,1,10,25,25
hebbal,19,2,0,1,9,23,24
koramangala,20,2,0,1,18,40,45
indiranagar,20,2,0,1,15,44,39
whitefield,20,2,0,1,12,37,28
marathahalli,20,2,0,1,14,39,41
hsr_layout,20,2,0,1,13,38,35
jp_nagar,20,2,0,1,11,27,32
electronic_city,20,2,0,1,10,27,26
hebbal,20,2,0,1,9,20,19
koramangala,21,2,0,1,18,49,47
indiranagar,21,2,0,1,15,47,39
whitefield,21,2,0,1,12,35,35
marathahalli,21,2,0,1,14,34,35
hsr_layout,21,2,0,1,13,36,35
jp_nagar,21,2,0,1,11,25,25
electronic_city,21,2,0,1,10,30,25
hebbal,21,2,0,1,9,20,26
koramangala,22,2,0,1,18,23,21
indiranagar,22,2,0,1,15,19,19
whitefield,22,2,0,1,12,13,10
marathahalli,22,2,0,1,14,14,11
hsr_layout,22,2,0,1,13,12,13
jp_nagar,22,2,0,1,11,12,11
electronic_city,22,2,0,1,10,9,13
hebbal,22,2,0,1,9,8,13
koramangala,23,2,0,1,18,23,19
indiranagar,23,2,0,1,15,16,17
whitefield,23,2,0,1,12,12,10
marathahalli,23,2,0,1,14,16,14
hsr_layout,23,2,0,1,13,13,12
jp_nagar,23,2,0,1,11,9,10
electronic_city,23,2,0,1,10,9,11
hebbal,23,2,0,1,9,9,10
koramangala,0,3,0,1,18,5,2
indiranagar,0,3,0,1,15,4,5
whitefield,0,3,0,1,12,3,1
marathahalli,0,3,0,1,14,3,4
hsr_layout,0,3,0,1,13,4,7
jp_nagar,0,3,0,1,11,2,1
electronic_city,0,3,0,1,10,2,0
hebbal,0,3,0,1,9,2,1
koramangala,1,3,0,1,18,4,6
indiranagar,1,3,0,1,15,3,6
whitefield,1,3,0,1,12,3,1
marathahalli,1,3,0,1,14,4,3
hsr_layout,1,3,0,1,13,3,3
jp_nagar,1,3,0,1,11,3,2
electronic_city,1,3,0,1,10,2,5
hebbal,1,3,0,1,9,2,0
koramangala,2,3,0,1,18,4,4
indiranagar,2,3,0,1,15,4,4
whitefield,2,3,0,1,12,3,4
marathahalli,2,3,0,1,14,4,4
hsr_layout,2,3,0,1,13,3,3
jp_nagar,2,3,0,1,11,3,2
electronic_city,2,3,0,1,10,2,3
hebbal,2,3,0,1,9,2,1
koramangala,3,3,0,1,18,5,5
indiranagar,3,3,0,1,15,3,2
whitefield,3,3,0,1,12,3,2
marathahalli,3,3,0,1,14,3,2
hsr_layout,3,3,0,1,13,3,5
jp_nagar,3,3,0,1,11,2,2
electronic_city,3,3,0,1,10,2,0
hebbal,3,3,0,1,9,3,3
koramangala,4,3,0,1,18,5,3
indiranagar,4,3,0,1,15,4,3
whitefield,4,3,0,1,12,3,2
marathahalli,4,3,0,1,14,3,6
hsr_layout,4,3,0,1,13,3,0
jp_nagar,4,3,0,1,11,3,7
electronic_city,4,3,0,1,10,2,4
hebbal,4,3,0,1,9,2,2
koramangala,5,3,0,1,18,5,4
indiranagar,5,3,0,1,15,4,4
whitefield,5,3,0,1,12,3,2
marathahalli,5,3,0,1,14,3,3
hsr_layout,5,3,0,1,13,3,3
jp_nagar,5,3,0,1,11,2,2
electronic_city,5,3,0,1,10,3,1
hebbal,5,3,0,1,9,2,1
koramangala,6,3,0,1,18,21,19
indiranagar,6,3,0,1,15,16,16
whitefield,6,3,0,1,12,11,14
marathahalli,6,3,0,1,14,12,8
hsr_layout,6,3,0,1,13,14,13
jp_nagar,6,3,0,1,11,12,10
electronic_city,6,3,0,1,10,11,8
hebbal,6,3,0,1,9,9,8
koramangala,7,3,0,1,18,35,32
indiranagar,7,3,0,1,15,25,22
whitefield,7,3,0,1,12,21,19
marathahalli,7,3,0,1,14,21,20
hsr_layout,7,3,0,1,13,21,23
jp_nagar,7,3,0,1,11,21,13
electronic_city,7,3,0,1,10,19,16
hebbal,7,3,0,1,9,16,17
koramangala,8,3,0,1,18,26,32
indiranagar,8,3,0,1,15,22,26
whitefield,8,3,0,1,12,18,20
marathahalli,8,3,0,1,14,24,21
hsr_layout,8,3,0,1,13,20,18
jp_nagar,8,3,0,1,11,16,20
electronic_city,8,3,0,1,10,16,17
hebbal,8,3,0,1,9,13,14
koramangala,9,3,0,1,18,29,32
indiranagar,9,3,0,1,15,20,28
whitefield,9,3,0,1,12,20,17
marathahalli,9,3,0,1,14,23,21
hsr_layout,9,3,0,1,13,22,22
jp_nagar,9,3,0,1,11,21,18
electronic_city,9,3,0,1,10,17,15
hebbal,9,3,0,1,9,14,11
koramangala,10,3,0,1,18,20,16
indiranagar,10,3,0,1,15,18,17
whitefield,10,3,0,1,12,12,11
marathahalli,10,3,0,1,14,17,15
hsr_layout,10,3,0,1,13,15,9
jp_nagar,10,3,0,1,11,10,12
electronic_city,10,3,0,1,10,10,12
hebbal,10,3,0,1,9,9,9
koramangala,11,3,0,1,18,38,36
indiranagar,11,3,0,1,15,36,37
whitefield,11,3,0,1,12,27,20
marathahalli,11,3,0,1,14,25,30
hsr_layout,11,3,0,1,13,31,25
jp_nagar,11,3,0,1,11,23,20
electronic_city,11,3,0,1,10,23,21
hebbal,11,3,0,1,9,23,18
koramangala,12,3,0,1,18,38,36
indiranagar,12,3,0,1,15,36,32
whitefield,12,3,0,1,12,25,29
marathahalli,12,3,0,1,14,31,28
hsr_layout,12,3,0,1,13,29,26
jp_nagar,12,3,0,1,11,22,23
electronic_city,12,3,0,1,10,24,25
hebbal,12,3,0,1,9,23,19
koramangala,13,3,0,1,18,44,34
indiranagar,13,3,0,1,15,36,30
whitefield,13,3,0,1,12,23,28
marathahalli,13,3,0,1,14,29,32
hsr_layout,13,3,0,1,13,31,30
jp_nagar,13,3,0,1,11,21,27
electronic_city,13,3,0,1,10,17,20
hebbal,13,3,0,1,9,17,20
koramangala,14,3,0,1,18,19,17
indiranagar,14,3,0,1,15,14,14
whitefield,14,3,0,1,12,10,13
marathahalli,14,3,0,1,14,18,20
hsr_layout,14,3,0,1,13,14,15
jp_nagar,14,3,0,1,11,12,12
electronic_city,14,3,0,1,10,12,10
hebbal,14,3,0,1,9,9,6
koramangala,15,3,0,1,18,21,19
indiranagar,15,3,0,1,15,15,13
whitefield,15,3,0,1,12,13,12
marathahalli,15,3,0,1,14,13,14
hsr_layout,15,3,0,1,13,11,11
jp_nagar,15,3,0,1,11,9,12
electronic_city,15,3,0,1,10,13,12
hebbal,15,3,0,1,9,9,8
koramangala,16,3,0,1,18,20,19
indiranagar,16,3,0,1,15,18,14
whitefield,16,3,0,1,12,11,13
marathahalli,16,3,0,1,14,17,15
hsr_layout,16,3,0,1,13,13,15
jp_nagar,16,3,0,1,11,11,11
electronic_city,16,3,0,1,10,9,9
hebbal,16,3,0,1,9,10,7
koramangala,17,3,0,1,18,19,16
indiranagar,17,3,0,1,15,13,16
whitefield,17,3,0,1,12,15,14
marathahalli,17,3,0,1,14,18,17
hsr_layout,17,3,0,1,13,16,15
jp_nagar,17,3,0,1,11,13,13
electronic_city,17,3,0,1,10,11,12
hebbal,17,3,0,1,9,11,10
koramangala,18,3,0,1,18,19,19
indiranagar,18,3,0,1,15,17,13
whitefield,18,3,0,1,12,11,7
marathahalli,18,3,0,1,14,16,17
hsr_layout,18,3,0,1,13,15,15
jp_nagar,18,3,0,1,11,11,15
electronic_city,18,3,0,1,10,11,10
hebbal,18,3,0,1,9,11,10
koramangala,19,3,0,1,18,40,50
indiranagar,19,3,0,1,15,45,34
whitefield,19,3,0,1,12,37,30
marathahalli,19,3,0,1,14,35,40
hsr_layout,19,3,0,1,13,31,39
jp_nagar,19,3,0,1,11,31,33
electronic_city,19,3,0,1,10,26,23
hebbal,19,3,0,1,9,26,25
koramangala,20,3,0,1,18,42,43
indiranagar,20,3,0,1,15,35,41
whitefield,20,3,0,1,12,27,25
marathahalli,20,3,0,1,14,43,35
hsr_layout,20,3,0,1,13,36,34
jp_nagar,20,3,0,1,11,32,27
electronic_city,20,3,0,1,10,21,25
hebbal,20,3,0,1,9,25,22
koramangala,21,3,0,1,18,57,52
indiranagar,21,3,0,1,15,45,41
whitefield,21,3,0,1,12,38,35
marathahalli,21,3,0,1,14,33,34
hsr_layout,21,3,0,1,13,35,29
jp_nagar,21,3,0,1,11,32,27
electronic_city,21,3,0,1,10,27,27
hebbal,21,3,0,1,9,22,24
koramangala,22,3,0,1,18,17,24
indiranagar,22,3,0,1,15,18,14
whitefield,22,3,0,1,12,14,8
marathahalli,22,3,0,1,14,13,17
hsr_layout,22,3,0,1,13,13,15
jp_nagar,22,3,0,1,11,11,10
electronic_city,22,3,0,1,10,10,9
hebbal,22,3,0,1,9,10,10
koramangala,23,3,0,1,18,20,16
indiranagar,23,3,0,1,15,18,18
whitefield,23,3,0,1,12,15,10
marathahalli,23,3,0,1,14,13,13
hsr_layout,23,3,0,1,13,15,12
jp_nagar,23,3,0,1,11,10,11
electronic_city,23,3,0,1,10,10,9
hebbal,23,3,0,1,9,9,8
koramangala,0,4,0,0,18,3,3
indiranagar,0,4,0,0,15,2,0
whitefield,0,4,0,0,12,2,3
marathahalli,0,4,0,0,14,2,1
hsr_layout,0,4,0,0,13,2,1
jp_nagar,0,4,0,0,11,2,0
electronic_city,0,4,0,0,10,1,0
hebbal,0,4,0,0,9,1,0
koramangala,1,4,0,0,18,3,6
indiranagar,1,4,0,0,15,2,3
whitefield,1,4,0,0,12,2,1
marathahalli,1,4,0,0,14,3,1
hsr_layout,1,4,0,0,13,2,2
jp_nagar,1,4,0,0,11,2,2
electronic_city,1,4,0,0,10,1,0
hebbal,1,4,0,0,9,1,2
koramangala,2,4,0,0,18,4,4
indiranagar,2,4,0,0,15,3,3
whitefield,2,4,0,0,12,2,2
marathahalli,2,4,0,0,14,2,2
hsr_layout,2,4,0,0,13,2,3
jp_nagar,2,4,0,0,11,1,2
electronic_city,2,4,0,0,10,1,1
hebbal,2,4,0,0,9,1,0
koramangala,3,4,0,0,18,2,3
indiranagar,3,4,0,0,15,2,4
whitefield,3,4,0,0,12,2,0
marathahalli,3,4,0,0,14,2,0
hsr_layout,3,4,0,0,13,2,2
jp_nagar,3,4,0,0,11,2,2
electronic_city,3,4,0,0,10,2,1
hebbal,3,4,0,0,9,1,1
koramangala,4,4,0,0,18,3,2
indiranagar,4,4,0,0,15,3,5
whitefield,4,4,0,0,12,1,0
marathahalli,4,4,0,0,14,2,0
hsr_layout,4,4,0,0,13,2,1
jp_nagar,4,4,0,0,11,1,0
electronic_city,4,4,0,0,10,2,0
hebbal,4,4,0,0,9,1,3
koramangala,5,4,0,0,18,3,4
indiranagar,5,4,0,0,15,2,2
whitefield,5,4,0,0,12,2,0
marathahalli,5,4,0,0,14,2,2
hsr_layout,5,4,0,0,13,2,1
jp_nagar,5,4,0,0,11,2,1
electronic_city,5,4,0,0,10,1,3
hebbal,5,4,0,0,9,1,1
koramangala,6,4,0,0,18,14,14
indiranagar,6,4,0,0,15,12,10
whitefield,6,4,0,0,12,9,9
marathahalli,6,4,0,0,14,11,12
hsr_layout,6,4,0,0,13,10,12
jp_nagar,6,4,0,0,11,8,6
electronic_city,6,4,0,0,10,8,6
hebbal,6,4,0,0,9,7,4
koramangala,7,4,0,0,18,19,19
indiranagar,7,4,0,0,15,14,19
whitefield,7,4,0,0,12,16,14
marathahalli,7,4,0,0,14,16,13
hsr_layout,7,4,0,0,13,18,16
jp_nagar,7,4,0,0,11,13,11
electronic_city,7,4,0,0,10,11,9
hebbal,7,4,0,0,9,9,12
koramangala,8,4,0,0,18,20,18
indiranagar,8,4,0,0,15,18,17
whitefield,8,4,0,0,12,12,18
marathahalli,8,4,0,0,14,16,16
hsr_layout,8,4,0,0,13,14,14
jp_nagar,8,4,0,0,11,11,13
electronic_city,8,4,0,0,10,13,12
hebbal,8,4,0,0,9,11,12
koramangala,9,4,0,0,18,23,19
indiranagar,9,4,0,0,15,17,21
whitefield,9,4,0,0,12,12,10
marathahalli,9,4,0,0,14,17,16
hsr_layout,9,4,0,0,13,14,15
jp_nagar,9,4,0,0,11,11,11
electronic_city,9,4,0,0,10,9,9
hebbal,9,4,0,0,9,9,9
koramangala,10,4,0,0,18,13,18
indiranagar,10,4,0,0,15,13,8
whitefield,10,4,0,0,12,8,9
marathahalli,10,4,0,0,14,10,9
hsr_layout,10,4,0,0,13,11,11
jp_nagar,10,4,0,0,11,8,9
electronic_city,10,4,0,0,10,7,7
hebbal,10,4,0,0,9,8,6
koramangala,11,4,0,0,18,31,27
indiranagar,11,4,0,0,15,23,20
whitefield,11,4,0,0,12,21,22
marathahalli,11,4,0,0,14,25,17
hsr_layout,11,4,0,0,13,23,17
jp_nagar,11,4,0,0,11,19,17
electronic_city,11,4,0,0,10,17,15
hebbal,11,4,0,0,9,14,15
koramangala,12,4,0,0,18,29,31
indiranagar,12,4,0,0,15,23,24
whitefield,12,4,0,0,12,17,16
marathahalli,12,4,0,0,14,23,19
hsr_layout,12,4,0,0,13,24,21
jp_nagar,12,4,0,0,11,15,17
electronic_city,12,4,0,0,10,14,16
hebbal,12,4,0,0,9,16,13
koramangala,13,4,0,0,18,24,28
indiranagar,13,4,0,0,15,22,20
whitefield,13,4,0,0,12,17,20
marathahalli,13,4,0,0,14,24,18
hsr_layout,13,4,0,0,13,16,21
jp_nagar,13,4,0,0,11,17,17
electronic_city,13,4,0,0,10,15,15
hebbal,13,4,0,0,9,12,11
koramangala,14,4,0,0,18,15,15
indiranagar,14,4,0,0,15,14,13
whitefield,14,4,0,0,12,7,12
marathahalli,14,4,0,0,14,12,11
hsr_layout,14,4,0,0,13,8,6
jp_nagar,14,4,0,0,11,10,10
electronic_city,14,4,0,0,10,8,6
hebbal,14,4,0,0,9,7,7
koramangala,15,4,0,0,18,15,10
indiranagar,15,4,0,0,15,10,14
whitefield,15,4,0,0,12,9,7
marathahalli,15,4,0,0,14,10,12
hsr_layout,15,4,0,0,13,9,9
jp_nagar,15,4,0,0,11,8,7
electronic_city,15,4,0,0,10,7,7
hebbal,15,4,0,0,9,8,8
koramangala,16,4,0,0,18,11,12
indiranagar,16,4,0,0,15,11,11
whitefield,16,4,0,0,12,9,10
marathahalli,16,4,0,0,14,11,7
hsr_layout,16,4,0,0,13,9,10
jp_nagar,16,4,0,0,11,10,9
electronic_city,16,4,0,0,10,7,6
hebbal,16,4,0,0,9,7,5
koramangala,17,4,0,0,18,13,13
indiranagar,17,4,0,0,15,11,13
whitefield,17,4,0,0,12,10,8
marathahalli,17,4,0,0,14,11,11
hsr_layout,17,4,0,0,13,10,6
jp_nagar,17,4,0,0,11,9,6
electronic_city,17,4,0,0,10,9,5
hebbal,17,4,0,0,9,7,6
koramangala,18,4,0,0,18,14,16
indiranagar,18,4,0,0,15,12,11
whitefield,18,4,0,0,12,10,4
marathahalli,18,4,0,0,14,10,11
hsr_layout,18,4,0,0,13,8,11
jp_nagar,18,4,0,0,11,7,8
electronic_city,18,4,0,0,10,9,7
hebbal,18,4,0,0,9,8,4
koramangala,19,4,0,0,18,34,39
indiranagar,19,4,0,0,15,27,28
whitefield,19,4,0,0,12,24,22
marathahalli,19,4,0,0,14,24,22
hsr_layout,19,4,0,0,13,20,22
jp_nagar,19,4,0,0,11,24,22
electronic_city,19,4,0,0,10,15,20
hebbal,19,4,0,0,9,17,14
koramangala,20,4,0,0,18,34,29
indiranagar,20,4,0,0,15,29,25
whitefield,20,4,0,0,12,25,20
marathahalli,20,4,0,0,14,22,25
hsr_layout,20,4,0,0,13,23,25
jp_nagar,20,4,0,0,11,22,21
electronic_city,20,4,0,0,10,16,17
hebbal,20,4,0,0,9,16,16
koramangala,21,4,0,0,18,29,36
indiranagar,21,4,0,0,15,27,25
whitefield,21,4,0,0,12,21,27
marathahalli,21,4,0,0,14,24,23
hsr_layout,21,4,0,0,13,27,23
jp_nagar,21,4,0,0,11,22,21
electronic_city,21,4,0,0,10,19,18
hebbal,21,4,0,0,9,18,18
koramangala,22,4,0,0,18,12,15
indiranagar,22,4,0,0,15,11,13
whitefield,22,4,0,0,12,10,12
marathahalli,22,4,0,0,14,11,12
hsr_layout,22,4,0,0,13,12,9
jp_nagar,22,4,0,0,11,8,6
electronic_city,22,4,0,0,10,9,4
hebbal,22,4,0,0,9,8,7
koramangala,23,4,0,0,18,13,14
indiranagar,23,4,0,0,15,12,15
whitefield,23,4,0,0,12,8,8
marathahalli,23,4,0,0,14,10,6
hsr_layout,23,4,0,0,13,9,11
jp_nagar,23,4,0,0,11,7,7
electronic_city,23,4,0,0,10,6,6
hebbal,23,4,0,0,9,8,7
koramangala,0,5,1,0,18,5,6
indiranagar,0,5,1,0,15,4,8
whitefield,0,5,1,0,12,3,3
marathahalli,0,5,1,0,14,3,2
hsr_layout,0,5,1,0,13,3,3
jp_nagar,0,5,1,0,11,2,3
electronic_city,0,5,1,0,10,2,1
hebbal,0,5,1,0,9,2,4
koramangala,1,5,1,0,18,5,5
indiranagar,1,5,1,0,15,3,4
whitefield,1,5,1,0,12,3,2
marathahalli,1,5,1,0,14,4,3
hsr_layout,1,5,1,0,13,3,3
jp_nagar,1,5,1,0,11,2,1
electronic_city,1,5,1,0,10,2,1
hebbal,1,5,1,0,9,1,0
koramangala,2,5,1,0,18,4,4
indiranagar,2,5,1,0,15,4,4
whitefield,2,5,1,0,12,2,2
marathahalli,2,5,1,0,14,3,5
hsr_layout,2,5,1,0,13,2,2
jp_nagar,2,5,1,0,11,2,3
electronic_city,2,5,1,0,10,2,0
hebbal,2,5,1,0,9,2,1
koramangala,3,5,1,0,18,3,5
indiranagar,3,5,1,0,15,3,5
whitefield,3,5,1,0,12,2,2
marathahalli,3,5,1,0,14,3,2
hsr_layout,3,5,1,0,13,2,0
jp_nagar,3,5,1,0,11,2,2
electronic_city,3,5,1,0,10,2,3
hebbal,3,5,1,0,9,2,2
koramangala,4,5,1,0,18,4,4
indiranagar,4,5,1,0,15,3,3
whitefield,4,5,1,0,12,3,3
marathahalli,4,5,1,0,14,4,2
hsr_layout,4,5,1,0,13,2,3
jp_nagar,4,5,1,0,11,3,2
electronic_city,4,5,1,0,10,2,2
hebbal,4,5,1,0,9,2,1
koramangala,5,5,1,0,18,3,1
indiranagar,5,5,1,0,15,4,5
whitefield,5,5,1,0,12,3,1
marathahalli,5,5,1,0,14,3,1
hsr_layout,5,5,1,0,13,3,3
jp_nagar,5,5,1,0,11,2,1
electronic_city,5,5,1,0,10,2,3
hebbal,5,5,1,0,9,2,2
koramangala,6,5,1,0,18,20,17
indiranagar,6,5,1,0,15,16,10
whitefield,6,5,1,0,12,12,14
marathahalli,6,5,1,0,14,11,13
hsr_layout,6,5,1,0,13,12,13
jp_nagar,6,5,1,0,11,11,9
electronic_city,6,5,1,0,10,11,5
hebbal,6,5,1,0,9,8,8
koramangala,7,5,1,0,18,32,27
indiranagar,7,5,1,0,15,26,17
whitefield,7,5,1,0,12,21,16
marathahalli,7,5,1,0,14,19,22
hsr_layout,7,5,1,0,13,24,16
jp_nagar,7,5,1,0,11,15,21
electronic_city,7,5,1,0,10,15,13
hebbal,7,5,1,0,9,14,10
koramangala,8,5,1,0,18,32,22
indiranagar,8,5,1,0,15,21,24
whitefield,8,5,1,0,12,17,17
marathahalli,8,5,1,0,14,18,19
hsr_layout,8,5,1,0,13,19,21
jp_nagar,8,5,1,0,11,15,19
electronic_city,8,5,1,0,10,15,18
hebbal,8,5,1,0,9,14,17
koramangala,9,5,1,0,18,32,29
indiranagar,9,5,1,0,15,18,21
whitefield,9,5,1,0,12,17,15
marathahalli,9,5,1,0,14,25,22
hsr_layout,9,5,1,0,13,16,17
jp_nagar,9,5,1,0,11,20,15
electronic_city,9,5,1,0,10,16,14
hebbal,9,5,1,0,9,12,11
koramangala,10,5,1,0,18,22,21
indiranagar,10,5,1,0,15,14,13
whitefield,10,5,1,0,12,11,10
marathahalli,10,5,1,0,14,14,13
hsr_layout,10,5,1,0,13,15,13
jp_nagar,10,5,1,0,11,12,12
electronic_city,10,5,1,0,10,8,8
hebbal,10,5,1,0,9,11,6
koramangala,11,5,1,0,18,43,39
indiranagar,11,5,1,0,15,28,30
whitefield,11,5,1,0,12,29,21
marathahalli,11,5,1,0,14,26,29
hsr_layout,11,5,1,0,13,29,27
jp_nagar,11,5,1,0,11,26,20
electronic_city,11,5,1,0,10,20,20
hebbal,11,5,1,0,9,21,20
koramangala,12,5,1,0,18,43,32
indiranagar,12,5,1,0,15,34,27
whitefield,12,5,1,0,12,21,25
marathahalli,12,5,1,0,14,30,26
hsr_layout,12,5,1,0,13,27,26
jp_nagar,12,5,1,0,11,20,26
electronic_city,12,5,1,0,10,19,19
hebbal,12,5,1,0,9,18,19
koramangala,13,5,1,0,18,39,40
indiranagar,13,5,1,0,15,29,32
whitefield,13,5,1,0,12,24,23
marathahalli,13,5,1,0,14,25,27
hsr_layout,13,5,1,0,13,29,21
jp_nagar,13,5,1,0,11,20,20
electronic_city,13,5,1,0,10,22,24
hebbal,13,5,1,0,9,20,16
koramangala,14,5,1,0,18,21,21
indiranagar,14,5,1,0,15,17,15
whitefield,14,5,1,0,12,11,12
marathahalli,14,5,1,0,14,13,12
hsr_layout,14,5,1,0,13,11,15
jp_nagar,14,5,1,0,11,10,11
electronic_city,14,5,1,0,10,10,10
hebbal,14,5,1,0,9,9,8
koramangala,15,5,1,0,18,21,17
indiranagar,15,5,1,0,15,15,15
whitefield,15,5,1,0,12,14,10
marathahalli,15,5,1,0,14,17,13
hsr_layout,15,5,1,0,13,12,15
jp_nagar,15,5,1,0,11,11,10
electronic_city,15,5,1,0,10,10,8
hebbal,15,5,1,0,9,8,7
koramangala,16,5,1,0,18,17,19
indiranagar,16,5,1,0,15,15,14
whitefield,16,5,1,0,12,13,10
marathahalli,16,5,1,0,14,14,11
hsr_layout,16,5,1,0,13,15,12
jp_nagar,16,5,1,0,11,12,11
electronic_city,16,5,1,0,10,11,10
hebbal,16,5,1,0,9,10,5
koramangala,17,5,1,0,18,18,20
indiranagar,17,5,1,0,15,13,18
whitefield,17,5,1,0,12,13,9
marathahalli,17,5,1,0,14,14,14
hsr_layout,17,5,1,0,13,14,14
jp_nagar,17,5,1,0,11,12,12
electronic_city,17,5,1,0,10,8,9
hebbal,17,5,1,0,9,9,7
koramangala,18,5,1,0,18,18,16
indiranagar,18,5,1,0,15,17,13
whitefield,18,5,1,0,12,14,10
marathahalli,18,5,1,0,14,13,13
hsr_layout,18,5,1,0,13,15,12
jp_nagar,18,5,1,0,11,12,8
electronic_city,18,5,1,0,10,11,10
hebbal,18,5,1,0,9,10,11
koramangala,19,5,1,0,18,41,47
indiranagar,19,5,1,0,15,36,38
whitefield,19,5,1,0,12,25,26
marathahalli,19,5,1,0,14,30,35
hsr_layout,19,5,1,0,13,28,31
jp_nagar,19,5,1,0,11,31,28
electronic_city,19,5,1,0,10,19,27
hebbal,19,5,1,0,9,19,20
koramangala,20,5,1,0,18,44,44
indiranagar,20,5,1,0,15,30,39
whitefield,20,5,1,0,12,26,28
marathahalli,20,5,1,0,14,36,35
hsr_layout,20,5,1,0,13,36,28
jp_nagar,20,5,1,0,11,23,27
electronic_city,20,5,1,0,10,20,28
hebbal,20,5,1,0,9,23,27
koramangala,21,5,1,0,18,40,48
indiranagar,21,5,1,0,15,30,33
whitefield,21,5,1,0,12,25,31
marathahalli,21,5,1,0,14,36,37
hsr_layout,21,5,1,0,13,33,33
jp_nagar,21,5,1,0,11,23,28
electronic_city,21,5,1,0,10,25,24
hebbal,21,5,1,0,9,18,21
koramangala,22,5,1,0,18,17,17
indiranagar,22,5,1,0,15,12,17
whitefield,22,5,1,0,12,12,13
marathahalli,22,5,1,0,14,12,13
hsr_layout,22,5,1,0,13,12,12
jp_nagar,22,5,1,0,11,11,13
electronic_city,22,5,1,0,10,10,8
hebbal,22,5,1,0,9,10,8
koramangala,23,5,1,0,18,22,18
indiranagar,23,5,1,0,15,16,14
whitefield,23,5,1,0,12,14,10
marathahalli,23,5,1,0,14,15,11
hsr_layout,23,5,1,0,13,13,14
jp_nagar,23,5,1,0,11,10,12
electronic_city,23,5,1,0,10,10,8
hebbal,23,5,1,0,9,9,10
koramangala,0,6,1,1,18,6,5
indiranagar,0,6,1,1,15,6,3
whitefield,0,6,1,1,12,3,5
marathahalli,0,6,1,1,14,4,5
hsr_layout,0,6,1,1,13,5,5
jp_nagar,0,6,1,1,11,3,4
electronic_city,0,6,1,1,10,3,2
hebbal,0,6,1,1,9,2,1
koramangala,1,6,1,1,18,5,5
indiranagar,1,6,1,1,15,5,3
whitefield,1,6,1,1,12,4,7
marathahalli,1,6,1,1,14,5,5
hsr_layout,1,6,1,1,13,5,1
jp_nagar,1,6,1,1,11,3,1
electronic_city,1,6,1,1,10,3,3
hebbal,1,6,1,1,9,3,3
koramangala,2,6,1,1,18,7,6
indiranagar,2,6,1,1,15,5,4
whitefield,2,6,1,1,12,5,3
marathahalli,2,6,1,1,14,4,5
hsr_layout,2,6,1,1,13,4,5
jp_nagar,2,6,1,1,11,4,0
electronic_city,2,6,1,1,10,3,2
hebbal,2,6,1,1,9,3,0
koramangala,3,6,1,1,18,7,7
indiranagar,3,6,1,1,15,6,9
whitefield,3,6,1,1,12,5,4
marathahalli,3,6,1,1,14,4,4
hsr_layout,3,6,1,1,13,4,6
jp_nagar,3,6,1,1,11,4,3
electronic_city,3,6,1,1,10,3,4
hebbal,3,6,1,1,9,3,3
koramangala,4,6,1,1,18,6,8
indiranagar,4,6,1,1,15,5,3
whitefield,4,6,1,1,12,3,4
marathahalli,4,6,1,1,14,6,2
hsr_layout,4,6,1,1,13,4,4
jp_nagar,4,6,1,1,11,4,2
electronic_city,4,6,1,1,10,4,2
hebbal,4,6,1,1,9,2,2
koramangala,5,6,1,1,18,6,6
indiranagar,5,6,1,1,15,6,6
whitefield,5,6,1,1,12,4,2
marathahalli,5,6,1,1,14,4,5
hsr_layout,5,6,1,1,13,5,3
jp_nagar,5,6,1,1,11,4,1
electronic_city,5,6,1,1,10,3,2
hebbal,5,6,1,1,9,3,2
koramangala,6,6,1,1,18,21,32
indiranagar,6,6,1,1,15,23,22
whitefield,6,6,1,1,12,14,14
marathahalli,6,6,1,1,14,16,19
hsr_layout,6,6,1,1,13,20,18
jp_nagar,6,6,1,1,11,16,18
electronic_city,6,6,1,1,10,16,10
hebbal,6,6,1,1,9,11,9
koramangala,7,6,1,1,18,36,40
indiranagar,7,6,1,1,15,27,29
whitefield,7,6,1,1,12,23,20
marathahalli,7,6,1,1,14,32,30
hsr_layout,7,6,1,1,13,25,23
jp_nagar,7,6,1,1,11,22,21
electronic_city,7,6,1,1,10,23,20
hebbal,7,6,1,1,9,17,18
koramangala,8,6,1,1,18,41,35
indiranagar,8,6,1,1,15,32,29
whitefield,8,6,1,1,12,25,25
marathahalli,8,6,1,1,14,25,26
hsr_layout,8,6,1,1,13,27,23
jp_nagar,8,6,1,1,11,24,23
electronic_city,8,6,1,1,10,24,21
hebbal,8,6,1,1,9,20,18
koramangala,9,6,1,1,18,44,42
indiranagar,9,6,1,1,15,34,32
whitefield,9,6,1,1,12,31,28
marathahalli,9,6,1,1,14,30,24
hsr_layout,9,6,1,1,13,31,30
jp_nagar,9,6,1,1,11,23,22
electronic_city,9,6,1,1,10,23,26
hebbal,9,6,1,1,9,19,16
koramangala,10,6,1,1,18,23,31
indiranagar,10,6,1,1,15,22,25
whitefield,10,6,1,1,12,16,18
marathahalli,10,6,1,1,14,21,24
hsr_layout,10,6,1,1,13,21,18
jp_nagar,10,6,1,1,11,13,15
electronic_city,10,6,1,1,10,13,13
hebbal,10,6,1,1,9,11,15
koramangala,11,6,1,1,18,54,47
indiranagar,11,6,1,1,15,36,46
whitefield,11,6,1,1,12,39,31
marathahalli,11,6,1,1,14,43,43
hsr_layout,11,6,1,1,13,38,34
jp_nagar,11,6,1,1,11,30,32
electronic_city,11,6,1,1,10,29,34
hebbal,11,6,1,1,9,24,23
koramangala,12,6,1,1,18,58,52
indiranagar,12,6,1,1,15,48,42
whitefield,12,6,1,1,12,38,36
marathahalli,12,6,1,1,14,36,38
hsr_layout,12,6,1,1,13,31,41
jp_nagar,12,6,1,1,11,32,31
electronic_city,12,6,1,1,10,30,29
hebbal,12,6,1,1,9,26,27
koramangala,13,6,1,1,18,45,56
indiranagar,13,6,1,1,15,36,38
whitefield,13,6,1,1,12,39,36
marathahalli,13,6,1,1,14,38,38
hsr_layout,13,6,1,1,13,40,32
jp_nagar,13,6,1,1,11,36,34
electronic_city,13,6,1,1,10,33,29
hebbal,13,6,1,1,9,20,19
koramangala,14,6,1,1,18,22,27
indiranagar,14,6,1,1,15,20,23
whitefield,14,6,1,1,12,15,18
marathahalli,14,6,1,1,14,18,18
hsr_layout,14,6,1,1,13,22,16
jp_nagar,14,6,1,1,11,18,14
electronic_city,14,6,1,1,10,17,13
hebbal,14,6,1,1,9,10,12
koramangala,15,6,1,1,18,31,23
indiranagar,15,6,1,1,15,18,20
whitefield,15,6,1,1,12,16,17
marathahalli,15,6,1,1,14,16,23
hsr_layout,15,6,1,1,13,21,19
jp_nagar,15,6,1,1,11,18,18
electronic_city,15,6,1,1,10,13,15
hebbal,15,6,1,1,9,12,14
koramangala,16,6,1,1,18,24,25
indiranagar,16,6,1,1,15,22,20
whitefield,16,6,1,1,12,17,17
marathahalli,16,6,1,1,14,19,23
hsr_layout,16,6,1,1,13,21,15
jp_nagar,16,6,1,1,11,19,15
electronic_city,16,6,1,1,10,12,12
hebbal,16,6,1,1,9,10,13
koramangala,17,6,1,1,18,26,25
indiranagar,17,6,1,1,15,26,19
whitefield,17,6,1,1,12,18,19
marathahalli,17,6,1,1,14,20,23
hsr_layout,17,6,1,1,13,19,18
jp_nagar,17,6,1,1,11,13,17
electronic_city,17,6,1,1,10,14,12
hebbal,17,6,1,1,9,12,11
koramangala,18,6,1,1,18,27,28
indiranagar,18,6,1,1,15,24,19
whitefield,18,6,1,1,12,17,15
marathahalli,18,6,1,1,14,20,18
hsr_layout,18,6,1,1,13,22,17
jp_nagar,18,6,1,1,11,17,12
electronic_city,18,6,1,1,10,14,14
hebbal,18,6,1,1,9,11,11
koramangala,19,6,1,1,18,74,71
indiranagar,19,6,1,1,15,57,52
whitefield,19,6,1,1,12,34,44
marathahalli,19,6,1,1,14,40,50
hsr_layout,19,6,1,1,13,49,51
jp_nagar,19,6,1,1,11,31,40
electronic_city,19,6,1,1,10,38,31
hebbal,19,6,1,1,9,25,30
koramangala,20,6,1,1,18,69,59
indiranagar,20,6,1,1,15,52,52
whitefield,20,6,1,1,12,45,40
marathahalli,20,6,1,1,14,57,52
hsr_layout,20,6,1,1,13,41,36
jp_nagar,20,6,1,1,11,44,38
electronic_city,20,6,1,1,10,37,35
hebbal,20,6,1,1,9,25,28
koramangala,21,6,1,1,18,54,53
indiranagar,21,6,1,1,15,62,53
whitefield,21,6,1,1,12,43,39
marathahalli,21,6,1,1,14,40,46
hsr_layout,21,6,1,1,13,51,41
jp_nagar,21,6,1,1,11,32,35
electronic_city,21,6,1,1,10,39,27
hebbal,21,6,1,1,9,26,28
koramangala,22,6,1,1,18,27,23
indiranagar,22,6,1,1,15,21,22
whitefield,22,6,1,1,12,15,16
marathahalli,22,6,1,1,14,20,19
hsr_layout,22,6,1,1,13,21,18
jp_nagar,22,6,1,1,11,13,11
electronic_city,22,6,1,1,10,17,13
hebbal,22,6,1,1,9,13,14
koramangala,23,6,1,1,18,29,25
indiranagar,23,6,1,1,15,21,21
whitefield,23,6,1,1,12,15,17
marathahalli,23,6,1,1,14,19,22
hsr_layout,23,6,1,1,13,20,16
jp_nagar,23,6,1,1,11,13,15
electronic_city,23,6,1,1,10,13,15
hebbal,23,6,1,1,9,14,10
koramangala,0,0,0,0,18,3,4
indiranagar,0,0,0,0,15,2,3
whitefield,0,0,0,0,12,1,0
marathahalli,0,0,0,0,14,2,1
hsr_layout,0,0,0,0,13,3,1
jp_nagar,0,0,0,0,11,1,1
electronic_city,0,0,0,0,10,2,2
hebbal,0,0,0,0,9,1,4
koramangala,1,0,0,0,18,4,4
indiranagar,1,0,0,0,15,2,0
whitefield,1,0,0,0,12,2,2
marathahalli,1,0,0,0,14,3,4
hsr_layout,1,0,0,0,13,2,2
jp_nagar,1,0,0,0,11,1,3
electronic_city,1,0,0,0,10,2,4
hebbal,1,0,0,0,9,1,2
koramangala,2,0,0,0,18,4,3
indiranagar,2,0,0,0,15,2,3
whitefield,2,0,0,0,12,2,2
marathahalli,2,0,0,0,14,2,2
hsr_layout,2,0,0,0,13,2,1
jp_nagar,2,0,0,0,11,2,4
electronic_city,2,0,0,0,10,2,0
hebbal,2,0,0,0,9,1,3
koramangala,3,0,0,0,18,3,3
indiranagar,3,0,0,0,15,2,0
whitefield,3,0,0,0,12,2,2
marathahalli,3,0,0,0,14,3,0
hsr_layout,3,0,0,0,13,2,2
jp_nagar,3,0,0,0,11,2,3
electronic_city,3,0,0,0,10,2,1
hebbal,3,0,0,0,9,1,1
koramangala,4,0,0,0,18,4,5
indiranagar,4,0,0,0,15,2,1
whitefield,4,0,0,0,12,1,0
marathahalli,4,0,0,0,14,2,4
hsr_layout,4,0,0,0,13,2,4
jp_nagar,4,0,0,0,11,1,2
electronic_city,4,0,0,0,10,1,3
hebbal,4,0,0,0,9,1,3
koramangala,5,0,0,0,18,3,1
indiranagar,5,0,0,0,15,3,1
whitefield,5,0,0,0,12,2,3
marathahalli,5,0,0,0,14,3,4
hsr_layout,5,0,0,0,13,2,2
jp_nagar,5,0,0,0,11,1,0
electronic_city,5,0,0,0,10,2,3
hebbal,5,0,0,0,9,1,1
koramangala,6,0,0,0,18,15,12
indiranagar,6,0,0,0,15,12,13
whitefield,6,0,0,0,12,9,11
marathahalli,6,0,0,0,14,13,12
hsr_layout,6,0,0,0,13,10,11
jp_nagar,6,0,0,0,11,9,9
electronic_city,6,0,0,0,10,8,6
hebbal,6,0,0,0,9,8,7
koramangala,7,0,0,0,18,21,18
indiranagar,7,0,0,0,15,21,16
whitefield,7,0,0,0,12,15,13
marathahalli,7,0,0,0,14,17,17
hsr_layout,7,0,0,0,13,13,15
jp_nagar,7,0,0,0,11,15,10
electronic_city,7,0,0,0,10,11,14
hebbal,7,0,0,0,9,11,11
koramangala,8,0,0,0,18,17,19
indiranagar,8,0,0,0,15,15,18
whitefield,8,0,0,0,12,16,13
marathahalli,8,0,0,0,14,15,13
hsr_layout,8,0,0,0,13,16,16
jp_nagar,8,0,0,0,11,11,9
electronic_city,8,0,0,0,10,13,10
hebbal,8,0,0,0,9,10,9
koramangala,9,0,0,0,18,21,20
indiranagar,9,0,0,0,15,18,17
whitefield,9,0,0,0,12,14,17
marathahalli,9,0,0,0,14,13,13
hsr_layout,9,0,0,0,13,17,13
jp_nagar,9,0,0,0,11,11,15
electronic_city,9,0,0,0,10,12,10
hebbal,9,0,0,0,9,11,12
koramangala,10,0,0,0,18,12,13
indiranagar,10,0,0,0,15,14,9
whitefield,10,0,0,0,12,8,9
marathahalli,10,0,0,0,14,11,10
hsr_layout,10,0,0,0,13,8,10
jp_nagar,10,0,0,0,11,7,4
electronic_city,10,0,0,0,10,6,6
hebbal,10,0,0,0,9,8,6
koramangala,11,0,0,0,18,25,28
indiranagar,11,0,0,0,15,27,20
whitefield,11,0,0,0,12,19,19
marathahalli,11,0,0,0,14,19,24
hsr_layout,11,0,0,0,13,20,23
jp_nagar,11,0,0,0,11,20,17
electronic_city,11,0,0,0,10,14,16
hebbal,11,0,0,0,9,14,10
koramangala,12,0,0,0,18,32,30
indiranagar,12,0,0,0,15,26,23
whitefield,12,0,0,0,12,17,15
marathahalli,12,0,0,0,14,19,19
hsr_layout,12,0,0,0,13,22,20
jp_nagar,12,0,0,0,11,17,19
electronic_city,12,0,0,0,10,13,14
hebbal,12,0,0,0,9,16,13
koramangala,13,0,0,0,18,31,23
indiranagar,13,0,0,0,15,23,18
whitefield,13,0,0,0,12,16,15
marathahalli,13,0,0,0,14,23,23
hsr_layout,13,0,0,0,13,20,22
jp_nagar,13,0,0,0,11,19,15
electronic_city,13,0,0,0,10,14,15
hebbal,13,0,0,0,9,14,14
koramangala,14,0,0,0,18,16,14
indiranagar,14,0,0,0,15,9,14
whitefield,14,0,0,0,12,9,10
marathahalli,14,0,0,0,14,11,10
hsr_layout,14,0,0,0,13,9,7
jp_nagar,14,0,0,0,11,7,4
electronic_city,14,0,0,0,10,8,6
hebbal,14,0,0,0,9,6,5
koramangala,15,0,0,0,18,14,14
indiranagar,15,0,0,0,15,13,11
whitefield,15,0,0,0,12,8,7
marathahalli,15,0,0,0,14,12,10
hsr_layout,15,0,0,0,13,12,12
jp_nagar,15,0,0,0,11,7,8
electronic_city,15,0,0,0,10,6,10
hebbal,15,0,0,0,9,6,8
koramangala,16,0,0,0,18,13,15
indiranagar,16,0,0,0,15,13,10
whitefield,16,0,0,0,12,10,10
marathahalli,16,0,0,0,14,9,9
hsr_layout,16,0,0,0,13,10,8
jp_nagar,16,0,0,0,11,10,10
electronic_city,16,0,0,0,10,8,6
hebbal,16,0,0,0,9,6,4
koramangala,17,0,0,0,18,13,14
indiranagar,17,0,0,0,15,11,12
whitefield,17,0,0,0,12,10,11
marathahalli,17,0,0,0,14,10,9
hsr_layout,17,0,0,0,13,10,11
jp_nagar,17,0,0,0,11,10,6
electronic_city,17,0,0,0,10,9,4
hebbal,17,0,0,0,9,6,4
koramangala,18,0,0,0,18,15,16
indiranagar,18,0,0,0,15,14,9
whitefield,18,0,0,0,12,8,9
marathahalli,18,0,0,0,14,9,8
hsr_layout,18,0,0,0,13,11,12
jp_nagar,18,0,0,0,11,7,10
electronic_city,18,0,0,0,10,9,11
hebbal,18,0,0,0,9,8,6
koramangala,19,0,0,0,18,35,30
indiranagar,19,0,0,0,15,33,28
whitefield,19,0,0,0,12,19,27
marathahalli,19,0,0,0,14,26,28
hsr_layout,19,0,0,0,13,25,27
jp_nagar,19,0,0,0,11,19,20
electronic_city,19,0,0,0,10,20,16
hebbal,19,0,0,0,9,15,15
koramangala,20,0,0,0,18,39,34
indiranagar,20,0,0,0,15,24,28
whitefield,20,0,0,0,12,18,25
marathahalli,20,0,0,0,14,21,27
hsr_layout,20,0,0,0,13,27,19
jp_nagar,20,0,0,0,11,21,20
electronic_city,20,0,0,0,10,21,21
hebbal,20,0,0,0,9,16,14
koramangala,21,0,0,0,18,35,27
indiranagar,21,0,0,0,15,31,31
whitefield,21,0,0,0,12,19,22
marathahalli,21,0,0,0,14,28,23
hsr_layout,21,0,0,0,13,24,22
jp_nagar,21,0,0,0,11,22,23
electronic_city,21,0,0,0,10,20,14
hebbal,21,0,0,0,9,16,19
koramangala,22,0,0,0,18,16,13
indiranagar,22,0,0,0,15,13,10
whitefield,22,0,0,0,12,9,7
marathahalli,22,0,0,0,14,12,7
hsr_layout,22,0,0,0,13,12,9
jp_nagar,22,0,0,0,11,7,9
electronic_city,22,0,0,0,10,7,8
hebbal,22,0,0,0,9,7,7
koramangala,23,0,0,0,18,16,8
indiranagar,23,0,0,0,15,13,11
whitefield,23,0,0,0,12,7,9
marathahalli,23,0,0,0,14,11,10
hsr_layout,23,0,0,0,13,8,7
jp_nagar,23,0,0,0,11,9,6
electronic_city,23,0,0,0,10,6,8
hebbal,23,0,0,0,9,5,6
koramangala,0,1,0,0,18,4,0
indiranagar,0,1,0,0,15,2,0
whitefield,0,1,0,0,12,2,1
marathahalli,0,1,0,0,14,3,2
hsr_layout,0,1,0,0,13,2,0
jp_nagar,0,1,0,0,11,2,1
electronic_city,0,1,0,0,10,2,0
hebbal,0,1,0,0,9,1,3
koramangala,1,1,0,0,18,3,2
indiranagar,1,1,0,0,15,2,3
whitefield,1,1,0,0,12,2,2
marathahalli,1,1,0,0,14,2,0
hsr_layout,1,1,0,0,13,2,3
jp_nagar,1,1,0,0,11,2,2
electronic_city,1,1,0,0,10,1,2
hebbal,1,1,0,0,9,1,6
koramangala,2,1,0,0,18,4,0
indiranagar,2,1,0,0,15,3,4
whitefield,2,1,0,0,12,2,1
marathahalli,2,1,0,0,14,2,3
hsr_layout,2,1,0,0,13,2,1
jp_nagar,2,1,0,0,11,2,1
electronic_city,2,1,0,0,10,2,0
hebbal,2,1,0,0,9,1,1
koramangala,3,1,0,0,18,3,0
indiranagar,3,1,0,0,15,2,4
whitefield,3,1,0,0,12,2,1
marathahalli,3,1,0,0,14,2,0
hsr_layout,3,1,0,0,13,2,1
jp_nagar,3,1,0,0,11,2,3
electronic_city,3,1,0,0,10,2,1
hebbal,3,1,0,0,9,1,1
koramangala,4,1,0,0,18,3,1
indiranagar,4,1,0,0,15,2,3
whitefield,4,1,0,0,12,2,3
marathahalli,4,1,0,0,14,3,4
hsr_layout,4,1,0,0,13,2,1
jp_nagar,4,1,0,0,11,1,3
electronic_city,4,1,0,0,10,2,1
hebbal,4,1,0,0,9,2,2
koramangala,5,1,0,0,18,3,1
indiranagar,5,1,0,0,15,2,3
whitefield,5,1,0,0,12,1,1
marathahalli,5,1,0,0,14,2,1
hsr_layout,5,1,0,0,13,2,2
jp_nagar,5,1,0,0,11,1,2
electronic_city,5,1,0,0,10,1,0
hebbal,5,1,0,0,9,1,1
koramangala,6,1,0,0,18,13,18
indiranagar,6,1,0,0,15,11,12
whitefield,6,1,0,0,12,8,10
marathahalli,6,1,0,0,14,10,8
hsr_layout,6,1,0,0,13,11,9
jp_nagar,6,1,0,0,11,8,10
electronic_city,6,1,0,0,10,7,8
hebbal,6,1,0,0,9,8,10
koramangala,7,1,0,0,18,22,18
indiranagar,7,1,0,0,15,18,19
whitefield,7,1,0,0,12,14,12
marathahalli,7,1,0,0,14,18,17
hsr_layout,7,1,0,0,13,13,16
jp_nagar,7,1,0,0,11,12,11
electronic_city,7,1,0,0,10,13,11
hebbal,7,1,0,0,9,9,8
koramangala,8,1,0,0,18,22,22
indiranagar,8,1,0,0,15,15,18
whitefield,8,1,0,0,12,13,12
marathahalli,8,1,0,0,14,17,11
hsr_layout,8,1,0,0,13,16,12
jp_nagar,8,1,0,0,11,13,8
electronic_city,8,1,0,0,10,11,13
hebbal,8,1,0,0,9,12,13
koramangala,9,1,0,0,18,20,19
indiranagar,9,1,0,0,15,20,19
whitefield,9,1,0,0,12,13,11
marathahalli,9,1,0,0,14,15,21
hsr_layout,9,1,0,0,13,17,14
jp_nagar,9,1,0,0,11,14,11
electronic_city,9,1,0,0,10,14,14
hebbal,9,1,0,0,9,9,9
koramangala,10,1,0,0,18,17,12
indiranagar,10,1,0,0,15,13,9
whitefield,10,1,0,0,12,9,7
marathahalli,10,1,0,0,14,9,9
hsr_layout,10,1,0,0,13,11,12
jp_nagar,10,1,0,0,11,7,9
electronic_city,10,1,0,0,10,8,7
hebbal,10,1,0,0,9,6,7
koramangala,11,1,0,0,18,27,26
indiranagar,11,1,0,0,15,26,25
whitefield,11,1,0,0,12,16,14
marathahalli,11,1,0,0,14,21,21
hsr_layout,11,1,0,0,13,16,19
jp_nagar,11,1,0,0,11,19,18
electronic_city,11,1,0,0,10,16,16
hebbal,11,1,0,0,9,11,12
koramangala,12,1,0,0,18,26,33
indiranagar,12,1,0,0,15,27,21
whitefield,12,1,0,0,12,20,21
marathahalli,12,1,0,0,14,21,22
hsr_layout,12,1,0,0,13,22,19
jp_nagar,12,1,0,0,11,14,17
electronic_city,12,1,0,0,10,19,14
hebbal,12,1,0,0,9,15,14
koramangala,13,1,0,0,18,29,28
indiranagar,13,1,0,0,15,25,21
whitefield,13,1,0,0,12,20,16
marathahalli,13,1,0,0,14,22,22
hsr_layout,13,1,0,0,13,23,16
jp_nagar,13,1,0,0,11,14,19
electronic_city,13,1,0,0,10,18,16
hebbal,13,1,0,0,9,12,13
koramangala,14,1,0,0,18,13,16
indiranagar,14,1,0,0,15,11,10
whitefield,14,1,0,0,12,9,8
marathahalli,14,1,0,0,14,11,12
hsr_layout,14,1,0,0,13,9,9
jp_nagar,14,1,0,0,11,9,6
electronic_city,14,1,0,0,10,9,8
hebbal,14,1,0,0,9,7,5
koramangala,15,1,0,0,18,15,12
indiranagar,15,1,0,0,15,10,10
whitefield,15,1,0,0,12,10,7
marathahalli,15,1,0,0,14,11,12
hsr_layout,15,1,0,0,13,10,9
jp_nagar,15,1,0,0,11,10,4
electronic_city,15,1,0,0,10,6,7
hebbal,15,1,0,0,9,6,5
koramangala,16,1,0,0,18,15,16
indiranagar,16,1,0,0,15,12,11
whitefield,16,1,0,0,12,9,9
marathahalli,16,1,0,0,14,9,12
hsr_layout,16,1,0,0,13,8,9
jp_nagar,16,1,0,0,11,10,5
electronic_city,16,1,0,0,10,7,6
hebbal,16,1,0,0,9,8,9
koramangala,17,1,0,0,18,14,12
indiranagar,17,1,0,0,15,11,7
whitefield,17,1,0,0,12,7,9
marathahalli,17,1,0,0,14,9,12
hsr_layout,17,1,0,0,13,8,10
jp_nagar,17,1,0,0,11,7,6
electronic_city,17,1,0,0,10,6,7
hebbal,17,1,0,0,9,8,7
koramangala,18,1,0,0,18,15,12
indiranagar,18,1,0,0,15,9,9
whitefield,18,1,0,0,12,10,9
marathahalli,18,1,0,0,14,9,9
hsr_layout,18,1,0,0,13,9,8
jp_nagar,18,1,0,0,11,9,9
electronic_city,18,1,0,0,10,8,5
hebbal,18,1,0,0,9,6,7
koramangala,19,1,0,0,18,29,32
indiranagar,19,1,0,0,15,23,29
whitefield,19,1,0,0,12,26,25
marathahalli,19,1,0,0,14,24,23
hsr_layout,19,1,0,0,13,24,25
jp_nagar,19,1,0,0,11,18,21
electronic_city,19,1,0,0,10,15,17
hebbal,19,1,0,0,9,13,14
koramangala,20,1,0,0,18,29,31
indiranagar,20,1,0,0,15,33,28
whitefield,20,1,0,0,12,27,19
marathahalli,20,1,0,0,14,23,26
hsr_layout,20,1,0,0,13,26,24
jp_nagar,20,1,0,0,11,21,16
electronic_city,20,1,0,0,10,22,18
hebbal,20,1,0,0,9,16,15
koramangala,21,1,0,0,18,30,31
indiranagar,21,1,0,0,15,24,33
whitefield,21,1,0,0,12,19,17
marathahalli,21,1,0,0,14,22,26
hsr_layout,21,1,0,0,13,26,24
jp_nagar,21,1,0,0,11,17,17
electronic_city,21,1,0,0,10,16,19
hebbal,21,1,0,0,9,17,14
koramangala,22,1,0,0,18,17,13
indiranagar,22,1,0,0,15,12,11
whitefield,22,1,0,0,12,10,6
marathahalli,22,1,0,0,14,9,11
hsr_layout,22,1,0,0,13,10,10
jp_nagar,22,1,0,0,11,7,9
electronic_city,22,1,0,0,10,7,6
hebbal,22,1,0,0,9,7,6
koramangala,23,1,0,0,18,12,9
indiranagar,23,1,0,0,15,11,12
whitefield,23,1,0,0,12,8,12
marathahalli,23,1,0,0,14,13,9
hsr_layout,23,1,0,0,13,12,9
jp_nagar,23,1,0,0,11,9,11
electronic_city,23,1,0,0,10,6,6
hebbal,23,1,0,0,9,7,8
koramangala,0,2,0,0,18,3,3
indiranagar,0,2,0,0,15,3,5
whitefield,0,2,0,0,12,2,0
marathahalli,0,2,0,0,14,2,4
hsr_layout,0,2,0,0,13,2,3
jp_nagar,0,2,0,0,11,2,1
electronic_city,0,2,0,0,10,1,1
hebbal,0,2,0,0,9,1,0
koramangala,1,2,0,0,18,3,4
indiranagar,1,2,0,0,15,2,3
whitefield,1,2,0,0,12,2,0
marathahalli,1,2,0,0,14,3,0
hsr_layout,1,2,0,0,13,2,1
jp_nagar,1,2,0,0,11,1,2
electronic_city,1,2,0,0,10,2,1
hebbal,1,2,0,0,9,1,2
koramangala,2,2,0,0,18,3,0
indiranagar,2,2,0,0,15,2,3
whitefield,2,2,0,0,12,2,0
marathahalli,2,2,0,0,14,2,3
hsr_layout,2,2,0,0,13,3,1
jp_nagar,2,2,0,0,11,2,2
electronic_city,2,2,0,0,10,1,0
hebbal,2,2,0,0,9,1,2
koramangala,3,2,0,0,18,3,4
indiranagar,3,2,0,0,15,2,2
whitefield,3,2,0,0,12,2,1
marathahalli,3,2,0,0,14,2,2
hsr_layout,3,2,0,0,13,2,0
jp_nagar,3,2,0,0,11,2,3
electronic_city,3,2,0,0,10,2,4
hebbal,3,2,0,0,9,1,2
koramangala,4,2,0,0,18,4,1
indiranagar,4,2,0,0,15,2,3
whitefield,4,2,0,0,12,2,0
marathahalli,4,2,0,0,14,2,3
hsr_layout,4,2,0,0,13,2,2
jp_nagar,4,2,0,0,11,1,0
electronic_city,4,2,0,0,10,1,0
hebbal,4,2,0,0,9,1,0
koramangala,5,2,0,0,18,3,2
indiranagar,5,2,0,0,15,2,1
whitefield,5,2,0,0,12,2,2
marathahalli,5,2,0,0,14,2,2
hsr_layout,5,2,0,0,13,2,1
jp_nagar,5,2,0,0,11,2,0
electronic_city,5,2,0,0,10,2,3
hebbal,5,2,0,0,9,2,3
koramangala,6,2,0,0,18,15,13
indiranagar,6,2,0,0,15,14,10
whitefield,6,2,0,0,12,9,9
marathahalli,6,2,0,0,14,12,8
hsr_layout,6,2,0,0,13,11,8
jp_nagar,6,2,0,0,11,8,10
electronic_city,6,2,0,0,10,7,5
hebbal,6,2,0,0,9,6,8
koramangala,7,2,0,0,18,21,23
indiranagar,7,2,0,0,15,20,18
whitefield,7,2,0,0,12,14,12
marathahalli,7,2,0,0,14,13,18
hsr_layout,7,2,0,0,13,14,11
jp_nagar,7,2,0,0,11,14,13
electronic_city,7,2,0,0,10,13,10
hebbal,7,2,0,0,9,10,9
koramangala,8,2,0,0,18,24,22
indiranagar,8,2,0,0,15,15,17
whitefield,8,2,0,0,12,15,13
marathahalli,8,2,0,0,14,18,15
hsr_layout,8,2,0,0,13,15,15
jp_nagar,8,2,0,0,11,12,9
electronic_city,8,2,0,0,10,11,11
hebbal,8,2,0,0,9,9,8
koramangala,9,2,0,0,18,23,23
indiranagar,9,2,0,0,15,18,16
whitefield,9,2,0,0,12,17,13
marathahalli,9,2,0,0,14,16,17
hsr_layout,9,2,0,0,13,15,15
jp_nagar,9,2,0,0,11,14,10
electronic_city,9,2,0,0,10,12,13
hebbal,9,2,0,0,9,10,9
koramangala,10,2,0,0,18,12,7
indiranagar,10,2,0,0,15,12,10
whitefield,10,2,0,0,12,9,7
marathahalli,10,2,0,0,14,12,6
hsr_layout,10,2,0,0,13,9,8
jp_nagar,10,2,0,0,11,9,9
electronic_city,10,2,0,0,10,7,9
hebbal,10,2,0,0,9,6,6
koramangala,11,2,0,0,18,25,25
indiranagar,11,2,0,0,15,27,23
whitefield,11,2,0,0,12,19,17
marathahalli,11,2,0,0,14,23,17
hsr_layout,11,2,0,0,13,17,16
jp_nagar,11,2,0,0,11,15,16
electronic_city,11,2,0,0,10,17,13
hebbal,11,2,0,0,9,16,16
koramangala,12,2,0,0,18,28,23
indiranagar,12,2,0,0,15,27,20
whitefield,12,2,0,0,12,19,19
marathahalli,12,2,0,0,14,25,21
hsr_layout,12,2,0,0,13,19,19
jp_nagar,12,2,0,0,11,14,20
electronic_city,12,2,0,0,10,17,12
hebbal,12,2,0,0,9,12,13
koramangala,13,2,0,0,18,33,25
indiranagar,13,2,0,0,15,27,26
whitefield,13,2,0,0,12,22,18
marathahalli,13,2,0,0,14,25,20
hsr_layout,13,2,0,0,13,17,23
jp_nagar,13,2,0,0,11,16,18
electronic_city,13,2,0,0,10,15,15
hebbal,13,2,0,0,9,12,13
koramangala,14,2,0,0,18,12,10
indiranagar,14,2,0,0,15,14,12
whitefield,14,2,0,0,12,8,7
marathahalli,14,2,0,0,14,11,11
hsr_layout,14,2,0,0,13,12,10
jp_nagar,14,2,0,0,11,8,11
electronic_city,14,2,0,0,10,9,7
hebbal,14,2,0,0,9,8,7
koramangala,15,2,0,0,18,15,18
indiranagar,15,2,0,0,15,9,12
whitefield,15,2,0,0,12,10,7
marathahalli,15,2,0,0,14,11,9
hsr_layout,15,2,0,0,13,11,12
jp_nagar,15,2,0,0,11,7,5
electronic_city,15,2,0,0,10,7,8
hebbal,15,2,0,0,9,6,7
koramangala,16,2,0,0,18,12,15
indiranagar,16,2,0,0,15,13,11
whitefield,16,2,0,0,12,11,9
marathahalli,16,2,0,0,14,13,11
hsr_layout,16,2,0,0,13,8,9
jp_nagar,16,2,0,0,11,7,6
electronic_city,16,2,0,0,10,9,6
hebbal,16,2,0,0,9,7,9
koramangala,17,2,0,0,18,15,14
indiranagar,17,2,0,0,15,9,13
whitefield,17,2,0,0,12,10,11
marathahalli,17,2,0,0,14,11,8
hsr_layout,17,2,0,0,13,11,13
jp_nagar,17,2,0,0,11,10,11
electronic_city,17,2,0,0,10,9,9
hebbal,17,2,0,0,9,7,8
koramangala,18,2,0,0,18,14,12
indiranagar,18,2,0,0,15,13,10
whitefield,18,2,0,0,12,7,6
marathahalli,18,2,0,0,14,11,12
hsr_layout,18,2,0,0,13,11,7
jp_nagar,18,2,0,0,11,8,10
electronic_city,18,2,0,0,10,7,8
hebbal,18,2,0,0,9,6,8
koramangala,19,2,0,0,18,40,37
indiranagar,19,2,0,0,15,31,29
whitefield,19,2,0,0,12,24,22
marathahalli,19,2,0,0,14,24,27
hsr_layout,19,2,0,0,13,27,23
jp_nagar,19,2,0,0,11,22,21
electronic_city,19,2,0,0,10,21,16
hebbal,19,2,0,0,9,16,11
koramangala,20,2,0,0,18,39,36
indiranagar,20,2,0,0,15,32,28
whitefield,20,2,0,0,12,26,23
marathahalli,20,2,0,0,14,28,27
hsr_layout,20,2,0,0,13,28,29
jp_nagar,20,2,0,0,11,18,20
electronic_city,20,2,0,0,10,16,18
hebbal,20,2,0,0,9,16,16
koramangala,21,2,0,0,18,28,32
indiranagar,21,2,0,0,15,33,29
whitefield,21,2,0,0,12,24,19
marathahalli,21,2,0,0,14,31,27
hsr_layout,21,2,0,0,13,26,20
jp_nagar,21,2,0,0,11,22,19
electronic_city,21,2,0,0,10,21,20
hebbal,21,2,0,0,9,15,15
koramangala,22,2,0,0,18,12,15
indiranagar,22,2,0,0,15,12,10
whitefield,22,2,0,0,12,8,10
marathahalli,22,2,0,0,14,10,10
hsr_layout,22,2,0,0,13,8,9
jp_nagar,22,2,0,0,11,7,10
electronic_city,22,2,0,0,10,9,7
hebbal,22,2,0,0,9,7,7
koramangala,23,2,0,0,18,11,10
indiranagar,23,2,0,0,15,11,10
whitefield,23,2,0,0,12,10,11
marathahalli,23,2,0,0,14,12,13
hsr_layout,23,2,0,0,13,9,8
jp_nagar,23,2,0,0,11,7,8
electronic_city,23,2,0,0,10,7,6
hebbal,23,2,0,0,9,8,9
koramangala,0,3,0,0,18,3,3
indiranagar,0,3,0,0,15,2,4
whitefield,0,3,0,0,12,2,0
marathahalli,0,3,0,0,14,2,1
hsr_layout,0,3,0,0,13,3,2
jp_nagar,0,3,0,0,11,2,2
electronic_city,0,3,0,0,10,2,1
hebbal,0,3,0,0,9,2,0
koramangala,1,3,0,0,18,3,4
indiranagar,1,3,0,0,15,2,3
whitefield,1,3,0,0,12,1,0
marathahalli,1,3,0,0,14,3,5
hsr_layout,1,3,0,0,13,2,3
jp_nagar,1,3,0,0,11,2,2
electronic_city,1,3,0,0,10,2,2
hebbal,1,3,0,0,9,1,1
koramangala,2,3,0,0,18,4,1
indiranagar,2,3,0,0,15,3,3
whitefield,2,3,0,0,12,2,0
marathahalli,2,3,0,0,14,2,4
hsr_layout,2,3,0,0,13,2,0
jp_nagar,2,3,0,0,11,1,3
electronic_city,2,3,0,0,10,1,1
hebbal,2,3,0,0,9,1,1
koramangala,3,3,0,0,18,4,2
indiranagar,3,3,0,0,15,2,2
whitefield,3,3,0,0,12,2,4
marathahalli,3,3,0,0,14,3,0
hsr_layout,3,3,0,0,13,2,3
jp_nagar,3,3,0,0,11,2,1
electronic_city,3,3,0,0,10,1,0
hebbal,3,3,0,0,9,1,0
koramangala,4,3,0,0,18,3,5
indiranagar,4,3,0,0,15,3,1
whitefield,4,3,0,0,12,2,0
marathahalli,4,3,0,0,14,2,4
hsr_layout,4,3,0,0,13,2,2
jp_nagar,4,3,0,0,11,1,0
electronic_city,4,3,0,0,10,2,1
hebbal,4,3,0,0,9,1,0
koramangala,5,3,0,0,18,4,4
indiranagar,5,3,0,0,15,2,4
whitefield,5,3,0,0,12,2,2
marathahalli,5,3,0,0,14,3,2
hsr_layout,5,3,0,0,13,2,4
jp_nagar,5,3,0,0,11,2,1
electronic_city,5,3,0,0,10,1,0
hebbal,5,3,0,0,9,1,2
koramangala,6,3,0,0,18,14,16
indiranagar,6,3,0,0,15,9,10
whitefield,6,3,0,0,12,8,7
marathahalli,6,3,0,0,14,9,12
hsr_layout,6,3,0,0,13,9,9
jp_nagar,6,3,0,0,11,7,8
electronic_city,6,3,0,0,10,9,8
hebbal,6,3,0,0,9,8,9
koramangala,7,3,0,0,18,24,20
indiranagar,7,3,0,0,15,19,16
whitefield,7,3,0,0,12,12,11
marathahalli,7,3,0,0,14,16,18
hsr_layout,7,3,0,0,13,14,17
jp_nagar,7,3,0,0,11,11,13
electronic_city,7,3,0,0,10,13,11
hebbal,7,3,0,0,9,10,11
koramangala,8,3,0,0,18,21,20
indiranagar,8,3,0,0,15,17,20
whitefield,8,3,0,0,12,16,15
marathahalli,8,3,0,0,14,16,13
hsr_layout,8,3,0,0,13,12,16
jp_nagar,8,3,0,0,11,13,12
electronic_city,8,3,0,0,10,12,12
hebbal,8,3,0,0,9,10,8
koramangala,9,3,0,0,18,21,17
indiranagar,9,3,0,0,15,17,19
whitefield,9,3,0,0,12,14,12
marathahalli,9,3,0,0,14,14,20
hsr_layout,9,3,0,0,13,17,16
jp_nagar,9,3,0,0,11,12,10
electronic_city,9,3,0,0,10,9,8
hebbal,9,3,0,0,9,9,11
koramangala,10,3,0,0,18,12,13
indiranagar,10,3,0,0,15,12,13
whitefield,10,3,0,0,12,8,7
marathahalli,10,3,0,0,14,11,11
hsr_layout,10,3,0,0,13,11,10
jp_nagar,10,3,0,0,11,7,7
electronic_city,10,3,0,0,10,6,7
hebbal,10,3,0,0,9,6,6
koramangala,11,3,0,0,18,28,30
indiranagar,11,3,0,0,15,25,22
whitefield,11,3,0,0,12,22,20
marathahalli,11,3,0,0,14,19,19
hsr_layout,11,3,0,0,13,22,21
jp_nagar,11,3,0,0,11,20,11
electronic_city,11,3,0,0,10,16,13
hebbal,11,3,0,0,9,12,10
koramangala,12,3,0,0,18,28,28
indiranagar,12,3,0,0,15,27,24
whitefield,12,3,0,0,12,19,16
marathahalli,12,3,0,0,14,23,22
hsr_layout,12,3,0,0,13,19,19
jp_nagar,12,3,0,0,11,18,19
electronic_city,12,3,0,0,10,14,13
hebbal,12,3,0,0,9,11,12
koramangala,13,3,0,0,18,23,32
indiranagar,13,3,0,0,15,27,21
whitefield,13,3,0,0,12,20,19
marathahalli,13,3,0,0,14,21,21
hsr_layout,13,3,0,0,13,23,20
jp_nagar,13,3,0,0,11,16,19
electronic_city,13,3,0,0,10,15,10
hebbal,13,3,0,0,9,12,10
koramangala,14,3,0,0,18,15,15
indiranagar,14,3,0,0,15,11,11
whitefield,14,3,0,0,12,9,8
marathahalli,14,3,0,0,14,11,10
hsr_layout,14,3,0,0,13,8,11
jp_nagar,14,3,0,0,11,9,10
electronic_city,14,3,0,0,10,9,8
hebbal,14,3,0,0,9,7,8
koramangala,15,3,0,0,18,14,14
indiranagar,15,3,0,0,15,11,10
whitefield,15,3,0,0,12,9,7
marathahalli,15,3,0,0,14,12,12
hsr_layout,15,3,0,0,13,10,12
jp_nagar,15,3,0,0,11,8,8
electronic_city,15,3,0,0,10,7,3
hebbal,15,3,0,0,9,8,5
koramangala,16,3,0,0,18,14,13
indiranagar,16,3,0,0,15,14,10
whitefield,16,3,0,0,12,10,10
marathahalli,16,3,0,0,14,10,7
hsr_layout,16,3,0,0,13,9,9
jp_nagar,16,3,0,0,11,7,11
electronic_city,16,3,0,0,10,7,11
hebbal,16,3,0,0,9,8,6
koramangala,17,3,0,0,18,12,13
indiranagar,17,3,0,0,15,13,13
whitefield,17,3,0,0,12,10,10
marathahalli,17,3,0,0,14,12,11
hsr_layout,17,3,0,0,13,11,11
jp_nagar,17,3,0,0,11,9,4
electronic_city,17,3,0,0,10,8,9
hebbal,17,3,0,0,9,6,6
koramangala,18,3,0,0,18,15,11
indiranagar,18,3,0,0,15,11,16
whitefield,18,3,0,0,12,8,6
marathahalli,18,3,0,0,14,9,8
hsr_layout,18,3,0,0,13,11,11
jp_nagar,18,3,0,0,11,7,7
electronic_city,18,3,0,0,10,9,5
hebbal,18,3,0,0,9,5,6
koramangala,19,3,0,0,18,35,31
indiranagar,19,3,0,0,15,25,26
whitefield,19,3,0,0,12,21,19
marathahalli,19,3,0,0,14,21,28
hsr_layout,19,3,0,0,13,22,21
jp_nagar,19,3,0,0,11,22,19
electronic_city,19,3,0,0,10,20,20
hebbal,19,3,0,0,9,20,16
koramangala,20,3,0,0,18,33,34
indiranagar,20,3,0,0,15,24,26
whitefield,20,3,0,0,12,23,24
marathahalli,20,3,0,0,14,31,31
hsr_layout,20,3,0,0,13,20,21
jp_nagar,20,3,0,0,11,21,24
electronic_city,20,3,0,0,10,22,17
hebbal,20,3,0,0,9,15,18
koramangala,21,3,0,0,18,34,36
indiranagar,21,3,0,0,15,23,28
whitefield,21,3,0,0,12,21,23
marathahalli,21,3,0,0,14,30,27
hsr_layout,21,3,0,0,13,23,26
jp_nagar,21,3,0,0,11,18,20
electronic_city,21,3,0,0,10,17,17
hebbal,21,3,0,0,9,14,16
koramangala,22,3,0,0,18,15,13
indiranagar,22,3,0,0,15,12,9
whitefield,22,3,0,0,12,10,9
marathahalli,22,3,0,0,14,9,14
hsr_layout,22,3,0,0,13,10,11
jp_nagar,22,3,0,0,11,8,7
electronic_city,22,3,0,0,10,8,6
hebbal,22,3,0,0,9,5,4
koramangala,23,3,0,0,18,11,14
indiranagar,23,3,0,0,15,14,9
whitefield,23,3,0,0,12,8,9
marathahalli,23,3,0,0,14,9,7
hsr_layout,23,3,0,0,13,11,9
jp_nagar,23,3,0,0,11,9,8
electronic_city,23,3,0,0,10,6,3
hebbal,23,3,0,0,9,7,10
koramangala,0,4,0,0,18,3,4
indiranagar,0,4,0,0,15,3,2
whitefield,0,4,0,0,12,2,2
marathahalli,0,4,0,0,14,3,0
hsr_layout,0,4,0,0,13,2,4
jp_nagar,0,4,0,0,11,2,4
electronic_city,0,4,0,0,10,1,1
hebbal,0,4,0,0,9,1,2
koramangala,1,4,0,0,18,3,3
indiranagar,1,4,0,0,15,3,0
whitefield,1,4,0,0,12,2,1
marathahalli,1,4,0,0,14,2,2
hsr_layout,1,4,0,0,13,2,1
jp_nagar,1,4,0,0,11,2,0
electronic_city,1,4,0,0,10,2,0
hebbal,1,4,0,0,9,1,0
koramangala,2,4,0,0,18,3,3
indiranagar,2,4,0,0,15,2,0
whitefield,2,4,0,0,12,2,0
marathahalli,2,4,0,0,14,2,1
hsr_layout,2,4,0,0,13,2,3
jp_nagar,2,4,0,0,11,1,0
electronic_city,2,4,0,0,10,1,3
hebbal,2,4,0,0,9,1,3
koramangala,3,4,0,0,18,3,2
indiranagar,3,4,0,0,15,2,0
whitefield,3,4,0,0,12,2,1
marathahalli,3,4,0,0,14,3,2
hsr_layout,3,4,0,0,13,2,0
jp_nagar,3,4,0,0,11,2,1
electronic_city,3,4,0,0,10,2,3
hebbal,3,4,0,0,9,1,1
koramangala,4,4,0,0,18,3,1
indiranagar,4,4,0,0,15,3,0
whitefield,4,4,0,0,12,2,1
marathahalli,4,4,0,0,14,2,2
hsr_layout,4,4,0,0,13,2,2
jp_nagar,4,4,0,0,11,2,1
electronic_city,4,4,0,0,10,1,1
hebbal,4,4,0,0,9,2,3
koramangala,5,4,0,0,18,3,4
indiranagar,5,4,0,0,15,3,2
whitefield,5,4,0,0,12,2,1
marathahalli,5,4,0,0,14,2,1
hsr_layout,5,4,0,0,13,2,3
jp_nagar,5,4,0,0,11,2,1
electronic_city,5,4,0,0,10,2,2
hebbal,5,4,0,0,9,1,1
koramangala,6,4,0,0,18,15,11
indiranagar,6,4,0,0,15,12,10
whitefield,6,4,0,0,12,8,8
marathahalli,6,4,0,0,14,11,11
hsr_layout,6,4,0,0,13,12,9
jp_nagar,6,4,0,0,11,10,8
electronic_city,6,4,0,0,10,7,8
hebbal,6,4,0,0,9,7,4
koramangala,7,4,0,0,18,18,22
indiranagar,7,4,0,0,15,21,13
whitefield,7,4,0,0,12,14,15
marathahalli,7,4,0,0,14,14,17
hsr_layout,7,4,0,0,13,12,15
jp_nagar,7,4,0,0,11,15,12
electronic_city,7,4,0,0,10,13,12
hebbal,7,4,0,0,9,9,6
koramangala,8,4,0,0,18,24,21
indiranagar,8,4,0,0,15,18,14
whitefield,8,4,0,0,12,16,13
marathahalli,8,4,0,0,14,16,19
hsr_layout,8,4,0,0,13,16,15
jp_nagar,8,4,0,0,11,13,11
electronic_city,8,4,0,0,10,11,10
hebbal,8,4,0,0,9,12,13
koramangala,9,4,0,0,18,24,19
indiranagar,9,4,0,0,15,17,14
whitefield,9,4,0,0,12,13,16
marathahalli,9,4,0,0,14,19,20
hsr_layout,9,4,0,0,13,17,15
jp_nagar,9,4,0,0,11,15,12
electronic_city,9,4,0,0,10,12,16
hebbal,9,4,0,0,9,11,12
koramangala,10,4,0,0,18,12,15
indiranagar,10,4,0,0,15,10,10
whitefield,10,4,0,0,12,9,7
marathahalli,10,4,0,0,14,11,9
hsr_layout,10,4,0,0,13,10,11
jp_nagar,10,4,0,0,11,7,11
electronic_city,10,4,0,0,10,6,7
hebbal,10,4,0,0,9,8,4
koramangala,11,4,0,0,18,31,34
indiranagar,11,4,0,0,15,23,26
whitefield,11,4,0,0,12,20,19
marathahalli,11,4,0,0,14,18,26
hsr_layout,11,4,0,0,13,16,18
jp_nagar,11,4,0,0,11,17,18
electronic_city,11,4,0,0,10,14,13
hebbal,11,4,0,0,9,12,9
koramangala,12,4,0,0,18,24,25
indiranagar,12,4,0,0,15,21,24
whitefield,12,4,0,0,12,17,15
marathahalli,12,4,0,0,14,19,22
hsr_layout,12,4,0,0,13,19,17
jp_nagar,12,4,0,0,11,14,17
electronic_city,12,4,0,0,10,14,14
hebbal,12,4,0,0,9,13,11
koramangala,13,4,0,0,18,32,25
indiranagar,13,4,0,0,15,21,23
whitefield,13,4,0,0,12,19,15
marathahalli,13,4,0,0,14,24,22
hsr_layout,13,4,0,0,13,17,19
jp_nagar,13,4,0,0,11,17,17
electronic_city,13,4,0,0,10,15,15
hebbal,13,4,0,0,9,12,17
koramangala,14,4,0,0,18,13,16
indiranagar,14,4,0,0,15,12,12
whitefield,14,4,0,0,12,9,9
marathahalli,14,4,0,0,14,10,11
hsr_layout,14,4,0,0,13,8,10
jp_nagar,14,4,0,0,11,7,10
electronic_city,14,4,0,0,10,7,7
hebbal,14,4,0,0,9,8,7
koramangala,15,4,0,0,18,13,14
indiranagar,15,4,0,0,15,11,9
whitefield,15,4,0,0,12,9,8
marathahalli,15,4,0,0,14,10,10
hsr_layout,15,4,0,0,13,8,14
jp_nagar,15,4,0,0,11,8,10
electronic_city,15,4,0,0,10,9,9
hebbal,15,4,0,0,9,6,5
koramangala,16,4,0,0,18,14,14
indiranagar,16,4,0,0,15,9,10
whitefield,16,4,0,0,12,9,7
marathahalli,16,4,0,0,14,10,7
hsr_layout,16,4,0,0,13,8,11
jp_nagar,16,4,0,0,11,8,7
electronic_city,16,4,0,0,10,8,10
hebbal,16,4,0,0,9,6,7
koramangala,17,4,0,0,18,13,16
indiranagar,17,4,0,0,15,13,8
whitefield,17,4,0,0,12,8,11
marathahalli,17,4,0,0,14,10,12
hsr_layout,17,4,0,0,13,10,6
jp_nagar,17,4,0,0,11,9,10
electronic_city,17,4,0,0,10,6,7
hebbal,17,4,0,0,9,8,6
koramangala,18,4,0,0,18,13,14
indiranagar,18,4,0,0,15,12,10
whitefield,18,4,0,0,12,9,13
marathahalli,18,4,0,0,14,11,9
hsr_layout,18,4,0,0,13,8,12
jp_nagar,18,4,0,0,11,9,7
electronic_city,18,4,0,0,10,7,6
hebbal,18,4,0,0,9,8,7
koramangala,19,4,0,0,18,29,33
indiranagar,19,4,0,0,15,30,23
whitefield,19,4,0,0,12,22,25
marathahalli,19,4,0,0,14,26,24
hsr_layout,19,4,0,0,13,19,22
jp_nagar,19,4,0,0,11,24,20
electronic_city,19,4,0,0,10,15,20
hebbal,19,4,0,0,9,15,19
koramangala,20,4,0,0,18,30,32
indiranagar,20,4,0,0,15,26,25
whitefield,20,4,0,0,12,26,25
marathahalli,20,4,0,0,14,23,25
hsr_layout,20,4,0,0,13,27,20
jp_nagar,20,4,0,0,11,23,21
electronic_city,20,4,0,0,10,18,16
hebbal,20,4,0,0,9,18,17
koramangala,21,4,0,0,18,36,36
indiranagar,21,4,0,0,15,23,23
whitefield,21,4,0,0,12,18,19
marathahalli,21,4,0,0,14,27,25
hsr_layout,21,4,0,0,13,24,23
jp_nagar,21,4,0,0,11,18,21
electronic_city,21,4,0,0,10,22,20
hebbal,21,4,0,0,9,17,14
koramangala,22,4,0,0,18,14,13
indiranagar,22,4,0,0,15,14,13
whitefield,22,4,0,0,12,11,8
marathahalli,22,4,0,0,14,13,10
hsr_layout,22,4,0,0,13,12,8
jp_nagar,22,4,0,0,11,9,8
electronic_city,22,4,0,0,10,7,7
hebbal,22,4,0,0,9,8,6
koramangala,23,4,0,0,18,13,13
indiranagar,23,4,0,0,15,11,9
whitefield,23,4,0,0,12,8,6
marathahalli,23,4,0,0,14,11,8
hsr_layout,23,4,0,0,13,11,9
jp_nagar,23,4,0,0,11,8,5
electronic_city,23,4,0,0,10,7,7
hebbal,23,4,0,0,9,6,7
koramangala,0,5,1,1,18,6,8
indiranagar,0,5,1,1,15,5,4
whitefield,0,5,1,1,12,4,4
marathahalli,0,5,1,1,14,4,4
hsr_layout,0,5,1,1,13,4,4
jp_nagar,0,5,1,1,11,3,2
electronic_city,0,5,1,1,10,4,3
hebbal,0,5,1,1,9,3,3
koramangala,1,5,1,1,18,6,6
indiranagar,1,5,1,1,15,4,0
whitefield,1,5,1,1,12,3,4
marathahalli,1,5,1,1,14,5,7
hsr_layout,1,5,1,1,13,4,4
jp_nagar,1,5,1,1,11,3,1
electronic_city,1,5,1,1,10,3,3
hebbal,1,5,1,1,9,3,3
koramangala,2,5,1,1,18,6,7
indiranagar,2,5,1,1,15,4,3
whitefield,2,5,1,1,12,3,5
marathahalli,2,5,1,1,14,5,4
hsr_layout,2,5,1,1,13,4,4
jp_nagar,2,5,1,1,11,4,4
electronic_city,2,5,1,1,10,3,5
hebbal,2,5,1,1,9,3,4
koramangala,3,5,1,1,18,6,3
indiranagar,3,5,1,1,15,4,6
whitefield,3,5,1,1,12,3,3
marathahalli,3,5,1,1,14,4,5
hsr_layout,3,5,1,1,13,4,4
jp_nagar,3,5,1,1,11,3,3
electronic_city,3,5,1,1,10,3,4
hebbal,3,5,1,1,9,3,1
koramangala,4,5,1,1,18,6,4
indiranagar,4,5,1,1,15,6,4
whitefield,4,5,1,1,12,4,4
marathahalli,4,5,1,1,14,5,5
hsr_layout,4,5,1,1,13,4,4
jp_nagar,4,5,1,1,11,3,1
electronic_city,4,5,1,1,10,3,6
hebbal,4,5,1,1,9,2,3
koramangala,5,5,1,1,18,7,8
indiranagar,5,5,1,1,15,5,3
whitefield,5,5,1,1,12,3,4
marathahalli,5,5,1,1,14,5,5
hsr_layout,5,5,1,1,13,5,6
jp_nagar,5,5,1,1,11,4,5
electronic_city,5,5,1,1,10,3,4
hebbal,5,5,1,1,9,3,2
koramangala,6,5,1,1,18,25,22
indiranagar,6,5,1,1,15,21,23
whitefield,6,5,1,1,12,14,17
marathahalli,6,5,1,1,14,16,17
hsr_layout,6,5,1,1,13,16,20
jp_nagar,6,5,1,1,11,14,19
electronic_city,6,5,1,1,10,17,11
hebbal,6,5,1,1,9,14,9
koramangala,7,5,1,1,18,34,44
indiranagar,7,5,1,1,15,30,28
whitefield,7,5,1,1,12,21,22
marathahalli,7,5,1,1,14,28,29
hsr_layout,7,5,1,1,13,29,30
jp_nagar,7,5,1,1,11,19,20
electronic_city,7,5,1,1,10,19,16
hebbal,7,5,1,1,9,22,18
koramangala,8,5,1,1,18,36,39
indiranagar,8,5,1,1,15,28,24
whitefield,8,5,1,1,12,29,30
marathahalli,8,5,1,1,14,24,31
hsr_layout,8,5,1,1,13,27,34
jp_nagar,8,5,1,1,11,20,30
electronic_city,8,5,1,1,10,20,19
hebbal,8,5,1,1,9,22,19
koramangala,9,5,1,1,18,46,45
indiranagar,9,5,1,1,15,39,38
whitefield,9,5,1,1,12,30,19
marathahalli,9,5,1,1,14,26,31
hsr_layout,9,5,1,1,13,31,24
jp_nagar,9,5,1,1,11,22,23
electronic_city,9,5,1,1,10,22,24
hebbal,9,5,1,1,9,17,17
koramangala,10,5,1,1,18,27,21
indiranagar,10,5,1,1,15,22,19
whitefield,10,5,1,1,12,16,16
marathahalli,10,5,1,1,14,22,20
hsr_layout,10,5,1,1,13,21,17
jp_nagar,10,5,1,1,11,18,14
electronic_city,10,5,1,1,10,12,15
hebbal,10,5,1,1,9,13,10
koramangala,11,5,1,1,18,52,55
indiranagar,11,5,1,1,15,46,42
whitefield,11,5,1,1,12,34,33
marathahalli,11,5,1,1,14,37,36
hsr_layout,11,5,1,1,13,40,38
jp_nagar,11,5,1,1,11,31,29
electronic_city,11,5,1,1,10,27,32
hebbal,11,5,1,1,9,27,22
koramangala,12,5,1,1,18,46,45
indiranagar,12,5,1,1,15,50,41
whitefield,12,5,1,1,12,32,35
marathahalli,12,5,1,1,14,41,46
hsr_layout,12,5,1,1,13,35,40
jp_nagar,12,5,1,1,11,27,25
electronic_city,12,5,1,1,10,28,26
hebbal,12,5,1,1,9,27,25
koramangala,13,5,1,1,18,54,52
indiranagar,13,5,1,1,15,43,41
whitefield,13,5,1,1,12,39,31
marathahalli,13,5,1,1,14,38,33
hsr_layout,13,5,1,1,13,33,39
jp_nagar,13,5,1,1,11,30,31
electronic_city,13,5,1,1,10,33,29
hebbal,13,5,1,1,9,27,27
koramangala,14,5,1,1,18,30,23
indiranagar,14,5,1,1,15,18,17
whitefield,14,5,1,1,12,15,13
marathahalli,14,5,1,1,14,18,20
hsr_layout,14,5,1,1,13,21,19
jp_nagar,14,5,1,1,11,14,17
electronic_city,14,5,1,1,10,17,14
hebbal,14,5,1,1,9,14,15
koramangala,15,5,1,1,18,30,22
indiranagar,15,5,1,1,15,20,22
whitefield,15,5,1,1,12,19,17
marathahalli,15,5,1,1,14,19,19
hsr_layout,15,5,1,1,13,20,16
jp_nagar,15,5,1,1,11,16,15
electronic_city,15,5,1,1,10,12,11
hebbal,15,5,1,1,9,11,14
koramangala,16,5,1,1,18,25,23
indiranagar,16,5,1,1,15,24,21
whitefield,16,5,1,1,12,19,13
marathahalli,16,5,1,1,14,22,18
hsr_layout,16,5,1,1,13,16,19
jp_nagar,16,5,1,1,11,17,13
electronic_city,16,5,1,1,10,14,12
hebbal,16,5,1,1,9,12,11
koramangala,17,5,1,1,18,22,29
indiranagar,17,5,1,1,15,17,22
whitefield,17,5,1,1,12,19,16
marathahalli,17,5,1,1,14,19,19
hsr_layout,17,5,1,1,13,18,20
jp_nagar,17,5,1,1,11,16,16
electronic_city,17,5,1,1,10,11,15
hebbal,17,5,1,1,9,15,10
koramangala,18,5,1,1,18,30,24
indiranagar,18,5,1,1,15,22,21
whitefield,18,5,1,1,12,18,19
marathahalli,18,5,1,1,14,24,17
hsr_layout,18,5,1,1,13,18,18
jp_nagar,18,5,1,1,11,14,14
electronic_city,18,5,1,1,10,14,12
hebbal,18,5,1,1,9,15,9
koramangala,19,5,1,1,18,52,60
indiranagar,19,5,1,1,15,42,51
whitefield,19,5,1,1,12,41,35
marathahalli,19,5,1,1,14,40,55
hsr_layout,19,5,1,1,13,41,39
jp_nagar,19,5,1,1,11,40,33
electronic_city,19,5,1,1,10,28,34
hebbal,19,5,1,1,9,27,31
koramangala,20,5,1,1,18,60,55
indiranagar,20,5,1,1,15,43,53
whitefield,20,5,1,1,12,41,34
marathahalli,20,5,1,1,14,57,53
hsr_layout,20,5,1,1,13,38,38
jp_nagar,20,5,1,1,11,37,40
electronic_city,20,5,1,1,10,34,33
hebbal,20,5,1,1,9,36,28
koramangala,21,5,1,1,18,62,64
indiranagar,21,5,1,1,15,47,43
whitefield,21,5,1,1,12,35,35
marathahalli,21,5,1,1,14,46,50
hsr_layout,21,5,1,1,13,45,49
jp_nagar,21,5,1,1,11,43,37
electronic_city,21,5,1,1,10,35,36
hebbal,21,5,1,1,9,28,34
koramangala,22,5,1,1,18,25,25
indiranagar,22,5,1,1,15,23,21
whitefield,22,5,1,1,12,18,17
marathahalli,22,5,1,1,14,17,18
hsr_layout,22,5,1,1,13,21,21
jp_nagar,22,5,1,1,11,15,17
electronic_city,22,5,1,1,10,12,13
hebbal,22,5,1,1,9,12,13
koramangala,23,5,1,1,18,23,30
indiranagar,23,5,1,1,15,19,19
whitefield,23,5,1,1,12,16,17
marathahalli,23,5,1,1,14,21,20
hsr_layout,23,5,1,1,13,16,19
jp_nagar,23,5,1,1,11,19,16
electronic_city,23,5,1,1,10,17,10
hebbal,23,5,1,1,9,11,13
koramangala,0,6,1,0,18,4,3
indiranagar,0,6,1,0,15,3,1
whitefield,0,6,1,0,12,2,4
marathahalli,0,6,1,0,14,4,0
hsr_layout,0,6,1,0,13,3,5
jp_nagar,0,6,1,0,11,2,3
electronic_city,0,6,1,0,10,2,3
hebbal,0,6,1,0,9,2,1
koramangala,1,6,1,0,18,4,3
indiranagar,1,6,1,0,15,3,0
whitefield,1,6,1,0,12,3,1
marathahalli,1,6,1,0,14,4,4
hsr_layout,1,6,1,0,13,2,3
jp_nagar,1,6,1,0,11,2,0
electronic_city,1,6,1,0,10,2,1
hebbal,1,6,1,0,9,1,1
koramangala,2,6,1,0,18,5,1
indiranagar,2,6,1,0,15,3,3
whitefield,2,6,1,0,12,2,1
marathahalli,2,6,1,0,14,3,2
hsr_layout,2,6,1,0,13,3,2
jp_nagar,2,6,1,0,11,3,1
electronic_city,2,6,1,0,10,3,1
hebbal,2,6,1,0,9,2,1
koramangala,3,6,1,0,18,3,4
indiranagar,3,6,1,0,15,4,2
whitefield,3,6,1,0,12,2,2
marathahalli,3,6,1,0,14,3,5
hsr_layout,3,6,1,0,13,4,3
jp_nagar,3,6,1,0,11,2,4
electronic_city,3,6,1,0,10,2,0
hebbal,3,6,1,0,9,2,2
koramangala,4,6,1,0,18,4,2
indiranagar,4,6,1,0,15,3,0
whitefield,4,6,1,0,12,2,1
marathahalli,4,6,1,0,14,3,4
hsr_layout,4,6,1,0,13,3,4
jp_nagar,4,6,1,0,11,2,2
electronic_city,4,6,1,0,10,2,0
hebbal,4,6,1,0,9,2,1
koramangala,5,6,1,0,18,4,4
indiranagar,5,6,1,0,15,3,4
whitefield,5,6,1,0,12,3,0
marathahalli,5,6,1,0,14,3,1
hsr_layout,5,6,1,0,13,3,2
jp_nagar,5,6,1,0,11,3,2
electronic_city,5,6,1,0,10,2,0
hebbal,5,6,1,0,9,2,1
koramangala,6,6,1,0,18,22,19
indiranagar,6,6,1,0,15,18,17
whitefield,6,6,1,0,12,13,15
marathahalli,6,6,1,0,14,15,13
hsr_layout,6,6,1,0,13,14,13
jp_nagar,6,6,1,0,11,10,9
electronic_city,6,6,1,0,10,10,8
hebbal,6,6,1,0,9,9,10
koramangala,7,6,1,0,18,26,31
indiranagar,7,6,1,0,15,20,25
whitefield,7,6,1,0,12,22,17
marathahalli,7,6,1,0,14,22,24
hsr_layout,7,6,1,0,13,18,20
jp_nagar,7,6,1,0,11,18,16
electronic_city,7,6,1,0,10,12,17
hebbal,7,6,1,0,9,12,10
koramangala,8,6,1,0,18,24,26
indiranagar,8,6,1,0,15,27,23
whitefield,8,6,1,0,12,22,21
marathahalli,8,6,1,0,14,20,17
hsr_layout,8,6,1,0,13,21,21
jp_nagar,8,6,1,0,11,17,17
electronic_city,8,6,1,0,10,16,11
hebbal,8,6,1,0,9,11,15
koramangala,9,6,1,0,18,26,26
indiranagar,9,6,1,0,15,23,24
whitefield,9,6,1,0,12,19,14
marathahalli,9,6,1,0,14,23,22
hsr_layout,9,6,1,0,13,21,18
jp_nagar,9,6,1,0,11,15,16
electronic_city,9,6,1,0,10,12,18
hebbal,9,6,1,0,9,11,11
koramangala,10,6,1,0,18,19,18
indiranagar,10,6,1,0,15,13,13
whitefield,10,6,1,0,12,12,12
marathahalli,10,6,1,0,14,17,10
hsr_layout,10,6,1,0,13,11,13
jp_nagar,10,6,1,0,11,10,11
electronic_city,10,6,1,0,10,9,10
hebbal,10,6,1,0,9,8,8
koramangala,11,6,1,0,18,36,36
indiranagar,11,6,1,0,15,28,33
whitefield,11,6,1,0,12,20,29
marathahalli,11,6,1,0,14,27,28
hsr_layout,11,6,1,0,13,26,28
jp_nagar,11,6,1,0,11,25,25
electronic_city,11,6,1,0,10,23,22
hebbal,11,6,1,0,9,15,18
koramangala,12,6,1,0,18,42,41
indiranagar,12,6,1,0,15,36,30
whitefield,12,6,1,0,12,21,25
marathahalli,12,6,1,0,14,26,26
hsr_layout,12,6,1,0,13,26,26
jp_nagar,12,6,1,0,11,23,20
electronic_city,12,6,1,0,10,17,19
hebbal,12,6,1,0,9,16,12
koramangala,13,6,1,0,18,30,36
indiranagar,13,6,1,0,15,34,32
whitefield,13,6,1,0,12,29,28
marathahalli,13,6,1,0,14,34,28
hsr_layout,13,6,1,0,13,26,27
jp_nagar,13,6,1,0,11,23,20
electronic_city,13,6,1,0,10,16,23
hebbal,13,6,1,0,9,17,17
koramangala,14,6,1,0,18,16,21
indiranagar,14,6,1,0,15,14,17
whitefield,14,6,1,0,12,13,11
marathahalli,14,6,1,0,14,14,14
hsr_layout,14,6,1,0,13,14,13
jp_nagar,14,6,1,0,11,13,11
electronic_city,14,6,1,0,10,9,9
hebbal,14,6,1,0,9,10,9
koramangala,15,6,1,0,18,20,17
indiranagar,15,6,1,0,15,16,16
whitefield,15,6,1,0,12,12,13
marathahalli,15,6,1,0,14,13,16
hsr_layout,15,6,1,0,13,15,13
jp_nagar,15,6,1,0,11,9,12
electronic_city,15,6,1,0,10,11,11
hebbal,15,6,1,0,9,8,6
koramangala,16,6,1,0,18,21,21
indiranagar,16,6,1,0,15,13,16
whitefield,16,6,1,0,12,14,10
marathahalli,16,6,1,0,14,13,14
hsr_layout,16,6,1,0,13,14,13
jp_nagar,16,6,1,0,11,10,11
electronic_city,16,6,1,0,10,11,11
hebbal,16,6,1,0,9,7,9
koramangala,17,6,1,0,18,20,17
indiranagar,17,6,1,0,15,13,18
whitefield,17,6,1,0,12,14,12
marathahalli,17,6,1,0,14,13,14
hsr_layout,17,6,1,0,13,15,13
jp_nagar,17,6,1,0,11,9,14
electronic_city,17,6,1,0,10,10,14
hebbal,17,6,1,0,9,10,6
koramangala,18,6,1,0,18,17,19
indiranagar,18,6,1,0,15,13,10
whitefield,18,6,1,0,12,14,12
marathahalli,18,6,1,0,14,16,12
hsr_layout,18,6,1,0,13,11,14
jp_nagar,18,6,1,0,11,12,8
electronic_city,18,6,1,0,10,12,7
hebbal,18,6,1,0,9,9,8
koramangala,19,6,1,0,18,51,37
indiranagar,19,6,1,0,15,33,36
whitefield,19,6,1,0,12,26,24
marathahalli,19,6,1,0,14,35,34
hsr_layout,19,6,1,0,13,34,24
jp_nagar,19,6,1,0,11,22,28
electronic_city,19,6,1,0,10,19,27
hebbal,19,6,1,0,9,26,19
koramangala,20,6,1,0,18,44,35
indiranagar,20,6,1,0,15,38,41
whitefield,20,6,1,0,12,32,33
marathahalli,20,6,1,0,14,34,32
hsr_layout,20,6,1,0,13,31,27
jp_nagar,20,6,1,0,11,31,31
electronic_city,20,6,1,0,10,27,22
hebbal,20,6,1,0,9,23,20
koramangala,21,6,1,0,18,36,41
indiranagar,21,6,1,0,15,34,32
whitefield,21,6,1,0,12,29,31
marathahalli,21,6,1,0,14,37,35
hsr_layout,21,6,1,0,13,27,31
jp_nagar,21,6,1,0,11,31,25
electronic_city,21,6,1,0,10,26,26
hebbal,21,6,1,0,9,21,22
koramangala,22,6,1,0,18,19,17
indiranagar,22,6,1,0,15,15,15
whitefield,22,6,1,0,12,14,13
marathahalli,22,6,1,0,14,16,11
hsr_layout,22,6,1,0,13,12,14
jp_nagar,22,6,1,0,11,12,7
electronic_city,22,6,1,0,10,10,7
hebbal,22,6,1,0,9,8,10
koramangala,23,6,1,0,18,15,16
indiranagar,23,6,1,0,15,18,16
whitefield,23,6,1,0,12,14,11
marathahalli,23,6,1,0,14,16,14
hsr_layout,23,6,1,0,13,12,14
jp_nagar,23,6,1,0,11,9,12
electronic_city,23,6,1,0,10,10,12
hebbal,23,6,1,0,9,9,5
koramangala,0,0,0,0,18,3,1
indiranagar,0,0,0,0,15,3,0
whitefield,0,0,0,0,12,2,0
marathahalli,0,0,0,0,14,2,3
hsr_layout,0,0,0,0,13,2,2
jp_nagar,0,0,0,0,11,2,1
electronic_city,0,0,0,0,10,1,0
hebbal,0,0,0,0,9,1,0
koramangala,1,0,0,0,18,4,4
indiranagar,1,0,0,0,15,3,3
whitefield,1,0,0,0,12,2,0
marathahalli,1,0,0,0,14,3,2
hsr_layout,1,0,0,0,13,2,3
jp_nagar,1,0,0,0,11,2,0
electronic_city,1,0,0,0,10,2,3
hebbal,1,0,0,0,9,2,5
koramangala,2,0,0,0,18,3,2
indiranagar,2,0,0,0,15,2,3
whitefield,2,0,0,0,12,2,0
marathahalli,2,0,0,0,14,2,2
hsr_layout,2,0,0,0,13,2,2
jp_nagar,2,0,0,0,11,1,1
electronic_city,2,0,0,0,10,1,0
hebbal,2,0,0,0,9,1,2
koramangala,3,0,0,0,18,3,5
indiranagar,3,0,0,0,15,2,3
whitefield,3,0,0,0,12,2,3
marathahalli,3,0,0,0,14,2,1
hsr_layout,3,0,0,0,13,2,3
jp_nagar,3,0,0,0,11,2,2
electronic_city,3,0,0,0,10,1,0
hebbal,3,0,0,0,9,2,1
koramangala,4,0,0,0,18,3,1
indiranagar,4,0,0,0,15,2,2
whitefield,4,0,0,0,12,2,2
marathahalli,4,0,0,0,14,3,3
hsr_layout,4,0,0,0,13,2,0
jp_nagar,4,0,0,0,11,2,2
electronic_city,4,0,0,0,10,2,2
hebbal,4,0,0,0,9,1,0
koramangala,5,0,0,0,18,3,1
indiranagar,5,0,0,0,15,2,2
whitefield,5,0,0,0,12,2,1
marathahalli,5,0,0,0,14,3,2
hsr_layout,5,0,0,0,13,2,1
jp_nagar,5,0,0,0,11,2,0
electronic_city,5,0,0,0,10,2,0
hebbal,5,0,0,0,9,1,0
koramangala,6,0,0,0,18,15,12
indiranagar,6,0,0,0,15,13,8
whitefield,6,0,0,0,12,9,11
marathahalli,6,0,0,0,14,13,8
hsr_layout,6,0,0,0,13,11,12
jp_nagar,6,0,0,0,11,8,7
electronic_city,6,0,0,0,10,8,10
hebbal,6,0,0,0,9,7,6
koramangala,7,0,0,0,18,21,21
indiranagar,7,0,0,0,15,19,15
whitefield,7,0,0,0,12,16,11
marathahalli,7,0,0,0,14,14,20
hsr_layout,7,0,0,0,13,16,16
jp_nagar,7,0,0,0,11,15,14
electronic_city,7,0,0,0,10,11,11
hebbal,7,0,0,0,9,9,9
koramangala,8,0,0,0,18,19,19
indiranagar,8,0,0,0,15,15,18
whitefield,8,0,0,0,12,15,11
marathahalli,8,0,0,0,14,18,17
hsr_layout,8,0,0,0,13,16,14
jp_nagar,8,0,0,0,11,11,12
electronic_city,8,0,0,0,10,11,15
hebbal,8,0,0,0,9,12,10
koramangala,9,0,0,0,18,25,18
indiranagar,9,0,0,0,15,14,20
whitefield,9,0,0,0,12,15,13
marathahalli,9,0,0,0,14,19,19
hsr_layout,9,0,0,0,13,15,12
jp_nagar,9,0,0,0,11,11,13
electronic_city,9,0,0,0,10,12,14
hebbal,9,0,0,0,9,11,8
koramangala,10,0,0,0,18,15,17
indiranagar,10,0,0,0,15,12,9
whitefield,10,0,0,0,12,11,12
marathahalli,10,0,0,0,14,10,10
hsr_layout,10,0,0,0,13,9,8
jp_nagar,10,0,0,0,11,7,5
electronic_city,10,0,0,0,10,8,7
hebbal,10,0,0,0,9,5,5
koramangala,11,0,0,0,18,29,25
indiranagar,11,0,0,0,15,26,25
whitefield,11,0,0,0,12,16,20
marathahalli,11,0,0,0,14,23,21
hsr_layout,11,0,0,0,13,21,18
jp_nagar,11,0,0,0,11,14,17
electronic_city,11,0,0,0,10,17,12
hebbal,11,0,0,0,9,16,14
koramangala,12,0,0,0,18,29,27
indiranagar,12,0,0,0,15,26,25
whitefield,12,0,0,0,12,19,18
marathahalli,12,0,0,0,14,24,24
hsr_layout,12,0,0,0,13,17,23
jp_nagar,12,0,0,0,11,20,20
electronic_city,12,0,0,0,10,13,15
hebbal,12,0,0,0,9,12,13
koramangala,13,0,0,0,18,32,24
indiranagar,13,0,0,0,15,20,21
whitefield,13,0,0,0,12,16,20
marathahalli,13,0,0,0,14,25,19
hsr_layout,13,0,0,0,13,24,20
jp_nagar,13,0,0,0,11,16,19
electronic_city,13,0,0,0,10,15,18
hebbal,13,0,0,0,9,11,13
koramangala,14,0,0,0,18,16,11
indiranagar,14,0,0,0,15,13,8
whitefield,14,0,0,0,12,9,9
marathahalli,14,0,0,0,14,12,10
hsr_layout,14,0,0,0,13,12,8
jp_nagar,14,0,0,0,11,8,8
electronic_city,14,0,0,0,10,6,7
hebbal,14,0,0,0,9,6,7
koramangala,15,0,0,0,18,13,15
indiranagar,15,0,0,0,15,14,10
whitefield,15,0,0,0,12,8,10
marathahalli,15,0,0,0,14,9,10
hsr_layout,15,0,0,0,13,8,9
jp_nagar,15,0,0,0,11,8,8
electronic_city,15,0,0,0,10,7,5
hebbal,15,0,0,0,9,6,7
koramangala,16,0,0,0,18,15,14
indiranagar,16,0,0,0,15,9,12
whitefield,16,0,0,0,12,11,9
marathahalli,16,0,0,0,14,9,7
hsr_layout,16,0,0,0,13,11,10
jp_nagar,16,0,0,0,11,9,9
electronic_city,16,0,0,0,10,6,8
hebbal,16,0,0,0,9,7,5
koramangala,17,0,0,0,18,14,13
indiranagar,17,0,0,0,15,10,8
whitefield,17,0,0,0,12,9,5
marathahalli,17,0,0,0,14,11,9
hsr_layout,17,0,0,0,13,9,8
jp_nagar,17,0,0,0,11,10,6
electronic_city,17,0,0,0,10,6,6
hebbal,17,0,0,0,9,8,6
koramangala,18,0,0,0,18,12,15
indiranagar,18,0,0,0,15,10,12
whitefield,18,0,0,0,12,8,12
marathahalli,18,0,0,0,14,11,10
hsr_layout,18,0,0,0,13,11,11
jp_nagar,18,0,0,0,11,8,8
electronic_city,18,0,0,0,10,9,5
hebbal,18,0,0,0,9,8,5
koramangala,19,0,0,0,18,32,35
indiranagar,19,0,0,0,15,33,28
whitefield,19,0,0,0,12,23,28
marathahalli,19,0,0,0,14,26,21
hsr_layout,19,0,0,0,13,19,23
jp_nagar,19,0,0,0,11,18,17
electronic_city,19,0,0,0,10,18,20
hebbal,19,0,0,0,9,14,18
koramangala,20,0,0,0,18,40,37
indiranagar,20,0,0,0,15,25,25
whitefield,20,0,0,0,12,24,16
marathahalli,20,0,0,0,14,31,27
hsr_layout,20,0,0,0,13,24,24
jp_nagar,20,0,0,0,11,20,20
electronic_city,20,0,0,0,10,21,15
hebbal,20,0,0,0,9,15,18
koramangala,21,0,0,0,18,40,33
indiranagar,21,0,0,0,15,26,22
whitefield,21,0,0,0,12,18,22
marathahalli,21,0,0,0,14,31,21
hsr_layout,21,0,0,0,13,20,26
jp_nagar,21,0,0,0,11,21,19
electronic_city,21,0,0,0,10,21,21
hebbal,21,0,0,0,9,16,12
koramangala,22,0,0,0,18,15,12
indiranagar,22,0,0,0,15,12,11
whitefield,22,0,0,0,12,11,9
marathahalli,22,0,0,0,14,10,10
hsr_layout,22,0,0,0,13,12,12
jp_nagar,22,0,0,0,11,9,6
electronic_city,22,0,0,0,10,8,7
hebbal,22,0,0,0,9,7,8
koramangala,23,0,0,0,18,16,18
indiranagar,23,0,0,0,15,12,11
whitefield,23,0,0,0,12,10,10
marathahalli,23,0,0,0,14,11,9
hsr_layout,23,0,0,0,13,10,5
jp_nagar,23,0,0,0,11,7,10
electronic_city,23,0,0,0,10,8,8
hebbal,23,0,0,0,9,6,7
koramangala,0,1,0,0,18,3,1
indiranagar,0,1,0,0,15,2,3
whitefield,0,1,0,0,12,2,4
marathahalli,0,1,0,0,14,2,2
hsr_layout,0,1,0,0,13,2,2
jp_nagar,0,1,0,0,11,2,2
electronic_city,0,1,0,0,10,1,0
hebbal,0,1,0,0,9,1,3
koramangala,1,1,0,0,18,2,2
indiranagar,1,1,0,0,15,3,2
whitefield,1,1,0,0,12,2,0
marathahalli,1,1,0,0,14,2,0
hsr_layout,1,1,0,0,13,2,4
jp_nagar,1,1,0,0,11,1,1
electronic_city,1,1,0,0,10,1,3
hebbal,1,1,0,0,9,1,0
koramangala,2,1,0,0,18,3,0
indiranagar,2,1,0,0,15,2,3
whitefield,2,1,0,0,12,2,1
marathahalli,2,1,0,0,14,2,3
hsr_layout,2,1,0,0,13,2,2
jp_nagar,2,1,0,0,11,2,0
electronic_city,2,1,0,0,10,1,2
hebbal,2,1,0,0,9,1,4
koramangala,3,1,0,0,18,3,3
indiranagar,3,1,0,0,15,3,1
whitefield,3,1,0,0,12,2,3
marathahalli,3,1,0,0,14,2,3
hsr_layout,3,1,0,0,13,3,2
jp_nagar,3,1,0,0,11,1,0
electronic_city,3,1,0,0,10,2,1
hebbal,3,1,0,0,9,1,2
koramangala,4,1,0,0,18,4,1
indiranagar,4,1,0,0,15,2,5
whitefield,4,1,0,0,12,2,1
marathahalli,4,1,0,0,14,3,1
hsr_layout,4,1,0,0,13,2,3
jp_nagar,4,1,0,0,11,1,0
electronic_city,4,1,0,0,10,1,3
hebbal,4,1,0,0,9,1,0
koramangala,5,1,0,0,18,3,2
indiranagar,5,1,0,0,15,3,3
whitefield,5,1,0,0,12,2,2
marathahalli,5,1,0,0,14,2,0
hsr_layout,5,1,0,0,13,2,0
jp_nagar,5,1,0,0,11,2,3
electronic_city,5,1,0,0,10,2,1
hebbal,5,1,0,0,9,2,0
koramangala,6,1,0,0,18,16,10
indiranagar,6,1,0,0,15,12,11
whitefield,6,1,0,0,12,10,5
marathahalli,6,1,0,0,14,9,11
hsr_layout,6,1,0,0,13,10,9
jp_nagar,6,1,0,0,11,7,5
electronic_city,6,1,0,0,10,6,8
hebbal,6,1,0,0,9,8,7
koramangala,7,1,0,0,18,22,21
indiranagar,7,1,0,0,15,14,14
whitefield,7,1,0,0,12,13,15
marathahalli,7,1,0,0,14,14,16
hsr_layout,7,1,0,0,13,15,13
jp_nagar,7,1,0,0,11,13,12
electronic_city,7,1,0,0,10,10,10
hebbal,7,1,0,0,9,10,10
koramangala,8,1,0,0,18,20,20
indiranagar,8,1,0,0,15,14,15
whitefield,8,1,0,0,12,15,13
marathahalli,8,1,0,0,14,16,17
hsr_layout,8,1,0,0,13,13,11
jp_nagar,8,1,0,0,11,15,11
electronic_city,8,1,0,0,10,11,11
hebbal,8,1,0,0,9,8,7
koramangala,9,1,0,0,18,24,18
indiranagar,9,1,0,0,15,19,17
whitefield,9,1,0,0,12,16,12
marathahalli,9,1,0,0,14,15,15
hsr_layout,9,1,0,0,13,13,14
jp_nagar,9,1,0,0,11,15,8
electronic_city,9,1,0,0,10,13,8
hebbal,9,1,0,0,9,11,13
koramangala,10,1,0,0,18,15,11
indiranagar,10,1,0,0,15,12,10
whitefield,10,1,0,0,12,7,8
marathahalli,10,1,0,0,14,10,12
hsr_layout,10,1,0,0,13,12,8
jp_nagar,10,1,0,0,11,9,6
electronic_city,10,1,0,0,10,7,8
hebbal,10,1,0,0,9,6,5
koramangala,11,1,0,0,18,32,32
indiranagar,11,1,0,0,15,28,26
whitefield,11,1,0,0,12,18,19
marathahalli,11,1,0,0,14,26,20
hsr_layout,11,1,0,0,13,20,21
jp_nagar,11,1,0,0,11,17,16
electronic_city,11,1,0,0,10,16,16
hebbal,11,1,0,0,9,12,11
koramangala,12,1,0,0,18,29,30
indiranagar,12,1,0,0,15,25,24
whitefield,12,1,0,0,12,18,21
marathahalli,12,1,0,0,14,25,23
hsr_layout,12,1,0,0,13,18,20
jp_nagar,12,1,0,0,11,16,20
electronic_city,12,1,0,0,10,15,13
hebbal,12,1,0,0,9,12,13
koramangala,13,1,0,0,18,25,32
indiranagar,13,1,0,0,15,27,25
whitefield,13,1,0,0,12,18,21
marathahalli,13,1,0,0,14,22,19
hsr_layout,13,1,0,0,13,18,23
jp_nagar,13,1,0,0,11,17,15
electronic_city,13,1,0,0,10,13,14
hebbal,13,1,0,0,9,11,11
koramangala,14,1,0,0,18,16,13
indiranagar,14,1,0,0,15,10,13
whitefield,14,1,0,0,12,10,4
marathahalli,14,1,0,0,14,12,10
hsr_layout,14,1,0,0,13,8,10
jp_nagar,14,1,0,0,11,9,8
electronic_city,14,1,0,0,10,6,10
hebbal,14,1,0,0,9,7,8
koramangala,15,1,0,0,18,13,13
indiranagar,15,1,0,0,15,11,10
whitefield,15,1,0,0,12,10,9
marathahalli,15,1,0,0,14,9,9
hsr_layout,15,1,0,0,13,9,9
jp_nagar,15,1,0,0,11,8,9
electronic_city,15,1,0,0,10,8,4
hebbal,15,1,0,0,9,6,7
koramangala,16,1,0,0,18,13,14
indiranagar,16,1,0,0,15,13,9
whitefield,16,1,0,0,12,9,10
marathahalli,16,1,0,0,14,9,11
hsr_layout,16,1,0,0,13,10,11
jp_nagar,16,1,0,0,11,9,6
electronic_city,16,1,0,0,10,7,8
hebbal,16,1,0,0,9,6,9
koramangala,17,1,0,0,18,12,13
indiranagar,17,1,0,0,15,10,11
whitefield,17,1,0,0,12,8,9
marathahalli,17,1,0,0,14,12,12
hsr_layout,17,1,0,0,13,8,8
jp_nagar,17,1,0,0,11,7,11
electronic_city,17,1,0,0,10,8,5
hebbal,17,1,0,0,9,5,6
koramangala,18,1,0,0,18,16,14
indiranagar,18,1,0,0,15,10,12
whitefield,18,1,0,0,12,10,7
marathahalli,18,1,0,0,14,11,9
hsr_layout,18,1,0,0,13,8,9
jp_nagar,18,1,0,0,11,9,9
electronic_city,18,1,0,0,10,6,8
hebbal,18,1,0,0,9,6,6
koramangala,19,1,0,0,18,35,25
indiranagar,19,1,0,0,15,33,35
whitefield,19,1,0,0,12,19,24
marathahalli,19,1,0,0,14,24,26
hsr_layout,19,1,0,0,13,21,24
jp_nagar,19,1,0,0,11,21,20
electronic_city,19,1,0,0,10,16,16
hebbal,19,1,0,0,9,14,14
koramangala,20,1,0,0,18,36,34
indiranagar,20,1,0,0,15,24,30
whitefield,20,1,0,0,12,19,19
marathahalli,20,1,0,0,14,26,26
hsr_layout,20,1,0,0,13,21,27
jp_nagar,20,1,0,0,11,16,20
electronic_city,20,1,0,0,10,16,19
hebbal,20,1,0,0,9,15,20
koramangala,21,1,0,0,18,32,38
indiranagar,21,1,0,0,15,32,24
whitefield,21,1,0,0,12,19,21
marathahalli,21,1,0,0,14,22,27
hsr_layout,21,1,0,0,13,23,23
jp_nagar,21,1,0,0,11,17,21
electronic_city,21,1,0,0,10,22,22
hebbal,21,1,0,0,9,17,16
koramangala,22,1,0,0,18,14,14
indiranagar,22,1,0,0,15,12,11
whitefield,22,1,0,0,12,10,7
marathahalli,22,1,0,0,14,12,10
hsr_layout,22,1,0,0,13,8,10
jp_nagar,22,1,0,0,11,9,10
electronic_city,22,1,0,0,10,8,7
hebbal,22,1,0,0,9,5,5
koramangala,23,1,0,0,18,16,12
indiranagar,23,1,0,0,15,12,12
whitefield,23,1,0,0,12,9,8
marathahalli,23,1,0,0,14,12,10
hsr_layout,23,1,0,0,13,8,8
jp_nagar,23,1,0,0,11,10,4
electronic_city,23,1,0,0,10,6,9
hebbal,23,1,0,0,9,6,6
koramangala,0,2,0,0,18,3,3
indiranagar,0,2,0,0,15,2,0
whitefield,0,2,0,0,12,2,1
marathahalli,0,2,0,0,14,2,0
hsr_layout,0,2,0,0,13,2,4
jp_nagar,0,2,0,0,11,2,0
electronic_city,0,2,0,0,10,2,2
hebbal,0,2,0,0,9,1,2
koramangala,1,2,0,0,18,3,1
indiranagar,1,2,0,0,15,3,1
whitefield,1,2,0,0,12,2,2
marathahalli,1,2,0,0,14,3,0
hsr_layout,1,2,0,0,13,2,2
jp_nagar,1,2,0,0,11,2,0
electronic_city,1,2,0,0,10,1,0
hebbal,1,2,0,0,9,2,0
koramangala,2,2,0,0,18,3,3
indiranagar,2,2,0,0,15,3,2
whitefield,2,2,0,0,12,2,1
marathahalli,2,2,0,0,14,3,3
hsr_layout,2,2,0,0,13,2,3
jp_nagar,2,2,0,0,11,2,1
electronic_city,2,2,0,0,10,1,1
hebbal,2,2,0,0,9,1,1
koramangala,3,2,0,0,18,3,0
indiranagar,3,2,0,0,15,3,3
whitefield,3,2,0,0,12,1,2
marathahalli,3,2,0,0,14,2,3
hsr_layout,3,2,0,0,13,2,0
jp_nagar,3,2,0,0,11,1,0
electronic_city,3,2,0,0,10,2,0
hebbal,3,2,0,0,9,1,1
koramangala,4,2,0,0,18,3,3
indiranagar,4,2,0,0,15,3,5
whitefield,4,2,0,0,12,2,1
marathahalli,4,2,0,0,14,3,1
hsr_layout,4,2,0,0,13,2,3
jp_nagar,4,2,0,0,11,1,2
electronic_city,4,2,0,0,10,2,3
hebbal,4,2,0,0,9,1,1
koramangala,5,2,0,0,18,4,1
indiranagar,5,2,0,0,15,3,0
whitefield,5,2,0,0,12,2,0
marathahalli,5,2,0,0,14,2,3
hsr_layout,5,2,0,0,13,2,3
jp_nagar,5,2,0,0,11,2,4
electronic_city,5,2,0,0,10,1,3
hebbal,5,2,0,0,9,1,2
koramangala,6,2,0,0,18,16,13
indiranagar,6,2,0,0,15,11,10
whitefield,6,2,0,0,12,10,9
marathahalli,6,2,0,0,14,12,11
hsr_layout,6,2,0,0,13,9,9
jp_nagar,6,2,0,0,11,7,9
electronic_city,6,2,0,0,10,9,6
hebbal,6,2,0,0,9,6,8
koramangala,7,2,0,0,18,17,23
indiranagar,7,2,0,0,15,19,16
whitefield,7,2,0,0,12,14,15
marathahalli,7,2,0,0,14,13,15
hsr_layout,7,2,0,0,13,18,14
jp_nagar,7,2,0,0,11,13,15
electronic_city,7,2,0,0,10,9,8
hebbal,7,2,0,0,9,12,10
koramangala,8,2,0,0,18,20,18
indiranagar,8,2,0,0,15,17,16
whitefield,8,2,0,0,12,15,13
marathahalli,8,2,0,0,14,19,17
hsr_layout,8,2,0,0,13,13,14
jp_nagar,8,2,0,0,11,14,8
electronic_city,8,2,0,0,10,13,10
hebbal,8,2,0,0,9,11,9
koramangala,9,2,0,0,18,22,24
indiranagar,9,2,0,0,15,16,16
whitefield,9,2,0,0,12,14,16
marathahalli,9,2,0,0,14,14,15
hsr_layout,9,2,0,0,13,17,16
jp_nagar,9,2,0,0,11,14,13
electronic_city,9,2,0,0,10,10,14
hebbal,9,2,0,0,9,10,13
koramangala,10,2,0,0,18,15,14
indiranagar,10,2,0,0,15,11,14
whitefield,10,2,0,0,12,8,5
marathahalli,10,2,0,0,14,12,8
hsr_layout,10,2,0,0,13,12,9
jp_nagar,10,2,0,0,11,8,5
electronic_city,10,2,0,0,10,8,3
hebbal,10,2,0,0,9,6,7
koramangala,11,2,0,0,18,28,30
indiranagar,11,2,0,0,15,20,26
whitefield,11,2,0,0,12,19,22
marathahalli,11,2,0,0,14,24,19
hsr_layout,11,2,0,0,13,17,19
jp_nagar,11,2,0,0,11,20,14
electronic_city,11,2,0,0,10,14,13
hebbal,11,2,0,0,9,12,14
koramangala,12,2,0,0,18,31,25
indiranagar,12,2,0,0,15,23,20
whitefield,12,2,0,0,12,22,19
marathahalli,12,2,0,0,14,19,17
hsr_layout,12,2,0,0,13,21,16
jp_nagar,12,2,0,0,11,20,17
electronic_city,12,2,0,0,10,18,18
hebbal,12,2,0,0,9,12,11
koramangala,13,2,0,0,18,32,31
indiranagar,13,2,0,0,15,22,26
whitefield,13,2,0,0,12,19,17
marathahalli,13,2,0,0,14,25,26
hsr_layout,13,2,0,0,13,21,22
jp_nagar,13,2,0,0,11,19,17
electronic_city,13,2,0,0,10,18,10
hebbal,13,2,0,0,9,16,14
koramangala,14,2,0,0,18,12,12
indiranagar,14,2,0,0,15,9,10
whitefield,14,2,0,0,12,9,8
marathahalli,14,2,0,0,14,11,12
hsr_layout,14,2,0,0,13,12,10
jp_nagar,14,2,0,0,11,7,7
electronic_city,14,2,0,0,10,9,10
hebbal,14,2,0,0,9,7,5
koramangala,15,2,0,0,18,13,13
indiranagar,15,2,0,0,15,14,10
whitefield,15,2,0,0,12,10,8
marathahalli,15,2,0,0,14,10,10
hsr_layout,15,2,0,0,13,8,8
jp_nagar,15,2,0,0,11,9,10
electronic_city,15,2,0,0,10,6,5
hebbal,15,2,0,0,9,6,7
koramangala,16,2,0,0,18,13,14
indiranagar,16,2,0,0,15,11,10
whitefield,16,2,0,0,12,11,9
marathahalli,16,2,0,0,14,12,9
hsr_layout,16,2,0,0,13,10,9
jp_nagar,16,2,0,0,11,7,7
electronic_city,16,2,0,0,10,7,10
hebbal,16,2,0,0,9,8,8
koramangala,17,2,0,0,18,15,14
indiranagar,17,2,0,0,15,13,8
whitefield,17,2,0,0,12,11,8
marathahalli,17,2,0,0,14,12,9
hsr_layout,17,2,0,0,13,9,8
jp_nagar,17,2,0,0,11,8,9
electronic_city,17,2,0,0,10,6,7
hebbal,17,2,0,0,9,6,7
koramangala,18,2,0,0,18,13,10
indiranagar,18,2,0,0,15,13,14
whitefield,18,2,0,0,12,7,8
marathahalli,18,2,0,0,14,11,10
hsr_layout,18,2,0,0,13,12,12
jp_nagar,18,2,0,0,11,9,8
electronic_city,18,2,0,0,10,7,8
hebbal,18,2,0,0,9,7,4
koramangala,19,2,0,0,18,39,32
indiranagar,19,2,0,0,15,33,27
whitefield,19,2,0,0,12,22,18
marathahalli,19,2,0,0,14,26,28
hsr_layout,19,2,0,0,13,21,25
jp_nagar,19,2,0,0,11,24,17
electronic_city,19,2,0,0,10,16,19
hebbal,19,2,0,0,9,16,16
koramangala,20,2,0,0,18,29,30
indiranagar,20,2,0,0,15,26,34
whitefield,20,2,0,0,12,27,22
marathahalli,20,2,0,0,14,21,30
hsr_layout,20,2,0,0,13,19,27
jp_nagar,20,2,0,0,11,20,21
electronic_city,20,2,0,0,10,20,18
hebbal,20,2,0,0,9,16,17
koramangala,21,2,0,0,18,32,33
indiranagar,21,2,0,0,15,28,31
whitefield,21,2,0,0,12,19,21
marathahalli,21,2,0,0,14,25,25
hsr_layout,21,2,0,0,13,25,24
jp_nagar,21,2,0,0,11,19,21
electronic_city,21,2,0,0,10,20,17
hebbal,21,2,0,0,9,15,17
koramangala,22,2,0,0,18,16,15
indiranagar,22,2,0,0,15,14,9
whitefield,22,2,0,0,12,8,9
marathahalli,22,2,0,0,14,11,10
hsr_layout,22,2,0,0,13,10,10
jp_nagar,22,2,0,0,11,10,8
electronic_city,22,2,0,0,10,7,8
hebbal,22,2,0,0,9,5,7
koramangala,23,2,0,0,18,13,12
indiranagar,23,2,0,0,15,11,12
whitefield,23,2,0,0,12,8,11
marathahalli,23,2,0,0,14,9,13
hsr_layout,23,2,0,0,13,12,8
jp_nagar,23,2,0,0,11,9,8
electronic_city,23,2,0,0,10,8,5
hebbal,23,2,0,0,9,6,6
koramangala,0,3,0,0,18,4,4
indiranagar,0,3,0,0,15,3,1
whitefield,0,3,0,0,12,2,2
marathahalli,0,3,0,0,14,3,0
hsr_layout,0,3,0,0,13,2,4
jp_nagar,0,3,0,0,11,2,1
electronic_city,0,3,0,0,10,2,2
hebbal,0,3,0,0,9,1,1
koramangala,1,3,0,0,18,4,4
indiranagar,1,3,0,0,15,3,0
whitefield,1,3,0,0,12,2,1
marathahalli,1,3,0,0,14,3,1
hsr_layout,1,3,0,0,13,2,1
jp_nagar,1,3,0,0,11,2,3
electronic_city,1,3,0,0,10,2,0
hebbal,1,3,0,0,9,1,2
koramangala,2,3,0,0,18,4,3
indiranagar,2,3,0,0,15,3,4
whitefield,2,3,0,0,12,2,0
marathahalli,2,3,0,0,14,2,0
hsr_layout,2,3,0,0,13,3,3
jp_nagar,2,3,0,0,11,1,2
electronic_city,2,3,0,0,10,2,0
hebbal,2,3,0,0,9,1,0
koramangala,3,3,0,0,18,4,3
indiranagar,3,3,0,0,15,2,4
whitefield,3,3,0,0,12,2,0
marathahalli,3,3,0,0,14,2,0
hsr_layout,3,3,0,0,13,2,2
jp_nagar,3,3,0,0,11,2,0
electronic_city,3,3,0,0,10,1,0
hebbal,3,3,0,0,9,2,0
koramangala,4,3,0,0,18,3,4
indiranagar,4,3,0,0,15,3,3
whitefield,4,3,0,0,12,2,1
marathahalli,4,3,0,0,14,2,4
hsr_layout,4,3,0,0,13,2,2
jp_nagar,4,3,0,0,11,2,4
electronic_city,4,3,0,0,10,1,0
hebbal,4,3,0,0,9,1,0
koramangala,5,3,0,0,18,3,0
indiranagar,5,3,0,0,15,2,1
whitefield,5,3,0,0,12,2,1
marathahalli,5,3,0,0,14,3,2
hsr_layout,5,3,0,0,13,2,2
jp_nagar,5,3,0,0,11,2,1
electronic_city,5,3,0,0,10,1,2
hebbal,5,3,0,0,9,1,4
koramangala,6,3,0,0,18,11,15
indiranagar,6,3,0,0,15,14,9
whitefield,6,3,0,0,12,10,9
marathahalli,6,3,0,0,14,9,10
hsr_layout,6,3,0,0,13,12,11
jp_nagar,6,3,0,0,11,7,6
electronic_city,6,3,0,0,10,8,6
hebbal,6,3,0,0,9,8,5
koramangala,7,3,0,0,18,19,21
indiranagar,7,3,0,0,15,15,18
whitefield,7,3,0,0,12,16,12
marathahalli,7,3,0,0,14,16,21
hsr_layout,7,3,0,0,13,14,13
jp_nagar,7,3,0,0,11,12,14
electronic_city,7,3,0,0,10,11,12
hebbal,7,3,0,0,9,10,6
koramangala,8,3,0,0,18,18,22
indiranagar,8,3,0,0,15,20,14
whitefield,8,3,0,0,12,13,15
marathahalli,8,3,0,0,14,18,13
hsr_layout,8,3,0,0,13,17,18
jp_nagar,8,3,0,0,11,13,15
electronic_city,8,3,0,0,10,11,13
hebbal,8,3,0,0,9,12,11
koramangala,9,3,0,0,18,22,20
indiranagar,9,3,0,0,15,18,16
whitefield,9,3,0,0,12,15,14
marathahalli,9,3,0,0,14,14,12
hsr_layout,9,3,0,0,13,15,14
jp_nagar,9,3,0,0,11,12,14
electronic_city,9,3,0,0,10,12,11
hebbal,9,3,0,0,9,10,7
koramangala,10,3,0,0,18,12,10
indiranagar,10,3,0,0,15,13,10
whitefield,10,3,0,0,12,7,9
marathahalli,10,3,0,0,14,10,12
hsr_layout,10,3,0,0,13,8,10
jp_nagar,10,3,0,0,11,7,8
electronic_city,10,3,0,0,10,7,7
hebbal,10,3,0,0,9,8,6
koramangala,11,3,0,0,18,27,29
indiranagar,11,3,0,0,15,24,22
whitefield,11,3,0,0,12,17,19
marathahalli,11,3,0,0,14,25,23
hsr_layout,11,3,0,0,13,17,21
jp_nagar,11,3,0,0,11,17,15
electronic_city,11,3,0,0,10,14,15
hebbal,11,3,0,0,9,12,15
koramangala,12,3,0,0,18,28,33
indiranagar,12,3,0,0,15,23,20
whitefield,12,3,0,0,12,16,20
marathahalli,12,3,0,0,14,21,21
hsr_layout,12,3,0,0,13,19,22
jp_nagar,12,3,0,0,11,20,19
electronic_city,12,3,0,0,10,18,13
hebbal,12,3,0,0,9,16,13
koramangala,13,3,0,0,18,33,32
indiranagar,13,3,0,0,15,19,25
whitefield,13,3,0,0,12,15,16
marathahalli,13,3,0,0,14,25,22
hsr_layout,13,3,0,0,13,18,25
jp_nagar,13,3,0,0,11,16,18
electronic_city,13,3,0,0,10,14,17
hebbal,13,3,0,0,9,13,15
koramangala,14,3,0,0,18,14,16
indiranagar,14,3,0,0,15,14,10
whitefield,14,3,0,0,12,9,9
marathahalli,14,3,0,0,14,9,8
hsr_layout,14,3,0,0,13,8,8
jp_nagar,14,3,0,0,11,8,4
electronic_city,14,3,0,0,10,7,7
hebbal,14,3,0,0,9,6,7
koramangala,15,3,0,0,18,13,18
indiranagar,15,3,0,0,15,14,13
whitefield,15,3,0,0,12,11,6
marathahalli,15,3,0,0,14,12,8
hsr_layout,15,3,0,0,13,12,7
jp_nagar,15,3,0,0,11,8,9
electronic_city,15,3,0,0,10,8,7
hebbal,15,3,0,0,9,6,7
koramangala,16,3,0,0,18,14,10
indiranagar,16,3,0,0,15,13,12
whitefield,16,3,0,0,12,11,7
marathahalli,16,3,0,0,14,10,12
hsr_layout,16,3,0,0,13,8,10
jp_nagar,16,3,0,0,11,9,9
electronic_city,16,3,0,0,10,9,7
hebbal,16,3,0,0,9,7,6
koramangala,17,3,0,0,18,13,15
indiranagar,17,3,0,0,15,9,11
whitefield,17,3,0,0,12,11,10
marathahalli,17,3,0,0,14,12,8
hsr_layout,17,3,0,0,13,8,9
jp_nagar,17,3,0,0,11,7,7
electronic_city,17,3,0,0,10,7,9
hebbal,17,3,0,0,9,6,5
koramangala,18,3,0,0,18,12,13
indiranagar,18,3,0,0,15,12,12
whitefield,18,3,0,0,12,10,8
marathahalli,18,3,0,0,14,10,10
hsr_layout,18,3,0,0,13,10,8
jp_nagar,18,3,0,0,11,7,9
electronic_city,18,3,0,0,10,9,7
hebbal,18,3,0,0,9,7,8
koramangala,19,3,0,0,18,29,29
indiranagar,19,3,0,0,15,24,27
whitefield,19,3,0,0,12,26,24
marathahalli,19,3,0,0,14,22,29
hsr_layout,19,3,0,0,13,27,20
jp_nagar,19,3,0,0,11,24,18
electronic_city,19,3,0,0,10,15,17
hebbal,19,3,0,0,9,16,14
koramangala,20,3,0,0,18,40,30
indiranagar,20,3,0,0,15,27,26
whitefield,20,3,0,0,12,22,22
marathahalli,20,3,0,0,14,21,22
hsr_layout,20,3,0,0,13,20,25
jp_nagar,20,3,0,0,11,22,20
electronic_city,20,3,0,0,10,17,14
hebbal,20,3,0,0,9,17,18
koramangala,21,3,0,0,18,34,32
indiranagar,21,3,0,0,15,30,30
whitefield,21,3,0,0,12,26,18
marathahalli,21,3,0,0,14,21,17
hsr_layout,21,3,0,0,13,22,21
jp_nagar,21,3,0,0,11,17,19
electronic_city,21,3,0,0,10,19,17
hebbal,21,3,0,0,9,16,13
koramangala,22,3,0,0,18,15,20
indiranagar,22,3,0,0,15,10,9
whitefield,22,3,0,0,12,10,10
marathahalli,22,3,0,0,14,10,10
hsr_layout,22,3,0,0,13,11,5
jp_nagar,22,3,0,0,11,8,8
electronic_city,22,3,0,0,10,7,6
hebbal,22,3,0,0,9,8,5
koramangala,23,3,0,0,18,13,11
indiranagar,23,3,0,0,15,10,13
whitefield,23,3,0,0,12,8,7
marathahalli,23,3,0,0,14,11,8
hsr_layout,23,3,0,0,13,9,9
jp_nagar,23,3,0,0,11,7,6
electronic_city,23,3,0,0,10,9,4
hebbal,23,3,0,0,9,8,8
koramangala,0,4,0,0,18,3,3
indiranagar,0,4,0,0,15,3,2
whitefield,0,4,0,0,12,2,0
marathahalli,0,4,0,0,14,2,0
hsr_layout,0,4,0,0,13,2,1
jp_nagar,0,4,0,0,11,2,0
electronic_city,0,4,0,0,10,1,0
hebbal,0,4,0,0,9,2,1
koramangala,1,4,0,0,18,3,5
indiranagar,1,4,0,0,15,2,1
whitefield,1,4,0,0,12,2,3
marathahalli,1,4,0,0,14,3,0
hsr_layout,1,4,0,0,13,3,2
jp_nagar,1,4,0,0,11,1,0
electronic_city,1,4,0,0,10,2,1
hebbal,1,4,0,0,9,2,0
koramangala,2,4,0,0,18,3,4
indiranagar,2,4,0,0,15,2,0
whitefield,2,4,0,0,12,2,2
marathahalli,2,4,0,0,14,2,2
hsr_layout,2,4,0,0,13,2,1
jp_nagar,2,4,0,0,11,2,1
electronic_city,2,4,0,0,10,2,0
hebbal,2,4,0,0,9,2,0
koramangala,3,4,0,0,18,4,2
indiranagar,3,4,0,0,15,2,3
whitefield,3,4,0,0,12,2,2
marathahalli,3,4,0,0,14,2,4
hsr_layout,3,4,0,0,13,2,3
jp_nagar,3,4,0,0,11,2,0
electronic_city,3,4,0,0,10,2,2
hebbal,3,4,0,0,9,1,0
koramangala,4,4,0,0,18,4,3
indiranagar,4,4,0,0,15,3,2
whitefield,4,4,0,0,12,2,0
marathahalli,4,4,0,0,14,2,3
hsr_layout,4,4,0,0,13,2,1
jp_nagar,4,4,0,0,11,2,0
electronic_city,4,4,0,0,10,2,3
hebbal,4,4,0,0,9,1,0
koramangala,5,4,0,0,18,3,1
indiranagar,5,4,0,0,15,2,2
whitefield,5,4,0,0,12,2,3
marathahalli,5,4,0,0,14,2,1
hsr_layout,5,4,0,0,13,2,3
jp_nagar,5,4,0,0,11,2,2
electronic_city,5,4,0,0,10,1,0
hebbal,5,4,0,0,9,1,1
koramangala,6,4,0,0,18,12,13
indiranagar,6,4,0,0,15,9,10
whitefield,6,4,0,0,12,9,5
marathahalli,6,4,0,0,14,12,14
hsr_layout,6,4,0,0,13,10,11
jp_nagar,6,4,0,0,11,7,8
electronic_city,6,4,0,0,10,7,8
hebbal,6,4,0,0,9,7,10
koramangala,7,4,0,0,18,20,23
indiranagar,7,4,0,0,15,19,17
whitefield,7,4,0,0,12,12,14
marathahalli,7,4,0,0,14,15,13
hsr_layout,7,4,0,0,13,16,15
jp_nagar,7,4,0,0,11,13,10
electronic_city,7,4,0,0,10,13,9
hebbal,7,4,0,0,9,9,7
koramangala,8,4,0,0,18,19,23
indiranagar,8,4,0,0,15,19,14
whitefield,8,4,0,0,12,13,14
marathahalli,8,4,0,0,14,16,13
hsr_layout,8,4,0,0,13,15,17
jp_nagar,8,4,0,0,11,12,13
electronic_city,8,4,0,0,10,12,15
hebbal,8,4,0,0,9,9,12
koramangala,9,4,0,0,18,18,19
indiranagar,9,4,0,0,15,18,16
whitefield,9,4,0,0,12,15,12
marathahalli,9,4,0,0,14,16,12
hsr_layout,9,4,0,0,13,17,14
jp_nagar,9,4,0,0,11,12,11
electronic_city,9,4,0,0,10,9,11
hebbal,9,4,0,0,9,11,11
koramangala,10,4,0,0,18,12,14
indiranagar,10,4,0,0,15,11,13
whitefield,10,4,0,0,12,7,8
marathahalli,10,4,0,0,14,11,12
hsr_layout,10,4,0,0,13,8,9
jp_nagar,10,4,0,0,11,7,8
electronic_city,10,4,0,0,10,7,5
hebbal,10,4,0,0,9,7,9
koramangala,11,4,0,0,18,26,27
indiranagar,11,4,0,0,15,28,20
whitefield,11,4,0,0,12,19,18
marathahalli,11,4,0,0,14,18,17
hsr_layout,11,4,0,0,13,21,17
jp_nagar,11,4,0,0,11,14,15
electronic_city,11,4,0,0,10,15,15
hebbal,11,4,0,0,9,14,11
koramangala,12,4,0,0,18,24,24
indiranagar,12,4,0,0,15,28,24
whitefield,12,4,0,0,12,21,20
marathahalli,12,4,0,0,14,25,23
hsr_layout,12,4,0,0,13,23,20
jp_nagar,12,4,0,0,11,17,16
electronic_city,12,4,0,0,10,13,15
hebbal,12,4,0,0,9,15,11
koramangala,13,4,0,0,18,31,29
indiranagar,13,4,0,0,15,23,23
whitefield,13,4,0,0,12,20,20
marathahalli,13,4,0,0,14,22,21
hsr_layout,13,4,0,0,13,19,22
jp_nagar,13,4,0,0,11,14,15
electronic_city,13,4,0,0,10,15,12
hebbal,13,4,0,0,9,14,15
koramangala,14,4,0,0,18,11,14
indiranagar,14,4,0,0,15,12,13
whitefield,14,4,0,0,12,10,6
marathahalli,14,4,0,0,14,13,12
hsr_layout,14,4,0,0,13,10,12
jp_nagar,14,4,0,0,11,8,9
electronic_city,14,4,0,0,10,7,10
hebbal,14,4,0,0,9,7,7
koramangala,15,4,0,0,18,15,15
indiranagar,15,4,0,0,15,9,12
whitefield,15,4,0,0,12,9,10
marathahalli,15,4,0,0,14,10,13
hsr_layout,15,4,0,0,13,11,9
jp_nagar,15,4,0,0,11,9,7
electronic_city,15,4,0,0,10,7,7
hebbal,15,4,0,0,9,7,6
koramangala,16,4,0,0,18,14,13
indiranagar,16,4,0,0,15,12,12
whitefield,16,4,0,0,12,10,10
marathahalli,16,4,0,0,14,9,6
hsr_layout,16,4,0,0,13,12,11
jp_nagar,16,4,0,0,11,9,9
electronic_city,16,4,0,0,10,6,7
hebbal,16,4,0,0,9,6,6
koramangala,17,4,0,0,18,12,16
indiranagar,17,4,0,0,15,11,13
whitefield,17,4,0,0,12,11,11
marathahalli,17,4,0,0,14,12,7
hsr_layout,17,4,0,0,13,12,9
jp_nagar,17,4,0,0,11,10,8
electronic_city,17,4,0,0,10,7,6
hebbal,17,4,0,0,9,7,4
koramangala,18,4,0,0,18,16,14
indiranagar,18,4,0,0,15,13,13
whitefield,18,4,0,0,12,10,8
marathahalli,18,4,0,0,14,10,8
hsr_layout,18,4,0,0,13,9,10
jp_nagar,18,4,0,0,11,9,8
electronic_city,18,4,0,0,10,7,7
hebbal,18,4,0,0,9,6,7
koramangala,19,4,0,0,18,29,38
indiranagar,19,4,0,0,15,32,26
whitefield,19,4,0,0,12,23,23
marathahalli,19,4,0,0,14,28,21
hsr_layout,19,4,0,0,13,27,26
jp_nagar,19,4,0,0,11,19,21
electronic_city,19,4,0,0,10,19,15
hebbal,19,4,0,0,9,14,18
koramangala,20,4,0,0,18,39,34
indiranagar,20,4,0,0,15,28,29
whitefield,20,4,0,0,12,23,21
marathahalli,20,4,0,0,14,25,27
hsr_layout,20,4,0,0,13,25,21
jp_nagar,20,4,0,0,11,17,19
electronic_city,20,4,0,0,10,18,14
hebbal,20,4,0,0,9,14,19
koramangala,21,4,0,0,18,31,29
indiranagar,21,4,0,0,15,25,31
whitefield,21,4,0,0,12,21,22
marathahalli,21,4,0,0,14,31,28
hsr_layout,21,4,0,0,13,22,24
jp_nagar,21,4,0,0,11,17,19
electronic_city,21,4,0,0,10,22,13
hebbal,21,4,0,0,9,17,15
koramangala,22,4,0,0,18,16,16
indiranagar,22,4,0,0,15,11,10
whitefield,22,4,0,0,12,10,8
marathahalli,22,4,0,0,14,11,8
hsr_layout,22,4,0,0,13,9,6
jp_nagar,22,4,0,0,11,8,9
electronic_city,22,4,0,0,10,7,8
hebbal,22,4,0,0,9,6,6
koramangala,23,4,0,0,18,15,16
indiranagar,23,4,0,0,15,12,15
whitefield,23,4,0,0,12,8,7
marathahalli,23,4,0,0,14,13,12
hsr_layout,23,4,0,0,13,11,11
jp_nagar,23,4,0,0,11,7,13
electronic_city,23,4,0,0,10,9,4
hebbal,23,4,0,0,9,7,7
koramangala,0,5,1,0,18,5,3
indiranagar,0,5,1,0,15,3,3
whitefield,0,5,1,0,12,3,2
marathahalli,0,5,1,0,14,3,2
hsr_layout,0,5,1,0,13,3,4
jp_nagar,0,5,1,0,11,2,6
electronic_city,0,5,1,0,10,2,3
hebbal,0,5,1,0,9,2,0
koramangala,1,5,1,0,18,5,4
indiranagar,1,5,1,0,15,3,2
whitefield,1,5,1,0,12,3,0
marathahalli,1,5,1,0,14,3,2
hsr_layout,1,5,1,0,13,2,4
jp_nagar,1,5,1,0,11,3,1
electronic_city,1,5,1,0,10,2,3
hebbal,1,5,1,0,9,2,2
koramangala,2,5,1,0,18,4,2
indiranagar,2,5,1,0,15,3,3
whitefield,2,5,1,0,12,3,5
marathahalli,2,5,1,0,14,3,5
hsr_layout,2,5,1,0,13,2,3
jp_nagar,2,5,1,0,11,3,1
electronic_city,2,5,1,0,10,2,2
hebbal,2,5,1,0,9,1,1
koramangala,3,5,1,0,18,4,0
indiranagar,3,5,1,0,15,3,7
whitefield,3,5,1,0,12,3,2
marathahalli,3,5,1,0,14,3,3
hsr_layout,3,5,1,0,13,3,2
jp_nagar,3,5,1,0,11,3,0
electronic_city,3,5,1,0,10,3,1
hebbal,3,5,1,0,9,2,0
koramangala,4,5,1,0,18,5,7
indiranagar,4,5,1,0,15,4,1
whitefield,4,5,1,0,12,2,1
marathahalli,4,5,1,0,14,3,2
hsr_layout,4,5,1,0,13,3,4
jp_nagar,4,5,1,0,11,2,2
electronic_city,4,5,1,0,10,2,0
hebbal,4,5,1,0,9,2,3
koramangala,5,5,1,0,18,5,5
indiranagar,5,5,1,0,15,3,4
whitefield,5,5,1,0,12,2,4
marathahalli,5,5,1,0,14,3,6
hsr_layout,5,5,1,0,13,3,5
jp_nagar,5,5,1,0,11,2,0
electronic_city,5,5,1,0,10,2,4
hebbal,5,5,1,0,9,2,2
koramangala,6,5,1,0,18,17,19
indiranagar,6,5,1,0,15,15,14
whitefield,6,5,1,0,12,11,9
marathahalli,6,5,1,0,14,12,11
hsr_layout,6,5,1,0,13,13,12
jp_nagar,6,5,1,0,11,10,12
electronic_city,6,5,1,0,10,9,4
hebbal,6,5,1,0,9,9,9
koramangala,7,5,1,0,18,32,32
indiranagar,7,5,1,0,15,26,23
whitefield,7,5,1,0,12,20,18
marathahalli,7,5,1,0,14,24,21
hsr_layout,7,5,1,0,13,19,21
jp_nagar,7,5,1,0,11,18,13
electronic_city,7,5,1,0,10,13,13
hebbal,7,5,1,0,9,15,12
koramangala,8,5,1,0,18,32,32
indiranagar,8,5,1,0,15,23,23
whitefield,8,5,1,0,12,19,17
marathahalli,8,5,1,0,14,18,20
hsr_layout,8,5,1,0,13,22,21
jp_nagar,8,5,1,0,11,14,15
electronic_city,8,5,1,0,10,17,16
hebbal,8,5,1,0,9,11,9
koramangala,9,5,1,0,18,28,27
indiranagar,9,5,1,0,15,22,23
whitefield,9,5,1,0,12,17,19
marathahalli,9,5,1,0,14,24,25
hsr_layout,9,5,1,0,13,21,16
jp_nagar,9,5,1,0,11,17,16
electronic_city,9,5,1,0,10,14,12
hebbal,9,5,1,0,9,13,12
koramangala,10,5,1,0,18,18,21
indiranagar,10,5,1,0,15,15,14
whitefield,10,5,1,0,12,11,10
marathahalli,10,5,1,0,14,17,13
hsr_layout,10,5,1,0,13,14,12
jp_nagar,10,5,1,0,11,9,11
electronic_city,10,5,1,0,10,11,9
hebbal,10,5,1,0,9,10,10
koramangala,11,5,1,0,18,39,31
indiranagar,11,5,1,0,15,32,26
whitefield,11,5,1,0,12,21,21
marathahalli,11,5,1,0,14,31,30
hsr_layout,11,5,1,0,13,27,24
jp_nagar,11,5,1,0,11,24,22
electronic_city,11,5,1,0,10,22,18
hebbal,11,5,1,0,9,16,19
koramangala,12,5,1,0,18,42,35
indiranagar,12,5,1,0,15,33,30
whitefield,12,5,1,0,12,23,18
marathahalli,12,5,1,0,14,28,27
hsr_layout,12,5,1,0,13,24,22
jp_nagar,12,5,1,0,11,21,27
electronic_city,12,5,1,0,10,20,20
hebbal,12,5,1,0,9,21,15
koramangala,13,5,1,0,18,34,41
indiranagar,13,5,1,0,15,29,28
whitefield,13,5,1,0,12,26,22
marathahalli,13,5,1,0,14,34,30
hsr_layout,13,5,1,0,13,23,24
jp_nagar,13,5,1,0,11,26,25
electronic_city,13,5,1,0,10,16,21
hebbal,13,5,1,0,9,21,18
koramangala,14,5,1,0,18,20,18
indiranagar,14,5,1,0,15,16,14
whitefield,14,5,1,0,12,11,11
marathahalli,14,5,1,0,14,11,15
hsr_layout,14,5,1,0,13,12,13
jp_nagar,14,5,1,0,11,9,9
electronic_city,14,5,1,0,10,12,8
hebbal,14,5,1,0,9,9,12
koramangala,15,5,1,0,18,19,17
indiranagar,15,5,1,0,15,17,14
whitefield,15,5,1,0,12,12,9
marathahalli,15,5,1,0,14,14,14
hsr_layout,15,5,1,0,13,13,14
jp_nagar,15,5,1,0,11,12,9
electronic_city,15,5,1,0,10,9,6
hebbal,15,5,1,0,9,10,9
koramangala,16,5,1,0,18,18,17
indiranagar,16,5,1,0,15,13,13
whitefield,16,5,1,0,12,13,12
marathahalli,16,5,1,0,14,13,12
hsr_layout,16,5,1,0,13,13,16
jp_nagar,16,5,1,0,11,12,9
electronic_city,16,5,1,0,10,10,9
hebbal,16,5,1,0,9,9,9
koramangala,17,5,1,0,18,15,18
indiranagar,17,5,1,0,15,17,15
whitefield,17,5,1,0,12,12,11
marathahalli,17,5,1,0,14,13,14
hsr_layout,17,5,1,0,13,12,11
jp_nagar,17,5,1,0,11,11,13
electronic_city,17,5,1,0,10,10,7
hebbal,17,5,1,0,9,10,10
koramangala,18,5,1,0,18,21,15
indiranagar,18,5,1,0,15,13,15
whitefield,18,5,1,0,12,12,12
marathahalli,18,5,1,0,14,15,11
hsr_layout,18,5,1,0,13,11,12
jp_nagar,18,5,1,0,11,12,13
electronic_city,18,5,1,0,10,8,12
hebbal,18,5,1,0,9,10,9
koramangala,19,5,1,0,18,41,44
indiranagar,19,5,1,0,15,37,39
whitefield,19,5,1,0,12,25,32
marathahalli,19,5,1,0,14,40,34
hsr_layout,19,5,1,0,13,33,37
jp_nagar,19,5,1,0,11,22,29
electronic_city,19,5,1,0,10,23,27
hebbal,19,5,1,0,9,21,19
koramangala,20,5,1,0,18,50,41
indiranagar,20,5,1,0,15,36,31
whitefield,20,5,1,0,12,25,30
marathahalli,20,5,1,0,14,40,38
hsr_layout,20,5,1,0,13,26,35
jp_nagar,20,5,1,0,11,28,30
electronic_city,20,5,1,0,10,26,22
hebbal,20,5,1,0,9,21,20
koramangala,21,5,1,0,18,46,50
indiranagar,21,5,1,0,15,31,30
whitefield,21,5,1,0,12,27,29
marathahalli,21,5,1,0,14,40,35
hsr_layout,21,5,1,0,13,36,32
jp_nagar,21,5,1,0,11,25,26
electronic_city,21,5,1,0,10,21,21
hebbal,21,5,1,0,9,25,22
koramangala,22,5,1,0,18,22,15
indiranagar,22,5,1,0,15,15,13
whitefield,22,5,1,0,12,13,10
marathahalli,22,5,1,0,14,13,10
hsr_layout,22,5,1,0,13,12,12
jp_nagar,22,5,1,0,11,13,8
electronic_city,22,5,1,0,10,12,11
hebbal,22,5,1,0,9,10,12
koramangala,23,5,1,0,18,19,14
indiranagar,23,5,1,0,15,13,14
whitefield,23,5,1,0,12,13,9
marathahalli,23,5,1,0,14,16,16
hsr_layout,23,5,1,0,13,13,14
jp_nagar,23,5,1,0,11,9,11
electronic_city,23,5,1,0,10,8,8
hebbal,23,5,1,0,9,11,9
koramangala,0,6,1,0,18,4,6
indiranagar,0,6,1,0,15,3,0
whitefield,0,6,1,0,12,3,2
marathahalli,0,6,1,0,14,3,3
hsr_layout,0,6,1,0,13,3,1
jp_nagar,0,6,1,0,11,3,5
electronic_city,0,6,1,0,10,2,1
hebbal,0,6,1,0,9,1,1
koramangala,1,6,1,0,18,5,4
indiranagar,1,6,1,0,15,3,2
whitefield,1,6,1,0,12,3,0
marathahalli,1,6,1,0,14,4,2
hsr_layout,1,6,1,0,13,3,4
jp_nagar,1,6,1,0,11,2,2
electronic_city,1,6,1,0,10,2,0
hebbal,1,6,1,0,9,2,3
koramangala,2,6,1,0,18,5,3
indiranagar,2,6,1,0,15,4,2
whitefield,2,6,1,0,12,2,3
marathahalli,2,6,1,0,14,4,4
hsr_layout,2,6,1,0,13,3,6
jp_nagar,2,6,1,0,11,3,4
electronic_city,2,6,1,0,10,2,3
hebbal,2,6,1,0,9,2,1
koramangala,3,6,1,0,18,5,3
indiranagar,3,6,1,0,15,3,3
whitefield,3,6,1,0,12,3,2
marathahalli,3,6,1,0,14,3,1
hsr_layout,3,6,1,0,13,3,2
jp_nagar,3,6,1,0,11,2,2
electronic_city,3,6,1,0,10,2,2
hebbal,3,6,1,0,9,2,2
koramangala,4,6,1,0,18,4,4
indiranagar,4,6,1,0,15,3,3
whitefield,4,6,1,0,12,2,1
marathahalli,4,6,1,0,14,3,1
hsr_layout,4,6,1,0,13,2,5
jp_nagar,4,6,1,0,11,3,2
electronic_city,4,6,1,0,10,3,1
hebbal,4,6,1,0,9,2,0
koramangala,5,6,1,0,18,4,8
indiranagar,5,6,1,0,15,3,2
whitefield,5,6,1,0,12,3,2
marathahalli,5,6,1,0,14,3,3
hsr_layout,5,6,1,0,13,3,3
jp_nagar,5,6,1,0,11,2,3
electronic_city,5,6,1,0,10,2,4
hebbal,5,6,1,0,9,2,2
koramangala,6,6,1,0,18,20,15
indiranagar,6,6,1,0,15,14,14
whitefield,6,6,1,0,12,12,12
marathahalli,6,6,1,0,14,16,16
hsr_layout,6,6,1,0,13,14,9
jp_nagar,6,6,1,0,11,12,11
electronic_city,6,6,1,0,10,10,10
hebbal,6,6,1,0,9,8,9
koramangala,7,6,1,0,18,29,30
indiranagar,7,6,1,0,15,24,20
whitefield,7,6,1,0,12,19,17
marathahalli,7,6,1,0,14,23,23
hsr_layout,7,6,1,0,13,16,22
jp_nagar,7,6,1,0,11,19,17
electronic_city,7,6,1,0,10,15,15
hebbal,7,6,1,0,9,14,10
koramangala,8,6,1,0,18,24,26
indiranagar,8,6,1,0,15,23,25
whitefield,8,6,1,0,12,16,18
marathahalli,8,6,1,0,14,25,19
hsr_layout,8,6,1,0,13,17,20
jp_nagar,8,6,1,0,11,20,11
electronic_city,8,6,1,0,10,12,15
hebbal,8,6,1,0,9,11,11
koramangala,9,6,1,0,18,27,24
indiranagar,9,6,1,0,15,21,19
whitefield,9,6,1,0,12,20,14
marathahalli,9,6,1,0,14,19,22
hsr_layout,9,6,1,0,13,22,22
jp_nagar,9,6,1,0,11,14,16
electronic_city,9,6,1,0,10,14,13
hebbal,9,6,1,0,9,11,14
koramangala,10,6,1,0,18,20,19
indiranagar,10,6,1,0,15,12,15
whitefield,10,6,1,0,12,13,12
marathahalli,10,6,1,0,14,15,14
hsr_layout,10,6,1,0,13,11,10
jp_nagar,10,6,1,0,11,10,11
electronic_city,10,6,1,0,10,10,9
hebbal,10,6,1,0,9,8,11
koramangala,11,6,1,0,18,33,37
indiranagar,11,6,1,0,15,30,30
whitefield,11,6,1,0,12,20,27
marathahalli,11,6,1,0,14,29,29
hsr_layout,11,6,1,0,13,31,24
jp_nagar,11,6,1,0,11,20,17
electronic_city,11,6,1,0,10,20,18
hebbal,11,6,1,0,9,17,18
koramangala,12,6,1,0,18,31,33
indiranagar,12,6,1,0,15,37,30
whitefield,12,6,1,0,12,22,24
marathahalli,12,6,1,0,14,29,30
hsr_layout,12,6,1,0,13,25,31
jp_nagar,12,6,1,0,11,27,20
electronic_city,12,6,1,0,10,18,21
hebbal,12,6,1,0,9,18,19
koramangala,13,6,1,0,18,32,37
indiranagar,13,6,1,0,15,30,34
whitefield,13,6,1,0,12,25,24
marathahalli,13,6,1,0,14,32,26
hsr_layout,13,6,1,0,13,25,22
jp_nagar,13,6,1,0,11,19,19
electronic_city,13,6,1,0,10,21,21
hebbal,13,6,1,0,9,15,18
koramangala,14,6,1,0,18,20,20
indiranagar,14,6,1,0,15,15,15
whitefield,14,6,1,0,12,13,12
marathahalli,14,6,1,0,14,15,14
hsr_layout,14,6,1,0,13,15,14
jp_nagar,14,6,1,0,11,9,9
electronic_city,14,6,1,0,10,11,11
hebbal,14,6,1,0,9,10,8
koramangala,15,6,1,0,18,20,15
indiranagar,15,6,1,0,15,15,18
whitefield,15,6,1,0,12,10,11
marathahalli,15,6,1,0,14,12,13
hsr_layout,15,6,1,0,13,13,12
jp_nagar,15,6,1,0,11,11,9
electronic_city,15,6,1,0,10,9,9
hebbal,15,6,1,0,9,8,11
koramangala,16,6,1,0,18,20,16
indiranagar,16,6,1,0,15,16,14
whitefield,16,6,1,0,12,13,10
marathahalli,16,6,1,0,14,14,12
hsr_layout,16,6,1,0,13,14,11
jp_nagar,16,6,1,0,11,11,9
electronic_city,16,6,1,0,10,10,10
hebbal,16,6,1,0,9,10,9
koramangala,17,6,1,0,18,21,16
indiranagar,17,6,1,0,15,15,15
whitefield,17,6,1,0,12,10,13
marathahalli,17,6,1,0,14,12,12
hsr_layout,17,6,1,0,13,16,12
jp_nagar,17,6,1,0,11,10,11
electronic_city,17,6,1,0,10,10,8
hebbal,17,6,1,0,9,7,9
koramangala,18,6,1,0,18,16,17
indiranagar,18,6,1,0,15,15,11
whitefield,18,6,1,0,12,13,13
marathahalli,18,6,1,0,14,13,14
hsr_layout,18,6,1,0,13,15,13
jp_nagar,18,6,1,0,11,10,12
electronic_city,18,6,1,0,10,9,7
hebbal,18,6,1,0,9,9,8
koramangala,19,6,1,0,18,36,38
indiranagar,19,6,1,0,15,40,32
whitefield,19,6,1,0,12,26,25
marathahalli,19,6,1,0,14,38,36
hsr_layout,19,6,1,0,13,35,28
jp_nagar,19,6,1,0,11,30,27
electronic_city,19,6,1,0,10,22,23
hebbal,19,6,1,0,9,25,22
koramangala,20,6,1,0,18,43,39
indiranagar,20,6,1,0,15,41,44
whitefield,20,6,1,0,12,24,31
marathahalli,20,6,1,0,14,29,27
hsr_layout,20,6,1,0,13,36,27
jp_nagar,20,6,1,0,11,31,23
electronic_city,20,6,1,0,10,24,24
hebbal,20,6,1,0,9,23,21
koramangala,21,6,1,0,18,44,39
indiranagar,21,6,1,0,15,37,36
whitefield,21,6,1,0,12,28,28
marathahalli,21,6,1,0,14,31,35
hsr_layout,21,6,1,0,13,32,32
jp_nagar,21,6,1,0,11,30,28
electronic_city,21,6,1,0,10,29,24
hebbal,21,6,1,0,9,24,23
koramangala,22,6,1,0,18,19,17
indiranagar,22,6,1,0,15,17,16
whitefield,22,6,1,0,12,12,12
marathahalli,22,6,1,0,14,13,10
hsr_layout,22,6,1,0,13,12,12
jp_nagar,22,6,1,0,11,12,9
electronic_city,22,6,1,0,10,9,12
hebbal,22,6,1,0,9,11,9
koramangala,23,6,1,0,18,17,15
indiranagar,23,6,1,0,15,17,15
whitefield,23,6,1,0,12,12,10
marathahalli,23,6,1,0,14,11,11
hsr_layout,23,6,1,0,13,11,10
jp_nagar,23,6,1,0,11,10,11
electronic_city,23,6,1,0,10,10,8
hebbal,23,6,1,0,9,8,10
koramangala,0,0,0,1,18,5,7
indiranagar,0,0,0,1,15,4,0
whitefield,0,0,0,1,12,3,3
marathahalli,0,0,0,1,14,4,3
hsr_layout,0,0,0,1,13,3,2
jp_nagar,0,0,0,1,11,3,2
electronic_city,0,0,0,1,10,3,1
hebbal,0,0,0,1,9,2,4
koramangala,1,0,0,1,18,5,5
indiranagar,1,0,0,1,15,4,4
whitefield,1,0,0,1,12,2,5
marathahalli,1,0,0,1,14,4,0
hsr_layout,1,0,0,1,13,3,1
jp_nagar,1,0,0,1,11,2,0
electronic_city,1,0,0,1,10,3,0
hebbal,1,0,0,1,9,2,2
koramangala,2,0,0,1,18,5,5
indiranagar,2,0,0,1,15,3,4
whitefield,2,0,0,1,12,3,0
marathahalli,2,0,0,1,14,4,4
hsr_layout,2,0,0,1,13,4,3
jp_nagar,2,0,0,1,11,3,4
electronic_city,2,0,0,1,10,2,0
hebbal,2,0,0,1,9,2,2
koramangala,3,0,0,1,18,4,2
indiranagar,3,0,0,1,15,3,2
whitefield,3,0,0,1,12,3,3
marathahalli,3,0,0,1,14,4,4
hsr_layout,3,0,0,1,13,2,1
jp_nagar,3,0,0,1,11,2,2
electronic_city,3,0,0,1,10,2,0
hebbal,3,0,0,1,9,2,3
koramangala,4,0,0,1,18,4,3
indiranagar,4,0,0,1,15,4,4
whitefield,4,0,0,1,12,3,2
marathahalli,4,0,0,1,14,4,3
hsr_layout,4,0,0,1,13,3,1
jp_nagar,4,0,0,1,11,2,4
electronic_city,4,0,0,1,10,2,1
hebbal,4,0,0,1,9,2,2
koramangala,5,0,0,1,18,4,4
indiranagar,5,0,0,1,15,3,0
whitefield,5,0,0,1,12,3,2
marathahalli,5,0,0,1,14,3,1
hsr_layout,5,0,0,1,13,3,3
jp_nagar,5,0,0,1,11,3,0
electronic_city,5,0,0,1,10,2,3
hebbal,5,0,0,1,9,2,1
koramangala,6,0,0,1,18,20,18
indiranagar,6,0,0,1,15,17,16
whitefield,6,0,0,1,12,14,15
marathahalli,6,0,0,1,14,12,16
hsr_layout,6,0,0,1,13,13,12
jp_nagar,6,0,0,1,11,10,10
electronic_city,6,0,0,1,10,10,10
hebbal,6,0,0,1,9,11,8
koramangala,7,0,0,1,18,32,30
indiranagar,7,0,0,1,15,28,26
whitefield,7,0,0,1,12,16,22
marathahalli,7,0,0,1,14,21,22
hsr_layout,7,0,0,1,13,17,18
jp_nagar,7,0,0,1,11,19,17
electronic_city,7,0,0,1,10,14,17
hebbal,7,0,0,1,9,14,13
koramangala,8,0,0,1,18,31,25
indiranagar,8,0,0,1,15,27,25
whitefield,8,0,0,1,12,23,15
marathahalli,8,0,0,1,14,22,21
hsr_layout,8,0,0,1,13,23,20
jp_nagar,8,0,0,1,11,21,16
electronic_city,8,0,0,1,10,16,12
hebbal,8,0,0,1,9,12,18
koramangala,9,0,0,1,18,29,30
indiranagar,9,0,0,1,15,24,21
whitefield,9,0,0,1,12,22,17
marathahalli,9,0,0,1,14,22,22
hsr_layout,9,0,0,1,13,23,22
jp_nagar,9,0,0,1,11,21,18
electronic_city,9,0,0,1,10,18,19
hebbal,9,0,0,1,9,15,16
koramangala,10,0,0,1,18,22,21
indiranagar,10,0,0,1,15,16,13
whitefield,10,0,0,1,12,13,13
marathahalli,10,0,0,1,14,18,16
hsr_layout,10,0,0,1,13,17,12
jp_nagar,10,0,0,1,11,14,13
electronic_city,10,0,0,1,10,9,11
hebbal,10,0,0,1,9,11,9
koramangala,11,0,0,1,18,37,40
indiranagar,11,0,0,1,15,37,32
whitefield,11,0,0,1,12,23,22
marathahalli,11,0,0,1,14,26,34
hsr_layout,11,0,0,1,13,26,24
jp_nagar,11,0,0,1,11,22,22
electronic_city,11,0,0,1,10,18,22
hebbal,11,0,0,1,9,21,22
koramangala,12,0,0,1,18,38,39
indiranagar,12,0,0,1,15,31,32
whitefield,12,0,0,1,12,28,27
marathahalli,12,0,0,1,14,36,34
hsr_layout,12,0,0,1,13,32,29
jp_nagar,12,0,0,1,11,27,20
electronic_city,12,0,0,1,10,19,23
hebbal,12,0,0,1,9,17,22
koramangala,13,0,0,1,18,46,46
indiranagar,13,0,0,1,15,36,32
whitefield,13,0,0,1,12,25,23
marathahalli,13,0,0,1,14,31,33
hsr_layout,13,0,0,1,13,30,22
jp_nagar,13,0,0,1,11,25,27
electronic_city,13,0,0,1,10,21,21
hebbal,13,0,0,1,9,22,20
koramangala,14,0,0,1,18,22,20
indiranagar,14,0,0,1,15,17,13
whitefield,14,0,0,1,12,11,11
marathahalli,14,0,0,1,14,15,15
hsr_layout,14,0,0,1,13,15,13
jp_nagar,14,0,0,1,11,11,14
electronic_city,14,0,0,1,10,12,9
hebbal,14,0,0,1,9,11,7
koramangala,15,0,0,1,18,17,20
indiranagar,15,0,0,1,15,19,15
whitefield,15,0,0,1,12,11,10
marathahalli,15,0,0,1,14,13,19
hsr_layout,15,0,0,1,13,16,13
jp_nagar,15,0,0,1,11,11,12
electronic_city,15,0,0,1,10,10,11
hebbal,15,0,0,1,9,10,8
koramangala,16,0,0,1,18,19,20
indiranagar,16,0,0,1,15,15,16
whitefield,16,0,0,1,12,14,11
marathahalli,16,0,0,1,14,17,11
hsr_layout,16,0,0,1,13,13,13
jp_nagar,16,0,0,1,11,11,11
electronic_city,16,0,0,1,10,10,12
hebbal,16,0,0,1,9,12,11
koramangala,17,0,0,1,18,19,21
indiranagar,17,0,0,1,15,14,15
whitefield,17,0,0,1,12,15,14
marathahalli,17,0,0,1,14,13,14
hsr_layout,17,0,0,1,13,15,14
jp_nagar,17,0,0,1,11,10,11
electronic_city,17,0,0,1,10,9,9
hebbal,17,0,0,1,9,9,8
koramangala,18,0,0,1,18,21,16
indiranagar,18,0,0,1,15,15,14
whitefield,18,0,0,1,12,15,14
marathahalli,18,0,0,1,14,13,14
hsr_layout,18,0,0,1,13,11,11
jp_nagar,18,0,0,1,11,12,11
electronic_city,18,0,0,1,10,10,10
hebbal,18,0,0,1,9,11,9
koramangala,19,0,0,1,18,39,41
indiranagar,19,0,0,1,15,43,40
whitefield,19,0,0,1,12,31,30
marathahalli,19,0,0,1,14,44,37
hsr_layout,19,0,0,1,13,31,38
jp_nagar,19,0,0,1,11,33,31
electronic_city,19,0,0,1,10,26,25
hebbal,19,0,0,1,9,19,26
koramangala,20,0,0,1,18,41,52
indiranagar,20,0,0,1,15,42,43
whitefield,20,0,0,1,12,30,34
marathahalli,20,0,0,1,14,30,43
hsr_layout,20,0,0,1,13,38,35
jp_nagar,20,0,0,1,11,23,35
electronic_city,20,0,0,1,10,24,28
hebbal,20,0,0,1,9,27,25
koramangala,21,0,0,1,18,46,41
indiranagar,21,0,0,1,15,34,34
whitefield,21,0,0,1,12,29,35
marathahalli,21,0,0,1,14,42,34
hsr_layout,21,0,0,1,13,38,32
jp_nagar,21,0,0,1,11,28,32
electronic_city,21,0,0,1,10,25,26
hebbal,21,0,0,1,9,26,22
koramangala,22,0,0,1,18,21,19
indiranagar,22,0,0,1,15,19,17
whitefield,22,0,0,1,12,12,12
marathahalli,22,0,0,1,14,12,12
hsr_layout,22,0,0,1,13,12,13
jp_nagar,22,0,0,1,11,12,15
electronic_city,22,0,0,1,10,10,9
hebbal,22,0,0,1,9,8,10
koramangala,23,0,0,1,18,16,16
indiranagar,23,0,0,1,15,18,17
whitefield,23,0,0,1,12,13,12
marathahalli,23,0,0,1,14,14,16
hsr_layout,23,0,0,1,13,17,12
jp_nagar,23,0,0,1,11,11,12
electronic_city,23,0,0,1,10,10,12
hebbal,23,0,0,1,9,11,10
koramangala,0,1,0,0,18,3,3
indiranagar,0,1,0,0,15,2,1
whitefield,0,1,0,0,12,2,1
marathahalli,0,1,0,0,14,2,1
hsr_layout,0,1,0,0,13,2,1
jp_nagar,0,1,0,0,11,2,1
electronic_city,0,1,0,0,10,1,0
hebbal,0,1,0,0,9,1,0
koramangala,1,1,0,0,18,3,1
indiranagar,1,1,0,0,15,2,3
whitefield,1,1,0,0,12,1,0
marathahalli,1,1,0,0,14,2,2
hsr_layout,1,1,0,0,13,2,4
jp_nagar,1,1,0,0,11,1,3
electronic_city,1,1,0,0,10,2,3
hebbal,1,1,0,0,9,1,2
koramangala,2,1,0,0,18,3,4
indiranagar,2,1,0,0,15,2,1
whitefield,2,1,0,0,12,2,1
marathahalli,2,1,0,0,14,2,0
hsr_layout,2,1,0,0,13,2,3
jp_nagar,2,1,0,0,11,2,4
electronic_city,2,1,0,0,10,1,1
hebbal,2,1,0,0,9,2,0
koramangala,3,1,0,0,18,3,1
indiranagar,3,1,0,0,15,2,3
whitefield,3,1,0,0,12,2,3
marathahalli,3,1,0,0,14,3,0
hsr_layout,3,1,0,0,13,3,2
jp_nagar,3,1,0,0,11,2,1
electronic_city,3,1,0,0,10,1,1
hebbal,3,1,0,0,9,1,2
koramangala,4,1,0,0,18,3,2
indiranagar,4,1,0,0,15,3,1
whitefield,4,1,0,0,12,2,1
marathahalli,4,1,0,0,14,2,3
hsr_layout,4,1,0,0,13,3,2
jp_nagar,4,1,0,0,11,2,2
electronic_city,4,1,0,0,10,1,0
hebbal,4,1,0,0,9,1,0
koramangala,5,1,0,0,18,3,4
indiranagar,5,1,0,0,15,3,3
whitefield,5,1,0,0,12,2,2
marathahalli,5,1,0,0,14,3,5
hsr_layout,5,1,0,0,13,2,3
jp_nagar,5,1,0,0,11,2,1
electronic_city,5,1,0,0,10,2,1
hebbal,5,1,0,0,9,1,0
koramangala,6,1,0,0,18,16,12
indiranagar,6,1,0,0,15,11,10
whitefield,6,1,0,0,12,9,11
marathahalli,6,1,0,0,14,12,11
hsr_layout,6,1,0,0,13,10,8
jp_nagar,6,1,0,0,11,9,5
electronic_city,6,1,0,0,10,9,5
hebbal,6,1,0,0,9,7,8
koramangala,7,1,0,0,18,17,20
indiranagar,7,1,0,0,15,19,18
whitefield,7,1,0,0,12,17,15
marathahalli,7,1,0,0,14,13,17
hsr_layout,7,1,0,0,13,14,14
jp_nagar,7,1,0,0,11,11,14
electronic_city,7,1,0,0,10,12,10
hebbal,7,1,0,0,9,8,11
koramangala,8,1,0,0,18,23,20
indiranagar,8,1,0,0,15,17,19
whitefield,8,1,0,0,12,15,11
marathahalli,8,1,0,0,14,18,17
hsr_layout,8,1,0,0,13,16,18
jp_nagar,8,1,0,0,11,11,9
electronic_city,8,1,0,0,10,10,12
hebbal,8,1,0,0,9,11,9
koramangala,9,1,0,0,18,18,22
indiranagar,9,1,0,0,15,16,19
whitefield,9,1,0,0,12,16,8
marathahalli,9,1,0,0,14,14,19
hsr_layout,9,1,0,0,13,12,18
jp_nagar,9,1,0,0,11,13,9
electronic_city,9,1,0,0,10,10,10
hebbal,9,1,0,0,9,10,13
koramangala,10,1,0,0,18,15,16
indiranagar,10,1,0,0,15,12,13
whitefield,10,1,0,0,12,8,7
marathahalli,10,1,0,0,14,9,10
hsr_layout,10,1,0,0,13,9,8
jp_nagar,10,1,0,0,11,10,8
electronic_city,10,1,0,0,10,8,5
hebbal,10,1,0,0,9,7,4
koramangala,11,1,0,0,18,31,31
indiranagar,11,1,0,0,15,20,21
whitefield,11,1,0,0,12,18,21
marathahalli,11,1,0,0,14,18,18
hsr_layout,11,1,0,0,13,19,20
jp_nagar,11,1,0,0,11,15,16
electronic_city,11,1,0,0,10,17,18
hebbal,11,1,0,0,9,13,11
koramangala,12,1,0,0,18,25,26
indiranagar,12,1,0,0,15,20,23
whitefield,12,1,0,0,12,17,19
marathahalli,12,1,0,0,14,25,23
hsr_layout,12,1,0,0,13,18,17
jp_nagar,12,1,0,0,11,15,21
electronic_city,12,1,0,0,10,12,21
hebbal,12,1,0,0,9,13,13
koramangala,13,1,0,0,18,25,25
indiranagar,13,1,0,0,15,26,30
whitefield,13,1,0,0,12,20,16
marathahalli,13,1,0,0,14,22,25
hsr_layout,13,1,0,0,13,24,22
jp_nagar,13,1,0,0,11,20,21
electronic_city,13,1,0,0,10,16,14
hebbal,13,1,0,0,9,12,14
koramangala,14,1,0,0,18,13,10
indiranagar,14,1,0,0,15,11,9
whitefield,14,1,0,0,12,9,7
marathahalli,14,1,0,0,14,12,12
hsr_layout,14,1,0,0,13,12,8
jp_nagar,14,1,0,0,11,9,5
electronic_city,14,1,0,0,10,7,9
hebbal,14,1,0,0,9,7,6
koramangala,15,1,0,0,18,12,13
indiranagar,15,1,0,0,15,11,9
whitefield,15,1,0,0,12,10,9
marathahalli,15,1,0,0,14,9,7
hsr_layout,15,1,0,0,13,11,9
jp_nagar,15,1,0,0,11,10,6
electronic_city,15,1,0,0,10,6,9
hebbal,15,1,0,0,9,7,7
koramangala,16,1,0,0,18,14,13
indiranagar,16,1,0,0,15,13,9
whitefield,16,1,0,0,12,10,7
marathahalli,16,1,0,0,14,9,9
hsr_layout,16,1,0,0,13,9,9
jp_nagar,16,1,0,0,11,7,7
electronic_city,16,1,0,0,10,8,8
hebbal,16,1,0,0,9,8,5
koramangala,17,1,0,0,18,16,14
indiranagar,17,1,0,0,15,10,9
whitefield,17,1,0,0,12,10,10
marathahalli,17,1,0,0,14,8,12
hsr_layout,17,1,0,0,13,10,8
jp_nagar,17,1,0,0,11,7,10
electronic_city,17,1,0,0,10,8,9
hebbal,17,1,0,0,9,6,5
koramangala,18,1,0,0,18,12,14
indiranagar,18,1,0,0,15,12,11
whitefield,18,1,0,0,12,9,10
marathahalli,18,1,0,0,14,13,10
hsr_layout,18,1,0,0,13,9,11
jp_nagar,18,1,0,0,11,8,6
electronic_city,18,1,0,0,10,6,7
hebbal,18,1,0,0,9,6,5
koramangala,19,1,0,0,18,33,34
indiranagar,19,1,0,0,15,28,27
whitefield,19,1,0,0,12,25,22
marathahalli,19,1,0,0,14,23,25
hsr_layout,19,1,0,0,13,22,23
jp_nagar,19,1,0,0,11,17,17
electronic_city,19,1,0,0,10,19,15
hebbal,19,1,0,0,9,14,14
koramangala,20,1,0,0,18,37,37
indiranagar,20,1,0,0,15,32,28
whitefield,20,1,0,0,12,19,24
marathahalli,20,1,0,0,14,31,27
hsr_layout,20,1,0,0,13,27,27
jp_nagar,20,1,0,0,11,18,22
electronic_city,20,1,0,0,10,18,20
hebbal,20,1,0,0,9,15,14
koramangala,21,1,0,0,18,31,32
indiranagar,21,1,0,0,15,31,30
whitefield,21,1,0,0,12,22,21
marathahalli,21,1,0,0,14,25,28
hsr_layout,21,1,0,0,13,23,28
jp_nagar,21,1,0,0,11,19,20
electronic_city,21,1,0,0,10,22,20
hebbal,21,1,0,0,9,13,15
koramangala,22,1,0,0,18,12,12
indiranagar,22,1,0,0,15,11,11
whitefield,22,1,0,0,12,8,9
marathahalli,22,1,0,0,14,10,11
hsr_layout,22,1,0,0,13,9,8
jp_nagar,22,1,0,0,11,8,7
electronic_city,22,1,0,0,10,6,6
hebbal,22,1,0,0,9,6,5
koramangala,23,1,0,0,18,15,16
indiranagar,23,1,0,0,15,14,7
whitefield,23,1,0,0,12,10,9
marathahalli,23,1,0,0,14,13,9
hsr_layout,23,1,0,0,13,9,10
jp_nagar,23,1,0,0,11,8,6
electronic_city,23,1,0,0,10,8,6
hebbal,23,1,0,0,9,6,9
koramangala,0,2,0,1,18,4,5
indiranagar,0,2,0,1,15,3,4
whitefield,0,2,0,1,12,3,1
marathahalli,0,2,0,1,14,3,0
hsr_layout,0,2,0,1,13,3,3
jp_nagar,0,2,0,1,11,2,2
electronic_city,0,2,0,1,10,3,2
hebbal,0,2,0,1,9,2,1
koramangala,1,2,0,1,18,4,5
indiranagar,1,2,0,1,15,3,1
whitefield,1,2,0,1,12,3,5
marathahalli,1,2,0,1,14,4,3
hsr_layout,1,2,0,1,13,3,5
jp_nagar,1,2,0,1,11,2,1
electronic_city,1,2,0,1,10,2,2
hebbal,1,2,0,1,9,2,0
koramangala,2,2,0,1,18,4,5
indiranagar,2,2,0,1,15,3,2
whitefield,2,2,0,1,12,3,3
marathahalli,2,2,0,1,14,3,4
hsr_layout,2,2,0,1,13,3,2
jp_nagar,2,2,0,1,11,3,0
electronic_city,2,2,0,1,10,2,2
hebbal,2,2,0,1,9,2,5
koramangala,3,2,0,1,18,5,4
indiranagar,3,2,0,1,15,4,4
whitefield,3,2,0,1,12,3,2
marathahalli,3,2,0,1,14,4,6
hsr_layout,3,2,0,1,13,3,0
jp_nagar,3,2,0,1,11,3,2
electronic_city,3,2,0,1,10,3,0
hebbal,3,2,0,1,9,3,0
koramangala,4,2,0,1,18,5,4
indiranagar,4,2,0,1,15,3,4
whitefield,4,2,0,1,12,3,2
marathahalli,4,2,0,1,14,4,2
hsr_layout,4,2,0,1,13,3,7
jp_nagar,4,2,0,1,11,3,2
electronic_city,4,2,0,1,10,3,2
hebbal,4,2,0,1,9,2,1
koramangala,5,2,0,1,18,4,5
indiranagar,5,2,0,1,15,3,2
whitefield,5,2,0,1,12,3,2
marathahalli,5,2,0,1,14,3,6
hsr_layout,5,2,0,1,13,3,4
jp_nagar,5,2,0,1,11,3,3
electronic_city,5,2,0,1,10,2,0
hebbal,5,2,0,1,9,2,1
koramangala,6,2,0,1,18,17,25
indiranagar,6,2,0,1,15,14,14
whitefield,6,2,0,1,12,10,14
marathahalli,6,2,0,1,14,17,18
hsr_layout,6,2,0,1,13,14,16
jp_nagar,6,2,0,1,11,11,9
electronic_city,6,2,0,1,10,9,6
hebbal,6,2,0,1,9,9,10
koramangala,7,2,0,1,18,27,32
indiranagar,7,2,0,1,15,22,24
whitefield,7,2,0,1,12,17,20
marathahalli,7,2,0,1,14,22,24
hsr_layout,7,2,0,1,13,20,21
jp_nagar,7,2,0,1,11,20,19
electronic_city,7,2,0,1,10,15,14
hebbal,7,2,0,1,9,14,14
koramangala,8,2,0,1,18,28,32
indiranagar,8,2,0,1,15,21,19
whitefield,8,2,0,1,12,23,20
marathahalli,8,2,0,1,14,19,25
hsr_layout,8,2,0,1,13,18,21
jp_nagar,8,2,0,1,11,19,21
electronic_city,8,2,0,1,10,15,14
hebbal,8,2,0,1,9,18,15
koramangala,9,2,0,1,18,28,26
indiranagar,9,2,0,1,15,21,25
whitefield,9,2,0,1,12,16,21
marathahalli,9,2,0,1,14,22,25
hsr_layout,9,2,0,1,13,20,21
jp_nagar,9,2,0,1,11,20,20
electronic_city,9,2,0,1,10,19,13
hebbal,9,2,0,1,9,18,12
koramangala,10,2,0,1,18,21,19
indiranagar,10,2,0,1,15,16,17
whitefield,10,2,0,1,12,12,11
marathahalli,10,2,0,1,14,14,9
hsr_layout,10,2,0,1,13,13,15
jp_nagar,10,2,0,1,11,10,10
electronic_city,10,2,0,1,10,12,16
hebbal,10,2,0,1,9,8,8
koramangala,11,2,0,1,18,46,40
indiranagar,11,2,0,1,15,31,31
whitefield,11,2,0,1,12,23,24
marathahalli,11,2,0,1,14,36,34
hsr_layout,11,2,0,1,13,31,31
jp_nagar,11,2,0,1,11,21,25
electronic_city,11,2,0,1,10,18,17
hebbal,11,2,0,1,9,20,15
koramangala,12,2,0,1,18,42,41
indiranagar,12,2,0,1,15,30,30
whitefield,12,2,0,1,12,29,24
marathahalli,12,2,0,1,14,36,25
hsr_layout,12,2,0,1,13,33,33
jp_nagar,12,2,0,1,11,20,24
electronic_city,12,2,0,1,10,23,21
hebbal,12,2,0,1,9,17,14
koramangala,13,2,0,1,18,46,34
indiranagar,13,2,0,1,15,40,28
whitefield,13,2,0,1,12,26,29
marathahalli,13,2,0,1,14,35,29
hsr_layout,13,2,0,1,13,24,29
jp_nagar,13,2,0,1,11,25,22
electronic_city,13,2,0,1,10,22,24
hebbal,13,2,0,1,9,17,21
koramangala,14,2,0,1,18,19,20
indiranagar,14,2,0,1,15,18,14
whitefield,14,2,0,1,12,14,15
marathahalli,14,2,0,1,14,13,12
hsr_layout,14,2,0,1,13,12,13
jp_nagar,14,2,0,1,11,10,10
electronic_city,14,2,0,1,10,9,8
hebbal,14,2,0,1,9,11,8
koramangala,15,2,0,1,18,17,14
indiranagar,15,2,0,1,15,17,17
whitefield,15,2,0,1,12,15,15
marathahalli,15,2,0,1,14,15,13
hsr_layout,15,2,0,1,13,16,12
jp_nagar,15,2,0,1,11,10,14
electronic_city,15,2,0,1,10,11,9
hebbal,15,2,0,1,9,11,6
koramangala,16,2,0,1,18,23,15
indiranagar,16,2,0,1,15,13,14
whitefield,16,2,0,1,12,11,11
marathahalli,16,2,0,1,14,12,18
hsr_layout,16,2,0,1,13,12,10
jp_nagar,16,2,0,1,11,12,9
electronic_city,16,2,0,1,10,10,11
hebbal,16,2,0,1,9,11,11
koramangala,17,2,0,1,18,19,15
indiranagar,17,2,0,1,15,17,18
whitefield,17,2,0,1,12,11,12
marathahalli,17,2,0,1,14,17,18
hsr_layout,17,2,0,1,13,13,15
jp_nagar,17,2,0,1,11,11,9
electronic_city,17,2,0,1,10,11,10
hebbal,17,2,0,1,9,10,11
koramangala,18,2,0,1,18,18,18
indiranagar,18,2,0,1,15,13,15
whitefield,18,2,0,1,12,14,14
marathahalli,18,2,0,1,14,13,9
hsr_layout,18,2,0,1,13,14,14
jp_nagar,18,2,0,1,11,12,9
electronic_city,18,2,0,1,10,12,10
hebbal,18,2,0,1,9,9,10
koramangala,19,2,0,1,18,39,54
indiranagar,19,2,0,1,15,39,38
whitefield,19,2,0,1,12,37,35
marathahalli,19,2,0,1,14,32,39
hsr_layout,19,2,0,1,13,30,30
jp_nagar,19,2,0,1,11,31,24
electronic_city,19,2,0,1,10,27,23
hebbal,19,2,0,1,9,27,22
koramangala,20,2,0,1,18,53,46
indiranagar,20,2,0,1,15,35,45
whitefield,20,2,0,1,12,32,30
marathahalli,20,2,0,1,14,31,33
hsr_layout,20,2,0,1,13,36,32
jp_nagar,20,2,0,1,11,33,29
electronic_city,20,2,0,1,10,22,31
hebbal,20,2,0,1,9,24,26
koramangala,21,2,0,1,18,43,55
indiranagar,21,2,0,1,15,47,37
whitefield,21,2,0,1,12,37,34
marathahalli,21,2,0,1,14,43,34
hsr_layout,21,2,0,1,13,29,39
jp_nagar,21,2,0,1,11,23,23
electronic_city,21,2,0,1,10,27,27
hebbal,21,2,0,1,9,27,24
koramangala,22,2,0,1,18,23,18
indiranagar,22,2,0,1,15,16,12
whitefield,22,2,0,1,12,15,15
marathahalli,22,2,0,1,14,17,20
hsr_layout,22,2,0,1,13,13,13
jp_nagar,22,2,0,1,11,13,12
electronic_city,22,2,0,1,10,9,12
hebbal,22,2,0,1,9,8,8
koramangala,23,2,0,1,18,18,22
indiranagar,23,2,0,1,15,14,19
whitefield,23,2,0,1,12,15,11
marathahalli,23,2,0,1,14,15,17
hsr_layout,23,2,0,1,13,16,9
jp_nagar,23,2,0,1,11,10,8
electronic_city,23,2,0,1,10,9,11
hebbal,23,2,0,1,9,9,10
koramangala,0,3,0,0,18,3,1
indiranagar,0,3,0,0,15,2,3
whitefield,0,3,0,0,12,2,2
marathahalli,0,3,0,0,14,2,3
hsr_layout,0,3,0,0,13,3,1
jp_nagar,0,3,0,0,11,2,1
electronic_city,0,3,0,0,10,1,1
hebbal,0,3,0,0,9,2,4
koramangala,1,3,0,0,18,4,1
indiranagar,1,3,0,0,15,2,5
whitefield,1,3,0,0,12,2,2
marathahalli,1,3,0,0,14,2,0
hsr_layout,1,3,0,0,13,2,4
jp_nagar,1,3,0,0,11,2,2
electronic_city,1,3,0,0,10,1,3
hebbal,1,3,0,0,9,2,2
koramangala,2,3,0,0,18,3,3
indiranagar,2,3,0,0,15,2,2
whitefield,2,3,0,0,12,2,3
marathahalli,2,3,0,0,14,3,2
hsr_layout,2,3,0,0,13,2,3
jp_nagar,2,3,0,0,11,1,0
electronic_city,2,3,0,0,10,2,2
hebbal,2,3,0,0,9,1,0
koramangala,3,3,0,0,18,3,5
indiranagar,3,3,0,0,15,3,2
whitefield,3,3,0,0,12,2,2
marathahalli,3,3,0,0,14,2,2
hsr_layout,3,3,0,0,13,2,0
jp_nagar,3,3,0,0,11,2,4
electronic_city,3,3,0,0,10,1,4
hebbal,3,3,0,0,9,1,1
koramangala,4,3,0,0,18,4,5
indiranagar,4,3,0,0,15,2,2
whitefield,4,3,0,0,12,2,0
marathahalli,4,3,0,0,14,3,2
hsr_layout,4,3,0,0,13,2,2
jp_nagar,4,3,0,0,11,2,1
electronic_city,4,3,0,0,10,2,2
hebbal,4,3,0,0,9,1,1
koramangala,5,3,0,0,18,2,2
indiranagar,5,3,0,0,15,2,3
whitefield,5,3,0,0,12,2,3
marathahalli,5,3,0,0,14,3,2
hsr_layout,5,3,0,0,13,2,3
jp_nagar,5,3,0,0,11,2,0
electronic_city,5,3,0,0,10,1,1
hebbal,5,3,0,0,9,1,0
koramangala,6,3,0,0,18,13,13
indiranagar,6,3,0,0,15,10,11
whitefield,6,3,0,0,12,9,7
marathahalli,6,3,0,0,14,10,9
hsr_layout,6,3,0,0,13,11,10
jp_nagar,6,3,0,0,11,10,9
electronic_city,6,3,0,0,10,8,7
hebbal,6,3,0,0,9,8,3
koramangala,7,3,0,0,18,24,20
indiranagar,7,3,0,0,15,19,16
whitefield,7,3,0,0,12,13,13
marathahalli,7,3,0,0,14,14,16
hsr_layout,7,3,0,0,13,14,16
jp_nagar,7,3,0,0,11,12,15
electronic_city,7,3,0,0,10,13,12
hebbal,7,3,0,0,9,12,8
koramangala,8,3,0,0,18,18,25
indiranagar,8,3,0,0,15,20,19
whitefield,8,3,0,0,12,14,14
marathahalli,8,3,0,0,14,17,17
hsr_layout,8,3,0,0,13,16,14
jp_nagar,8,3,0,0,11,11,13
electronic_city,8,3,0,0,10,13,14
hebbal,8,3,0,0,9,9,10
koramangala,9,3,0,0,18,21,19
indiranagar,9,3,0,0,15,21,15
whitefield,9,3,0,0,12,17,16
marathahalli,9,3,0,0,14,19,12
hsr_layout,9,3,0,0,13,16,10
jp_nagar,9,3,0,0,11,15,11
electronic_city,9,3,0,0,10,9,9
hebbal,9,3,0,0,9,11,9
koramangala,10,3,0,0,18,14,15
indiranagar,10,3,0,0,15,14,9
whitefield,10,3,0,0,12,8,7
marathahalli,10,3,0,0,14,9,9
hsr_layout,10,3,0,0,13,9,9
jp_nagar,10,3,0,0,11,9,6
electronic_city,10,3,0,0,10,7,9
hebbal,10,3,0,0,9,7,8
koramangala,11,3,0,0,18,32,30
indiranagar,11,3,0,0,15,25,27
whitefield,11,3,0,0,12,22,23
marathahalli,11,3,0,0,14,24,24
hsr_layout,11,3,0,0,13,23,19
jp_nagar,11,3,0,0,11,16,18
electronic_city,11,3,0,0,10,18,15
hebbal,11,3,0,0,9,13,18
koramangala,12,3,0,0,18,24,28
indiranagar,12,3,0,0,15,28,20
whitefield,12,3,0,0,12,19,19
marathahalli,12,3,0,0,14,26,25
hsr_layout,12,3,0,0,13,20,19
jp_nagar,12,3,0,0,11,16,20
electronic_city,12,3,0,0,10,16,17
hebbal,12,3,0,0,9,15,17
koramangala,13,3,0,0,18,29,32
indiranagar,13,3,0,0,15,23,25
whitefield,13,3,0,0,12,15,22
marathahalli,13,3,0,0,14,22,21
hsr_layout,13,3,0,0,13,24,18
jp_nagar,13,3,0,0,11,18,18
electronic_city,13,3,0,0,10,13,14
hebbal,13,3,0,0,9,16,15
koramangala,14,3,0,0,18,15,12
indiranagar,14,3,0,0,15,13,11
whitefield,14,3,0,0,12,11,8
marathahalli,14,3,0,0,14,12,12
hsr_layout,14,3,0,0,13,11,12
jp_nagar,14,3,0,0,11,10,7
electronic_city,14,3,0,0,10,7,8
hebbal,14,3,0,0,9,7,3
koramangala,15,3,0,0,18,14,16
indiranagar,15,3,0,0,15,14,10
whitefield,15,3,0,0,12,9,12
marathahalli,15,3,0,0,14,10,7
hsr_layout,15,3,0,0,13,10,9
jp_nagar,15,3,0,0,11,8,5
electronic_city,15,3,0,0,10,9,5
hebbal,15,3,0,0,9,7,9
koramangala,16,3,0,0,18,15,15
indiranagar,16,3,0,0,15,12,12
whitefield,16,3,0,0,12,8,9
marathahalli,16,3,0,0,14,11,11
hsr_layout,16,3,0,0,13,8,8
jp_nagar,16,3,0,0,11,10,7
electronic_city,16,3,0,0,10,9,6
hebbal,16,3,0,0,9,6,4
koramangala,17,3,0,0,18,12,13
indiranagar,17,3,0,0,15,10,10
whitefield,17,3,0,0,12,10,11
marathahalli,17,3,0,0,14,11,10
hsr_layout,17,3,0,0,13,9,8
jp_nagar,17,3,0,0,11,10,7
electronic_city,17,3,0,0,10,7,8
hebbal,17,3,0,0,9,7,7
koramangala,18,3,0,0,18,15,14
indiranagar,18,3,0,0,15,9,11
whitefield,18,3,0,0,12,8,10
marathahalli,18,3,0,0,14,11,7
hsr_layout,18,3,0,0,13,9,7
jp_nagar,18,3,0,0,11,10,8
electronic_city,18,3,0,0,10,9,7
hebbal,18,3,0,0,9,6,7
koramangala,19,3,0,0,18,29,29
indiranagar,19,3,0,0,15,26,32
whitefield,19,3,0,0,12,26,26
marathahalli,19,3,0,0,14,27,27
hsr_layout,19,3,0,0,13,26,27
jp_nagar,19,3,0,0,11,18,16
electronic_city,19,3,0,0,10,21,17
hebbal,19,3,0,0,9,13,15
koramangala,20,3,0,0,18,40,38
indiranagar,20,3,0,0,15,32,24
whitefield,20,3,0,0,12,20,20
marathahalli,20,3,0,0,14,23,24
hsr_layout,20,3,0,0,13,28,25
jp_nagar,20,3,0,0,11,21,22
electronic_city,20,3,0,0,10,22,21
hebbal,20,3,0,0,9,20,16
koramangala,21,3,0,0,18,32,32
indiranagar,21,3,0,0,15,24,28
whitefield,21,3,0,0,12,21,19
marathahalli,21,3,0,0,14,23,29
hsr_layout,21,3,0,0,13,21,25
jp_nagar,21,3,0,0,11,19,21
electronic_city,21,3,0,0,10,22,21
hebbal,21,3,0,0,9,19,20
koramangala,22,3,0,0,18,16,10
indiranagar,22,3,0,0,15,12,9
whitefield,22,3,0,0,12,8,9
marathahalli,22,3,0,0,14,11,10
hsr_layout,22,3,0,0,13,9,12
jp_nagar,22,3,0,0,11,7,8
electronic_city,22,3,0,0,10,7,5
hebbal,22,3,0,0,9,8,5
koramangala,23,3,0,0,18,14,13
indiranagar,23,3,0,0,15,9,9
whitefield,23,3,0,0,12,9,9
marathahalli,23,3,0,0,14,10,13
hsr_layout,23,3,0,0,13,11,10
jp_nagar,23,3,0,0,11,9,7
electronic_city,23,3,0,0,10,6,8
hebbal,23,3,0,0,9,6,8
koramangala,0,4,0,0,18,3,3
indiranagar,0,4,0,0,15,3,2
whitefield,0,4,0,0,12,1,2
marathahalli,0,4,0,0,14,2,2
hsr_layout,0,4,0,0,13,2,0
jp_nagar,0,4,0,0,11,2,2
electronic_city,0,4,0,0,10,2,3
hebbal,0,4,0,0,9,1,0
koramangala,1,4,0,0,18,4,1
indiranagar,1,4,0,0,15,3,1
whitefield,1,4,0,0,12,2,3
marathahalli,1,4,0,0,14,2,2
hsr_layout,1,4,0,0,13,2,1
jp_nagar,1,4,0,0,11,2,0
electronic_city,1,4,0,0,10,2,2
hebbal,1,4,0,0,9,1,0
koramangala,2,4,0,0,18,4,3
indiranagar,2,4,0,0,15,3,4
whitefield,2,4,0,0,12,2,0
marathahalli,2,4,0,0,14,3,0
hsr_layout,2,4,0,0,13,2,4
jp_nagar,2,4,0,0,11,2,1
electronic_city,2,4,0,0,10,1,3
hebbal,2,4,0,0,9,2,0
koramangala,3,4,0,0,18,3,3
indiranagar,3,4,0,0,15,3,2
whitefield,3,4,0,0,12,2,0
marathahalli,3,4,0,0,14,2,2
hsr_layout,3,4,0,0,13,3,1
jp_nagar,3,4,0,0,11,2,0
electronic_city,3,4,0,0,10,2,1
hebbal,3,4,0,0,9,1,0
koramangala,4,4,0,0,18,3,2
indiranagar,4,4,0,0,15,3,0
whitefield,4,4,0,0,12,2,4
marathahalli,4,4,0,0,14,2,3
hsr_layout,4,4,0,0,13,3,3
jp_nagar,4,4,0,0,11,2,1
electronic_city,4,4,0,0,10,1,0
hebbal,4,4,0,0,9,1,3
koramangala,5,4,0,0,18,3,2
indiranagar,5,4,0,0,15,3,1
whitefield,5,4,0,0,12,2,2
marathahalli,5,4,0,0,14,2,3
hsr_layout,5,4,0,0,13,3,1
jp_nagar,5,4,0,0,11,1,3
electronic_city,5,4,0,0,10,2,2
hebbal,5,4,0,0,9,1,0
koramangala,6,4,0,0,18,12,12
indiranagar,6,4,0,0,15,11,11
whitefield,6,4,0,0,12,9,3
marathahalli,6,4,0,0,14,13,11
hsr_layout,6,4,0,0,13,9,6
jp_nagar,6,4,0,0,11,8,7
electronic_city,6,4,0,0,10,9,6
hebbal,6,4,0,0,9,8,7
koramangala,7,4,0,0,18,20,18
indiranagar,7,4,0,0,15,19,15
whitefield,7,4,0,0,12,12,16
marathahalli,7,4,0,0,14,13,17
hsr_layout,7,4,0,0,13,13,14
jp_nagar,7,4,0,0,11,12,16
electronic_city,7,4,0,0,10,9,10
hebbal,7,4,0,0,9,10,10
koramangala,8,4,0,0,18,18,23
indiranagar,8,4,0,0,15,14,17
whitefield,8,4,0,0,12,13,15
marathahalli,8,4,0,0,14,17,15
hsr_layout,8,4,0,0,13,18,13
jp_nagar,8,4,0,0,11,11,9
electronic_city,8,4,0,0,10,10,9
hebbal,8,4,0,0,9,11,8
koramangala,9,4,0,0,18,23,19
indiranagar,9,4,0,0,15,16,16
whitefield,9,4,0,0,12,14,11
marathahalli,9,4,0,0,14,17,20
hsr_layout,9,4,0,0,13,18,17
jp_nagar,9,4,0,0,11,12,12
electronic_city,9,4,0,0,10,11,11
hebbal,9,4,0,0,9,11,13
koramangala,10,4,0,0,18,13,16
indiranagar,10,4,0,0,15,11,12
whitefield,10,4,0,0,12,8,6
marathahalli,10,4,0,0,14,10,10
hsr_layout,10,4,0,0,13,10,10
jp_nagar,10,4,0,0,11,10,9
electronic_city,10,4,0,0,10,9,7
hebbal,10,4,0,0,9,5,6
koramangala,11,4,0,0,18,24,27
indiranagar,11,4,0,0,15,26,20
whitefield,11,4,0,0,12,17,17
marathahalli,11,4,0,0,14,25,22
hsr_layout,11,4,0,0,13,24,19
jp_nagar,11,4,0,0,11,17,18
electronic_city,11,4,0,0,10,15,13
hebbal,11,4,0,0,9,13,13
koramangala,12,4,0,0,18,27,29
indiranagar,12,4,0,0,15,21,19
whitefield,12,4,0,0,12,16,18
marathahalli,12,4,0,0,14,25,24
hsr_layout,12,4,0,0,13,21,22
jp_nagar,12,4,0,0,11,17,18
electronic_city,12,4,0,0,10,15,16
hebbal,12,4,0,0,9,12,12
koramangala,13,4,0,0,18,24,27
indiranagar,13,4,0,0,15,22,27
whitefield,13,4,0,0,12,21,18
marathahalli,13,4,0,0,14,18,19
hsr_layout,13,4,0,0,13,21,21
jp_nagar,13,4,0,0,11,16,17
electronic_city,13,4,0,0,10,13,14
hebbal,13,4,0,0,9,15,9
koramangala,14,4,0,0,18,15,15
indiranagar,14,4,0,0,15,13,9
whitefield,14,4,0,0,12,8,7
marathahalli,14,4,0,0,14,12,9
hsr_layout,14,4,0,0,13,10,12
jp_nagar,14,4,0,0,11,10,8
electronic_city,14,4,0,0,10,9,6
hebbal,14,4,0,0,9,8,7
koramangala,15,4,0,0,18,15,15
indiranagar,15,4,0,0,15,12,13
whitefield,15,4,0,0,12,8,8
marathahalli,15,4,0,0,14,12,10
hsr_layout,15,4,0,0,13,11,10
jp_nagar,15,4,0,0,11,10,8
electronic_city,15,4,0,0,10,6,6
hebbal,15,4,0,0,9,8,7
koramangala,16,4,0,0,18,16,13
indiranagar,16,4,0,0,15,13,9
whitefield,16,4,0,0,12,10,7
marathahalli,16,4,0,0,14,9,11
hsr_layout,16,4,0,0,13,12,10
jp_nagar,16,4,0,0,11,8,7
electronic_city,16,4,0,0,10,8,5
hebbal,16,4,0,0,9,7,7
koramangala,17,4,0,0,18,17,15
indiranagar,17,4,0,0,15,13,13
whitefield,17,4,0,0,12,10,9
marathahalli,17,4,0,0,14,10,13
hsr_layout,17,4,0,0,13,8,9
jp_nagar,17,4,0,0,11,8,6
electronic_city,17,4,0,0,10,6,6
hebbal,17,4,0,0,9,8,9
koramangala,18,4,0,0,18,14,15
indiranagar,18,4,0,0,15,13,12
whitefield,18,4,0,0,12,11,8
marathahalli,18,4,0,0,14,12,14
hsr_layout,18,4,0,0,13,12,9
jp_nagar,18,4,0,0,11,7,8
electronic_city,18,4,0,0,10,7,5
hebbal,18,4,0,0,9,8,8
koramangala,19,4,0,0,18,36,36
indiranagar,19,4,0,0,15,26,28
whitefield,19,4,0,0,12,26,18
marathahalli,19,4,0,0,14,27,27
hsr_layout,19,4,0,0,13,19,26
jp_nagar,19,4,0,0,11,20,15
electronic_city,19,4,0,0,10,21,18
hebbal,19,4,0,0,9,15,18
koramangala,20,4,0,0,18,39,31
indiranagar,20,4,0,0,15,33,25
whitefield,20,4,0,0,12,20,19
marathahalli,20,4,0,0,14,26,27
hsr_layout,20,4,0,0,13,20,25
jp_nagar,20,4,0,0,11,23,20
electronic_city,20,4,0,0,10,15,18
hebbal,20,4,0,0,9,14,20
koramangala,21,4,0,0,18,35,34
indiranagar,21,4,0,0,15,23,27
whitefield,21,4,0,0,12,26,22
marathahalli,21,4,0,0,14,21,28
hsr_layout,21,4,0,0,13,26,26
jp_nagar,21,4,0,0,11,23,22
electronic_city,21,4,0,0,10,21,19
hebbal,21,4,0,0,9,16,18
koramangala,22,4,0,0,18,15,15
indiranagar,22,4,0,0,15,11,10
whitefield,22,4,0,0,12,11,9
marathahalli,22,4,0,0,14,9,12
hsr_layout,22,4,0,0,13,9,9
jp_nagar,22,4,0,0,11,7,6
electronic_city,22,4,0,0,10,8,6
hebbal,22,4,0,0,9,5,6
koramangala,23,4,0,0,18,12,17
indiranagar,23,4,0,0,15,13,13
whitefield,23,4,0,0,12,7,9
marathahalli,23,4,0,0,14,12,9
hsr_layout,23,4,0,0,13,10,8
jp_nagar,23,4,0,0,11,9,8
electronic_city,23,4,0,0,10,7,7
hebbal,23,4,0,0,9,8,6
koramangala,0,5,1,1,18,7,6
indiranagar,0,5,1,1,15,5,3
whitefield,0,5,1,1,12,3,4
marathahalli,0,5,1,1,14,4,4
hsr_layout,0,5,1,1,13,4,2
jp_nagar,0,5,1,1,11,3,2
electronic_city,0,5,1,1,10,3,2
hebbal,0,5,1,1,9,2,2
koramangala,1,5,1,1,18,6,5
indiranagar,1,5,1,1,15,4,5
whitefield,1,5,1,1,12,5,2
marathahalli,1,5,1,1,14,4,5
hsr_layout,1,5,1,1,13,4,2
jp_nagar,1,5,1,1,11,3,2
electronic_city,1,5,1,1,10,4,7
hebbal,1,5,1,1,9,3,0
koramangala,2,5,1,1,18,5,3
indiranagar,2,5,1,1,15,6,5
whitefield,2,5,1,1,12,4,0
marathahalli,2,5,1,1,14,5,4
hsr_layout,2,5,1,1,13,4,7
jp_nagar,2,5,1,1,11,4,1
electronic_city,2,5,1,1,10,3,0
hebbal,2,5,1,1,9,3,0
koramangala,3,5,1,1,18,7,6
indiranagar,3,5,1,1,15,4,6
whitefield,3,5,1,1,12,4,3
marathahalli,3,5,1,1,14,5,5
hsr_layout,3,5,1,1,13,5,7
jp_nagar,3,5,1,1,11,3,6
electronic_city,3,5,1,1,10,3,2
hebbal,3,5,1,1,9,3,0
koramangala,4,5,1,1,18,7,4
indiranagar,4,5,1,1,15,4,4
whitefield,4,5,1,1,12,4,3
marathahalli,4,5,1,1,14,5,4
hsr_layout,4,5,1,1,13,4,6
jp_nagar,4,5,1,1,11,3,5
electronic_city,4,5,1,1,10,3,2
hebbal,4,5,1,1,9,2,4
koramangala,5,5,1,1,18,6,6
indiranagar,5,5,1,1,15,6,6
whitefield,5,5,1,1,12,5,5
marathahalli,5,5,1,1,14,5,5
hsr_layout,5,5,1,1,13,4,8
jp_nagar,5,5,1,1,11,3,0
electronic_city,5,5,1,1,10,3,2
hebbal,5,5,1,1,9,3,2
koramangala,6,5,1,1,18,25,22
indiranagar,6,5,1,1,15,24,23
whitefield,6,5,1,1,12,15,16
marathahalli,6,5,1,1,14,17,14
hsr_layout,6,5,1,1,13,18,17
jp_nagar,6,5,1,1,11,14,14
electronic_city,6,5,1,1,10,13,10
hebbal,6,5,1,1,9,15,12
koramangala,7,5,1,1,18,35,36
indiranagar,7,5,1,1,15,35,31
whitefield,7,5,1,1,12,30,21
marathahalli,7,5,1,1,14,36,27
hsr_layout,7,5,1,1,13,33,24
jp_nagar,7,5,1,1,11,22,21
electronic_city,7,5,1,1,10,19,21
hebbal,7,5,1,1,9,23,18
koramangala,8,5,1,1,18,37,33
indiranagar,8,5,1,1,15,30,27
whitefield,8,5,1,1,12,27,26
marathahalli,8,5,1,1,14,29,27
hsr_layout,8,5,1,1,13,24,26
jp_nagar,8,5,1,1,11,26,28
electronic_city,8,5,1,1,10,25,19
hebbal,8,5,1,1,9,23,17
koramangala,9,5,1,1,18,38,37
indiranagar,9,5,1,1,15,28,31
whitefield,9,5,1,1,12,23,29
marathahalli,9,5,1,1,14,28,33
hsr_layout,9,5,1,1,13,33,27
jp_nagar,9,5,1,1,11,24,24
electronic_city,9,5,1,1,10,20,19
hebbal,9,5,1,1,9,16,16
koramangala,10,5,1,1,18,27,27
indiranagar,10,5,1,1,15,19,24
whitefield,10,5,1,1,12,15,19
marathahalli,10,5,1,1,14,20,19
hsr_layout,10,5,1,1,13,15,16
jp_nagar,10,5,1,1,11,13,15
electronic_city,10,5,1,1,10,15,13
hebbal,10,5,1,1,9,13,13
koramangala,11,5,1,1,18,60,58
indiranagar,11,5,1,1,15,39,43
whitefield,11,5,1,1,12,38,35
marathahalli,11,5,1,1,14,37,38
hsr_layout,11,5,1,1,13,43,34
jp_nagar,11,5,1,1,11,28,32
electronic_city,11,5,1,1,10,27,30
hebbal,11,5,1,1,9,26,19
koramangala,12,5,1,1,18,47,46
indiranagar,12,5,1,1,15,52,42
whitefield,12,5,1,1,12,35,38
marathahalli,12,5,1,1,14,43,45
hsr_layout,12,5,1,1,13,39,30
jp_nagar,12,5,1,1,11,35,33
electronic_city,12,5,1,1,10,25,31
hebbal,12,5,1,1,9,23,28
koramangala,13,5,1,1,18,50,54
indiranagar,13,5,1,1,15,35,39
whitefield,13,5,1,1,12,29,26
marathahalli,13,5,1,1,14,43,44
hsr_layout,13,5,1,1,13,31,38
jp_nagar,13,5,1,1,11,37,26
electronic_city,13,5,1,1,10,30,27
hebbal,13,5,1,1,9,27,27
koramangala,14,5,1,1,18,22,20
indiranagar,14,5,1,1,15,19,23
whitefield,14,5,1,1,12,17,14
marathahalli,14,5,1,1,14,17,24
hsr_layout,14,5,1,1,13,16,19
jp_nagar,14,5,1,1,11,16,14
electronic_city,14,5,1,1,10,13,12
hebbal,14,5,1,1,9,13,11
koramangala,15,5,1,1,18,27,23
indiranagar,15,5,1,1,15,20,25
whitefield,15,5,1,1,12,14,14
marathahalli,15,5,1,1,14,20,20
hsr_layout,15,5,1,1,13,21,15
jp_nagar,15,5,1,1,11,17,12
electronic_city,15,5,1,1,10,12,11
hebbal,15,5,1,1,9,11,13
koramangala,16,5,1,1,18,30,22
indiranagar,16,5,1,1,15,24,25
whitefield,16,5,1,1,12,16,15
marathahalli,16,5,1,1,14,22,19
hsr_layout,16,5,1,1,13,19,19
jp_nagar,16,5,1,1,11,16,14
electronic_city,16,5,1,1,10,12,15
hebbal,16,5,1,1,9,14,11
koramangala,17,5,1,1,18,22,29
indiranagar,17,5,1,1,15,19,16
whitefield,17,5,1,1,12,18,14
marathahalli,17,5,1,1,14,16,22
hsr_layout,17,5,1,1,13,16,17
jp_nagar,17,5,1,1,11,14,12
electronic_city,17,5,1,1,10,12,15
hebbal,17,5,1,1,9,13,12
koramangala,18,5,1,1,18,28,28
indiranagar,18,5,1,1,15,17,19
whitefield,18,5,1,1,12,17,16
marathahalli,18,5,1,1,14,21,19
hsr_layout,18,5,1,1,13,15,20
jp_nagar,18,5,1,1,11,14,19
electronic_city,18,5,1,1,10,11,14
hebbal,18,5,1,1,9,13,9
koramangala,19,5,1,1,18,72,55
indiranagar,19,5,1,1,15,45,53
whitefield,19,5,1,1,12,48,44
marathahalli,19,5,1,1,14,44,47
hsr_layout,19,5,1,1,13,45,41
jp_nagar,19,5,1,1,11,33,39
electronic_city,19,5,1,1,10,32,30
hebbal,19,5,1,1,9,28,27
koramangala,20,5,1,1,18,56,54
indiranagar,20,5,1,1,15,54,55
whitefield,20,5,1,1,12,41,39
marathahalli,20,5,1,1,14,42,40
hsr_layout,20,5,1,1,13,50,49
jp_nagar,20,5,1,1,11,43,32
electronic_city,20,5,1,1,10,35,37
hebbal,20,5,1,1,9,35,29
koramangala,21,5,1,1,18,71,69
indiranagar,21,5,1,1,15,48,43
whitefield,21,5,1,1,12,43,43
marathahalli,21,5,1,1,14,55,44
hsr_layout,21,5,1,1,13,45,40
jp_nagar,21,5,1,1,11,33,36
electronic_city,21,5,1,1,10,32,36
hebbal,21,5,1,1,9,33,34
koramangala,22,5,1,1,18,25,23
indiranagar,22,5,1,1,15,24,23
whitefield,22,5,1,1,12,17,17
marathahalli,22,5,1,1,14,22,19
hsr_layout,22,5,1,1,13,22,18
jp_nagar,22,5,1,1,11,13,13
electronic_city,22,5,1,1,10,11,7
hebbal,22,5,1,1,9,10,12
koramangala,23,5,1,1,18,20,24
indiranagar,23,5,1,1,15,23,23
whitefield,23,5,1,1,12,14,15
marathahalli,23,5,1,1,14,21,24
hsr_layout,23,5,1,1,13,20,19
jp_nagar,23,5,1,1,11,14,16
electronic_city,23,5,1,1,10,13,11
hebbal,23,5,1,1,9,11,10
koramangala,0,6,1,0,18,5,5
indiranagar,0,6,1,0,15,4,1
whitefield,0,6,1,0,12,3,3
marathahalli,0,6,1,0,14,4,4
hsr_layout,0,6,1,0,13,3,5
jp_nagar,0,6,1,0,11,2,4
electronic_city,0,6,1,0,10,2,0
hebbal,0,6,1,0,9,2,3
koramangala,1,6,1,0,18,3,2
indiranagar,1,6,1,0,15,3,5
whitefield,1,6,1,0,12,2,2
marathahalli,1,6,1,0,14,3,1
hsr_layout,1,6,1,0,13,3,3
jp_nagar,1,6,1,0,11,2,0
electronic_city,1,6,1,0,10,3,0
hebbal,1,6,1,0,9,2,1
koramangala,2,6,1,0,18,5,4
indiranagar,2,6,1,0,15,3,2
whitefield,2,6,1,0,12,3,0
marathahalli,2,6,1,0,14,3,1
hsr_layout,2,6,1,0,13,3,3
jp_nagar,2,6,1,0,11,2,2
electronic_city,2,6,1,0,10,2,1
hebbal,2,6,1,0,9,2,3
koramangala,3,6,1,0,18,5,5
indiranagar,3,6,1,0,15,3,1
whitefield,3,6,1,0,12,2,2
marathahalli,3,6,1,0,14,3,0
hsr_layout,3,6,1,0,13,3,2
jp_nagar,3,6,1,0,11,2,3
electronic_city,3,6,1,0,10,2,3
hebbal,3,6,1,0,9,2,4
koramangala,4,6,1,0,18,5,4
indiranagar,4,6,1,0,15,3,6
whitefield,4,6,1,0,12,3,2
marathahalli,4,6,1,0,14,3,6
hsr_layout,4,6,1,0,13,2,2
jp_nagar,4,6,1,0,11,2,4
electronic_city,4,6,1,0,10,2,4
hebbal,4,6,1,0,9,2,1
koramangala,5,6,1,0,18,5,4
indiranagar,5,6,1,0,15,4,5
whitefield,5,6,1,0,12,2,1
marathahalli,5,6,1,0,14,3,1
hsr_layout,5,6,1,0,13,3,6
jp_nagar,5,6,1,0,11,3,2
electronic_city,5,6,1,0,10,2,2
hebbal,5,6,1,0,9,2,3
koramangala,6,6,1,0,18,22,17
indiranagar,6,6,1,0,15,15,13
whitefield,6,6,1,0,12,11,12
marathahalli,6,6,1,0,14,17,12
hsr_layout,6,6,1,0,13,14,13
jp_nagar,6,6,1,0,11,11,10
electronic_city,6,6,1,0,10,11,9
hebbal,6,6,1,0,9,10,6
koramangala,7,6,1,0,18,31,27
indiranagar,7,6,1,0,15,22,22
whitefield,7,6,1,0,12,20,18
marathahalli,7,6,1,0,14,23,20
hsr_layout,7,6,1,0,13,22,20
jp_nagar,7,6,1,0,11,15,14
electronic_city,7,6,1,0,10,17,14
hebbal,7,6,1,0,9,11,10
koramangala,8,6,1,0,18,23,33
indiranagar,8,6,1,0,15,20,21
whitefield,8,6,1,0,12,21,15
marathahalli,8,6,1,0,14,18,24
hsr_layout,8,6,1,0,13,16,16
jp_nagar,8,6,1,0,11,14,14
electronic_city,8,6,1,0,10,17,10
hebbal,8,6,1,0,9,12,17
koramangala,9,6,1,0,18,27,24
indiranagar,9,6,1,0,15,22,24
whitefield,9,6,1,0,12,17,19
marathahalli,9,6,1,0,14,19,21
hsr_layout,9,6,1,0,13,21,19
jp_nagar,9,6,1,0,11,17,11
electronic_city,9,6,1,0,10,15,11
hebbal,9,6,1,0,9,13,12
koramangala,10,6,1,0,18,20,18
indiranagar,10,6,1,0,15,14,15
whitefield,10,6,1,0,12,10,14
marathahalli,10,6,1,0,14,15,14
hsr_layout,10,6,1,0,13,16,11
jp_nagar,10,6,1,0,11,9,12
electronic_city,10,6,1,0,10,10,12
hebbal,10,6,1,0,9,9,8
koramangala,11,6,1,0,18,31,40
indiranagar,11,6,1,0,15,33,38
whitefield,11,6,1,0,12,24,23
marathahalli,11,6,1,0,14,26,32
hsr_layout,11,6,1,0,13,22,21
jp_nagar,11,6,1,0,11,25,25
electronic_city,11,6,1,0,10,18,20
hebbal,11,6,1,0,9,15,15
koramangala,12,6,1,0,18,42,39
indiranagar,12,6,1,0,15,36,26
whitefield,12,6,1,0,12,24,24
marathahalli,12,6,1,0,14,31,30
hsr_layout,12,6,1,0,13,31,27
jp_nagar,12,6,1,0,11,18,23
electronic_city,12,6,1,0,10,22,17
hebbal,12,6,1,0,9,21,17
koramangala,13,6,1,0,18,32,34
indiranagar,13,6,1,0,15,29,25
whitefield,13,6,1,0,12,21,25
marathahalli,13,6,1,0,14,25,27
hsr_layout,13,6,1,0,13,21,29
jp_nagar,13,6,1,0,11,25,23
electronic_city,13,6,1,0,10,23,16
hebbal,13,6,1,0,9,16,16
koramangala,14,6,1,0,18,20,18
indiranagar,14,6,1,0,15,13,17
whitefield,14,6,1,0,12,13,12
marathahalli,14,6,1,0,14,12,10
hsr_layout,14,6,1,0,13,14,13
jp_nagar,14,6,1,0,11,11,13
electronic_city,14,6,1,0,10,9,11
hebbal,14,6,1,0,9,7,7
koramangala,15,6,1,0,18,20,20
indiranagar,15,6,1,0,15,13,15
whitefield,15,6,1,0,12,11,12
marathahalli,15,6,1,0,14,14,11
hsr_layout,15,6,1,0,13,12,13
jp_nagar,15,6,1,0,11,10,11
electronic_city,15,6,1,0,10,12,10
hebbal,15,6,1,0,9,10,10
koramangala,16,6,1,0,18,16,17
indiranagar,16,6,1,0,15,16,17
whitefield,16,6,1,0,12,14,11
marathahalli,16,6,1,0,14,13,12
hsr_layout,16,6,1,0,13,15,13
jp_nagar,16,6,1,0,11,11,10
electronic_city,16,6,1,0,10,9,10
hebbal,16,6,1,0,9,7,4
koramangala,17,6,1,0,18,15,14
indiranagar,17,6,1,0,15,17,11
whitefield,17,6,1,0,12,13,10
marathahalli,17,6,1,0,14,11,15
hsr_layout,17,6,1,0,13,11,15
jp_nagar,17,6,1,0,11,13,13
electronic_city,17,6,1,0,10,9,10
hebbal,17,6,1,0,9,9,7
koramangala,18,6,1,0,18,17,19
indiranagar,18,6,1,0,15,15,17
whitefield,18,6,1,0,12,10,12
marathahalli,18,6,1,0,14,14,17
hsr_layout,18,6,1,0,13,11,13
jp_nagar,18,6,1,0,11,13,9
electronic_city,18,6,1,0,10,9,10
hebbal,18,6,1,0,9,10,7
koramangala,19,6,1,0,18,39,40
indiranagar,19,6,1,0,15,30,36
whitefield,19,6,1,0,12,34,33
marathahalli,19,6,1,0,14,28,35
hsr_layout,19,6,1,0,13,37,31
jp_nagar,19,6,1,0,11,28,30
electronic_city,19,6,1,0,10,27,20
hebbal,19,6,1,0,9,23,22
koramangala,20,6,1,0,18,51,43
indiranagar,20,6,1,0,15,40,31
whitefield,20,6,1,0,12,30,27
marathahalli,20,6,1,0,14,38,31
hsr_layout,20,6,1,0,13,26,26
jp_nagar,20,6,1,0,11,22,30
electronic_city,20,6,1,0,10,21,25
hebbal,20,6,1,0,9,21,19
koramangala,21,6,1,0,18,43,49
indiranagar,21,6,1,0,15,43,35
whitefield,21,6,1,0,12,30,26
marathahalli,21,6,1,0,14,31,37
hsr_layout,21,6,1,0,13,32,32
jp_nagar,21,6,1,0,11,31,27
electronic_city,21,6,1,0,10,26,23
hebbal,21,6,1,0,9,23,20
koramangala,22,6,1,0,18,19,17
indiranagar,22,6,1,0,15,13,13
whitefield,22,6,1,0,12,11,11
marathahalli,22,6,1,0,14,15,13
hsr_layout,22,6,1,0,13,12,14
jp_nagar,22,6,1,0,11,10,10
electronic_city,22,6,1,0,10,9,12
hebbal,22,6,1,0,9,10,11
koramangala,23,6,1,0,18,17,19
indiranagar,23,6,1,0,15,17,15
whitefield,23,6,1,0,12,12,8
marathahalli,23,6,1,0,14,14,15
hsr_layout,23,6,1,0,13,14,16
jp_nagar,23,6,1,0,11,9,11
electronic_city,23,6,1,0,10,9,12
hebbal,23,6,1,0,9,8,10
koramangala,0,0,0,0,18,4,3
indiranagar,0,0,0,0,15,2,4
whitefield,0,0,0,0,12,2,2
marathahalli,0,0,0,0,14,2,0
hsr_layout,0,0,0,0,13,2,1
jp_nagar,0,0,0,0,11,2,3
electronic_city,0,0,0,0,10,1,0
hebbal,0,0,0,0,9,1,0
koramangala,1,0,0,0,18,3,1
indiranagar,1,0,0,0,15,3,4
whitefield,1,0,0,0,12,2,4
marathahalli,1,0,0,0,14,3,0
hsr_layout,1,0,0,0,13,2,2
jp_nagar,1,0,0,0,11,2,0
electronic_city,1,0,0,0,10,2,2
hebbal,1,0,0,0,9,1,1
koramangala,2,0,0,0,18,3,4
indiranagar,2,0,0,0,15,2,3
whitefield,2,0,0,0,12,2,6
marathahalli,2,0,0,0,14,2,0
hsr_layout,2,0,0,0,13,2,0
jp_nagar,2,0,0,0,11,2,0
electronic_city,2,0,0,0,10,2,0
hebbal,2,0,0,0,9,1,0
koramangala,3,0,0,0,18,4,2
indiranagar,3,0,0,0,15,3,0
whitefield,3,0,0,0,12,2,0
marathahalli,3,0,0,0,14,2,2
hsr_layout,3,0,0,0,13,2,1
jp_nagar,3,0,0,0,11,2,1
electronic_city,3,0,0,0,10,2,3
hebbal,3,0,0,0,9,1,0
koramangala,4,0,0,0,18,4,2
indiranagar,4,0,0,0,15,3,2
whitefield,4,0,0,0,12,2,0
marathahalli,4,0,0,0,14,3,0
hsr_layout,4,0,0,0,13,2,2
jp_nagar,4,0,0,0,11,1,2
electronic_city,4,0,0,0,10,2,4
hebbal,4,0,0,0,9,1,1
koramangala,5,0,0,0,18,4,4
indiranagar,5,0,0,0,15,2,1
whitefield,5,0,0,0,12,2,2
marathahalli,5,0,0,0,14,2,4
hsr_layout,5,0,0,0,13,2,0
jp_nagar,5,0,0,0,11,2,2
electronic_city,5,0,0,0,10,1,4
hebbal,5,0,0,0,9,1,1
koramangala,6,0,0,0,18,14,17
indiranagar,6,0,0,0,15,11,11
whitefield,6,0,0,0,12,9,8
marathahalli,6,0,0,0,14,10,12
hsr_layout,6,0,0,0,13,10,7
jp_nagar,6,0,0,0,11,8,6
electronic_city,6,0,0,0,10,7,6
hebbal,6,0,0,0,9,8,8
koramangala,7,0,0,0,18,20,23
indiranagar,7,0,0,0,15,18,19
whitefield,7,0,0,0,12,13,16
marathahalli,7,0,0,0,14,14,14
hsr_layout,7,0,0,0,13,15,15
jp_nagar,7,0,0,0,11,12,12
electronic_city,7,0,0,0,10,12,11
hebbal,7,0,0,0,9,8,11
koramangala,8,0,0,0,18,19,23
indiranagar,8,0,0,0,15,17,18
whitefield,8,0,0,0,12,13,14
marathahalli,8,0,0,0,14,16,14
hsr_layout,8,0,0,0,13,16,15
jp_nagar,8,0,0,0,11,11,13
electronic_city,8,0,0,0,10,10,10
hebbal,8,0,0,0,9,12,9
koramangala,9,0,0,0,18,18,24
indiranagar,9,0,0,0,15,19,17
whitefield,9,0,0,0,12,16,14
marathahalli,9,0,0,0,14,20,18
hsr_layout,9,0,0,0,13,17,15
jp_nagar,9,0,0,0,11,15,13
electronic_city,9,0,0,0,10,12,9
hebbal,9,0,0,0,9,8,13
koramangala,10,0,0,0,18,14,11
indiranagar,10,0,0,0,15,13,9
whitefield,10,0,0,0,12,11,4
marathahalli,10,0,0,0,14,10,13
hsr_layout,10,0,0,0,13,9,7
jp_nagar,10,0,0,0,11,7,8
electronic_city,10,0,0,0,10,8,7
hebbal,10,0,0,0,9,8,7
koramangala,11,0,0,0,18,29,31
indiranagar,11,0,0,0,15,27,20
whitefield,11,0,0,0,12,21,17
marathahalli,11,0,0,0,14,24,16
hsr_layout,11,0,0,0,13,17,20
jp_nagar,11,0,0,0,11,15,11
electronic_city,11,0,0,0,10,15,14
hebbal,11,0,0,0,9,15,12
koramangala,12,0,0,0,18,33,23
indiranagar,12,0,0,0,15,19,23
whitefield,12,0,0,0,12,21,18
marathahalli,12,0,0,0,14,18,21
hsr_layout,12,0,0,0,13,17,20
jp_nagar,12,0,0,0,11,14,17
electronic_city,12,0,0,0,10,13,15
hebbal,12,0,0,0,9,16,14
koramangala,13,0,0,0,18,26,27
indiranagar,13,0,0,0,15,20,20
whitefield,13,0,0,0,12,17,17
marathahalli,13,0,0,0,14,24,18
hsr_layout,13,0,0,0,13,19,16
jp_nagar,13,0,0,0,11,17,18
electronic_city,13,0,0,0,10,17,15
hebbal,13,0,0,0,9,14,11
koramangala,14,0,0,0,18,14,14
indiranagar,14,0,0,0,15,14,11
whitefield,14,0,0,0,12,10,10
marathahalli,14,0,0,0,14,12,10
hsr_layout,14,0,0,0,13,10,11
jp_nagar,14,0,0,0,11,8,5
electronic_city,14,0,0,0,10,8,6
hebbal,14,0,0,0,9,7,5
koramangala,15,0,0,0,18,13,13
indiranagar,15,0,0,0,15,11,10
whitefield,15,0,0,0,12,9,11
marathahalli,15,0,0,0,14,9,7
hsr_layout,15,0,0,0,13,10,13
jp_nagar,15,0,0,0,11,7,9
electronic_city,15,0,0,0,10,8,8
hebbal,15,0,0,0,9,7,6
koramangala,16,0,0,0,18,12,15
indiranagar,16,0,0,0,15,10,9
whitefield,16,0,0,0,12,9,7
marathahalli,16,0,0,0,14,11,10
hsr_layout,16,0,0,0,13,10,10
jp_nagar,16,0,0,0,11,7,6
electronic_city,16,0,0,0,10,9,9
hebbal,16,0,0,0,9,6,8
koramangala,17,0,0,0,18,14,13
indiranagar,17,0,0,0,15,12,10
whitefield,17,0,0,0,12,9,8
marathahalli,17,0,0,0,14,11,12
hsr_layout,17,0,0,0,13,12,9
jp_nagar,17,0,0,0,11,8,10
electronic_city,17,0,0,0,10,7,11
hebbal,17,0,0,0,9,6,8
koramangala,18,0,0,0,18,12,14
indiranagar,18,0,0,0,15,10,11
whitefield,18,0,0,0,12,8,10
marathahalli,18,0,0,0,14,9,8
hsr_layout,18,0,0,0,13,11,9
jp_nagar,18,0,0,0,11,9,6
electronic_city,18,0,0,0,10,6,8
hebbal,18,0,0,0,9,6,7
koramangala,19,0,0,0,18,34,33
indiranagar,19,0,0,0,15,23,29
whitefield,19,0,0,0,12,24,20
marathahalli,19,0,0,0,14,21,28
hsr_layout,19,0,0,0,13,28,23
jp_nagar,19,0,0,0,11,22,18
electronic_city,19,0,0,0,10,20,16
hebbal,19,0,0,0,9,14,16
koramangala,20,0,0,0,18,28,33
indiranagar,20,0,0,0,15,27,23
whitefield,20,0,0,0,12,21,23
marathahalli,20,0,0,0,14,23,26
hsr_layout,20,0,0,0,13,23,27
jp_nagar,20,0,0,0,11,17,19
electronic_city,20,0,0,0,10,17,18
hebbal,20,0,0,0,9,13,16
koramangala,21,0,0,0,18,39,30
indiranagar,21,0,0,0,15,28,23
whitefield,21,0,0,0,12,22,27
marathahalli,21,0,0,0,14,31,31
hsr_layout,21,0,0,0,13,20,22
jp_nagar,21,0,0,0,11,24,21
electronic_city,21,0,0,0,10,22,18
hebbal,21,0,0,0,9,20,14
koramangala,22,0,0,0,18,14,14
indiranagar,22,0,0,0,15,13,9
whitefield,22,0,0,0,12,10,8
marathahalli,22,0,0,0,14,11,9
hsr_layout,22,0,0,0,13,10,11
jp_nagar,22,0,0,0,11,9,9
electronic_city,22,0,0,0,10,7,8
hebbal,22,0,0,0,9,7,5
koramangala,23,0,0,0,18,16,12
indiranagar,23,0,0,0,15,14,13
whitefield,23,0,0,0,12,7,7
marathahalli,23,0,0,0,14,12,9
hsr_layout,23,0,0,0,13,11,8
jp_nagar,23,0,0,0,11,10,6
electronic_city,23,0,0,0,10,9,3
hebbal,23,0,0,0,9,6,8
koramangala,0,1,0,0,18,3,1
indiranagar,0,1,0,0,15,2,3
whitefield,0,1,0,0,12,1,3
marathahalli,0,1,0,0,14,2,1
hsr_layout,0,1,0,0,13,2,0
jp_nagar,0,1,0,0,11,2,5
electronic_city,0,1,0,0,10,2,3
hebbal,0,1,0,0,9,1,0
koramangala,1,1,0,0,18,4,3
indiranagar,1,1,0,0,15,2,2
whitefield,1,1,0,0,12,2,2
marathahalli,1,1,0,0,14,2,0
hsr_layout,1,1,0,0,13,2,0
jp_nagar,1,1,0,0,11,2,0
electronic_city,1,1,0,0,10,1,1
hebbal,1,1,0,0,9,1,0
koramangala,2,1,0,0,18,2,2
indiranagar,2,1,0,0,15,2,1
whitefield,2,1,0,0,12,2,0
marathahalli,2,1,0,0,14,3,4
hsr_layout,2,1,0,0,13,2,2
jp_nagar,2,1,0,0,11,1,0
electronic_city,2,1,0,0,10,1,3
hebbal,2,1,0,0,9,1,1
koramangala,3,1,0,0,18,4,5
indiranagar,3,1,0,0,15,3,1
whitefield,3,1,0,0,12,2,1
marathahalli,3,1,0,0,14,2,0
hsr_layout,3,1,0,0,13,3,1
jp_nagar,3,1,0,0,11,2,2
electronic_city,3,1,0,0,10,1,2
hebbal,3,1,0,0,9,2,2
koramangala,4,1,0,0,18,3,0
indiranagar,4,1,0,0,15,3,4
whitefield,4,1,0,0,12,2,0
marathahalli,4,1,0,0,14,2,3
hsr_layout,4,1,0,0,13,2,1
jp_nagar,4,1,0,0,11,1,3
electronic_city,4,1,0,0,10,2,0
hebbal,4,1,0,0,9,2,2
koramangala,5,1,0,0,18,3,0
indiranagar,5,1,0,0,15,2,1
whitefield,5,1,0,0,12,2,0
marathahalli,5,1,0,0,14,2,0
hsr_layout,5,1,0,0,13,2,2
jp_nagar,5,1,0,0,11,2,4
electronic_city,5,1,0,0,10,1,5
hebbal,5,1,0,0,9,1,1
koramangala,6,1,0,0,18,14,13
indiranagar,6,1,0,0,15,10,11
whitefield,6,1,0,0,12,8,8
marathahalli,6,1,0,0,14,12,10
hsr_layout,6,1,0,0,13,10,11
jp_nagar,6,1,0,0,11,8,7
electronic_city,6,1,0,0,10,8,8
hebbal,6,1,0,0,9,7,6
koramangala,7,1,0,0,18,25,18
indiranagar,7,1,0,0,15,17,16
whitefield,7,1,0,0,12,12,11
marathahalli,7,1,0,0,14,13,13
hsr_layout,7,1,0,0,13,17,16
jp_nagar,7,1,0,0,11,11,14
electronic_city,7,1,0,0,10,12,13
hebbal,7,1,0,0,9,11,10
koramangala,8,1,0,0,18,18,20
indiranagar,8,1,0,0,15,21,18
whitefield,8,1,0,0,12,13,18
marathahalli,8,1,0,0,14,17,14
hsr_layout,8,1,0,0,13,12,14
jp_nagar,8,1,0,0,11,15,13
electronic_city,8,1,0,0,10,11,12
hebbal,8,1,0,0,9,9,10
koramangala,9,1,0,0,18,19,20
indiranagar,9,1,0,0,15,21,19
whitefield,9,1,0,0,12,15,11
marathahalli,9,1,0,0,14,18,20
hsr_layout,9,1,0,0,13,16,16
jp_nagar,9,1,0,0,11,12,10
electronic_city,9,1,0,0,10,11,13
hebbal,9,1,0,0,9,10,10
koramangala,10,1,0,0,18,13,16
indiranagar,10,1,0,0,15,13,13
whitefield,10,1,0,0,12,9,9
marathahalli,10,1,0,0,14,13,10
hsr_layout,10,1,0,0,13,10,11
jp_nagar,10,1,0,0,11,10,8
electronic_city,10,1,0,0,10,7,7
hebbal,10,1,0,0,9,7,7
koramangala,11,1,0,0,18,31,25
indiranagar,11,1,0,0,15,22,20
whitefield,11,1,0,0,12,20,21
marathahalli,11,1,0,0,14,22,23
hsr_layout,11,1,0,0,13,24,24
jp_nagar,11,1,0,0,11,18,17
electronic_city,11,1,0,0,10,14,18
hebbal,11,1,0,0,9,14,15
koramangala,12,1,0,0,18,30,26
indiranagar,12,1,0,0,15,21,28
whitefield,12,1,0,0,12,17,17
marathahalli,12,1,0,0,14,22,19
hsr_layout,12,1,0,0,13,24,21
jp_nagar,12,1,0,0,11,16,18
electronic_city,12,1,0,0,10,18,16
hebbal,12,1,0,0,9,13,15
koramangala,13,1,0,0,18,29,27
indiranagar,13,1,0,0,15,24,25
whitefield,13,1,0,0,12,21,21
marathahalli,13,1,0,0,14,20,23
hsr_layout,13,1,0,0,13,17,26
jp_nagar,13,1,0,0,11,15,15
electronic_city,13,1,0,0,10,14,13
hebbal,13,1,0,0,9,12,16
koramangala,14,1,0,0,18,14,14
indiranagar,14,1,0,0,15,12,10
whitefield,14,1,0,0,12,10,8
marathahalli,14,1,0,0,14,11,10
hsr_layout,14,1,0,0,13,8,7
jp_nagar,14,1,0,0,11,9,8
electronic_city,14,1,0,0,10,8,5
hebbal,14,1,0,0,9,6,7
koramangala,15,1,0,0,18,12,12
indiranagar,15,1,0,0,15,10,11
whitefield,15,1,0,0,12,8,11
marathahalli,15,1,0,0,14,11,10
hsr_layout,15,1,0,0,13,12,8
jp_nagar,15,1,0,0,11,10,5
electronic_city,15,1,0,0,10,7,4
hebbal,15,1,0,0,9,8,6
koramangala,16,1,0,0,18,17,13
indiranagar,16,1,0,0,15,11,9
whitefield,16,1,0,0,12,10,10
marathahalli,16,1,0,0,14,11,6
hsr_layout,16,1,0,0,13,11,10
jp_nagar,16,1,0,0,11,7,8
electronic_city,16,1,0,0,10,7,7
hebbal,16,1,0,0,9,6,7
koramangala,17,1,0,0,18,15,14
indiranagar,17,1,0,0,15,12,11
whitefield,17,1,0,0,12,10,12
marathahalli,17,1,0,0,14,9,10
hsr_layout,17,1,0,0,13,10,11
jp_nagar,17,1,0,0,11,7,10
electronic_city,17,1,0,0,10,8,7
hebbal,17,1,0,0,9,6,3
koramangala,18,1,0,0,18,15,11
indiranagar,18,1,0,0,15,12,12
whitefield,18,1,0,0,12,8,10
marathahalli,18,1,0,0,14,11,13
hsr_layout,18,1,0,0,13,11,11
jp_nagar,18,1,0,0,11,10,8
electronic_city,18,1,0,0,10,8,6
hebbal,18,1,0,0,9,7,7
koramangala,19,1,0,0,18,32,35
indiranagar,19,1,0,0,15,25,22
whitefield,19,1,0,0,12,22,18
marathahalli,19,1,0,0,14,25,29
hsr_layout,19,1,0,0,13,28,27
jp_nagar,19,1,0,0,11,20,19
electronic_city,19,1,0,0,10,22,22
hebbal,19,1,0,0,9,14,16
koramangala,20,1,0,0,18,35,31
indiranagar,20,1,0,0,15,24,26
whitefield,20,1,0,0,12,22,27
marathahalli,20,1,0,0,14,29,26
hsr_layout,20,1,0,0,13,25,22
jp_nagar,20,1,0,0,11,23,22
electronic_city,20,1,0,0,10,17,20
hebbal,20,1,0,0,9,15,17
koramangala,21,1,0,0,18,28,32
indiranagar,21,1,0,0,15,33,26
whitefield,21,1,0,0,12,20,19
marathahalli,21,1,0,0,14,22,24
hsr_layout,21,1,0,0,13,23,20
jp_nagar,21,1,0,0,11,21,14
electronic_city,21,1,0,0,10,17,17
hebbal,21,1,0,0,9,13,16
koramangala,22,1,0,0,18,13,15
indiranagar,22,1,0,0,15,13,14
whitefield,22,1,0,0,12,9,9
marathahalli,22,1,0,0,14,10,11
hsr_layout,22,1,0,0,13,9,6
jp_nagar,22,1,0,0,11,10,8
electronic_city,22,1,0,0,10,7,9
hebbal,22,1,0,0,9,6,3
koramangala,23,1,0,0,18,16,18
indiranagar,23,1,0,0,15,12,12
whitefield,23,1,0,0,12,10,7
marathahalli,23,1,0,0,14,11,8
hsr_layout,23,1,0,0,13,9,9
jp_nagar,23,1,0,0,11,8,8
electronic_city,23,1,0,0,10,8,6
hebbal,23,1,0,0,9,8,6
koramangala,0,2,0,0,18,3,3
indiranagar,0,2,0,0,15,2,2
whitefield,0,2,0,0,12,2,0
marathahalli,0,2,0,0,14,2,1
hsr_layout,0,2,0,0,13,2,0
jp_nagar,0,2,0,0,11,1,2
electronic_city,0,2,0,0,10,2,0
hebbal,0,2,0,0,9,1,1
koramangala,1,2,0,0,18,3,4
indiranagar,1,2,0,0,15,3,1
whitefield,1,2,0,0,12,1,3
marathahalli,1,2,0,0,14,3,1
hsr_layout,1,2,0,0,13,3,4
jp_nagar,1,2,0,0,11,2,1
electronic_city,1,2,0,0,10,1,0
hebbal,1,2,0,0,9,1,2
koramangala,2,2,0,0,18,3,2
indiranagar,2,2,0,0,15,3,0
whitefield,2,2,0,0,12,2,1
marathahalli,2,2,0,0,14,2,1
hsr_layout,2,2,0,0,13,2,4
jp_nagar,2,2,0,0,11,2,0
electronic_city,2,2,0,0,10,1,1
hebbal,2,2,0,0,9,2,1
koramangala,3,2,0,0,18,3,3
indiranagar,3,2,0,0,15,2,4
whitefield,3,2,0,0,12,2,1
marathahalli,3,2,0,0,14,2,1
hsr_layout,3,2,0,0,13,2,2
jp_nagar,3,2,0,0,11,1,2
electronic_city,3,2,0,0,10,1,0
hebbal,3,2,0,0,9,2,1
koramangala,4,2,0,0,18,3,2
indiranagar,4,2,0,0,15,2,1
whitefield,4,2,0,0,12,2,1
marathahalli,4,2,0,0,14,2,4
hsr_layout,4,2,0,0,13,2,0
jp_nagar,4,2,0,0,11,1,2
electronic_city,4,2,0,0,10,1,2
hebbal,4,2,0,0,9,2,0
koramangala,5,2,0,0,18,3,3
indiranagar,5,2,0,0,15,3,3
whitefield,5,2,0,0,12,2,2
marathahalli,5,2,0,0,14,2,0
hsr_layout,5,2,0,0,13,2,4
jp_nagar,5,2,0,0,11,2,0
electronic_city,5,2,0,0,10,1,3
hebbal,5,2,0,0,9,1,2
koramangala,6,2,0,0,18,14,10
indiranagar,6,2,0,0,15,13,13
whitefield,6,2,0,0,12,10,8
marathahalli,6,2,0,0,14,9,5
hsr_layout,6,2,0,0,13,9,10
jp_nagar,6,2,0,0,11,7,7
electronic_city,6,2,0,0,10,7,6
hebbal,6,2,0,0,9,5,6
koramangala,7,2,0,0,18,19,19
indiranagar,7,2,0,0,15,15,18
whitefield,7,2,0,0,12,16,16
marathahalli,7,2,0,0,14,15,13
hsr_layout,7,2,0,0,13,15,11
jp_nagar,7,2,0,0,11,14,12
electronic_city,7,2,0,0,10,11,15
hebbal,7,2,0,0,9,11,10
koramangala,8,2,0,0,18,18,21
indiranagar,8,2,0,0,15,17,16
whitefield,8,2,0,0,12,12,14
marathahalli,8,2,0,0,14,16,14
hsr_layout,8,2,0,0,13,14,12
jp_nagar,8,2,0,0,11,15,11
electronic_city,8,2,0,0,10,13,13
hebbal,8,2,0,0,9,9,12
koramangala,9,2,0,0,18,25,24
indiranagar,9,2,0,0,15,18,18
whitefield,9,2,0,0,12,16,13
marathahalli,9,2,0,0,14,20,12
hsr_layout,9,2,0,0,13,18,14
jp_nagar,9,2,0,0,11,14,12
electronic_city,9,2,0,0,10,12,11
hebbal,9,2,0,0,9,9,7
koramangala,10,2,0,0,18,13,15
indiranagar,10,2,0,0,15,10,14
whitefield,10,2,0,0,12,9,5
marathahalli,10,2,0,0,14,11,15
hsr_layout,10,2,0,0,13,10,8
jp_nagar,10,2,0,0,11,8,5
electronic_city,10,2,0,0,10,9,7
hebbal,10,2,0,0,9,8,6
koramangala,11,2,0,0,18,31,28
indiranagar,11,2,0,0,15,23,24
whitefield,11,2,0,0,12,19,21
marathahalli,11,2,0,0,14,18,25
hsr_layout,11,2,0,0,13,18,23
jp_nagar,11,2,0,0,11,15,16
electronic_city,11,2,0,0,10,19,15
hebbal,11,2,0,0,9,15,13
koramangala,12,2,0,0,18,28,25
indiranagar,12,2,0,0,15,26,21
whitefield,12,2,0,0,12,16,18
marathahalli,12,2,0,0,14,26,19
hsr_layout,12,2,0,0,13,24,18
jp_nagar,12,2,0,0,11,20,19
electronic_city,12,2,0,0,10,13,18
hebbal,12,2,0,0,9,15,14
koramangala,13,2,0,0,18,25,27
indiranagar,13,2,0,0,15,26,28
whitefield,13,2,0,0,12,17,22
marathahalli,13,2,0,0,14,20,19
hsr_layout,13,2,0,0,13,22,20
jp_nagar,13,2,0,0,11,20,16
electronic_city,13,2,0,0,10,19,17
hebbal,13,2,0,0,9,16,12
koramangala,14,2,0,0,18,14,12
indiranagar,14,2,0,0,15,12,12
whitefield,14,2,0,0,12,10,8
marathahalli,14,2,0,0,14,12,8
hsr_layout,14,2,0,0,13,9,12
jp_nagar,14,2,0,0,11,10,4
electronic_city,14,2,0,0,10,8,6
hebbal,14,2,0,0,9,8,10
koramangala,15,2,0,0,18,11,12
indiranagar,15,2,0,0,15,13,8
whitefield,15,2,0,0,12,8,7
marathahalli,15,2,0,0,14,10,10
hsr_layout,15,2,0,0,13,8,11
jp_nagar,15,2,0,0,11,9,8
electronic_city,15,2,0,0,10,8,6
hebbal,15,2,0,0,9,8,9
koramangala,16,2,0,0,18,15,15
indiranagar,16,2,0,0,15,10,12
whitefield,16,2,0,0,12,8,7
marathahalli,16,2,0,0,14,9,13
hsr_layout,16,2,0,0,13,10,8
jp_nagar,16,2,0,0,11,7,7
electronic_city,16,2,0,0,10,7,5
hebbal,16,2,0,0,9,7,4
koramangala,17,2,0,0,18,15,16
indiranagar,17,2,0,0,15,13,11
whitefield,17,2,0,0,12,11,7
marathahalli,17,2,0,0,14,13,10
hsr_layout,17,2,0,0,13,9,11
jp_nagar,17,2,0,0,11,9,8
electronic_city,17,2,0,0,10,8,6
hebbal,17,2,0,0,9,7,6
koramangala,18,2,0,0,18,16,11
indiranagar,18,2,0,0,15,11,9
whitefield,18,2,0,0,12,11,10
marathahalli,18,2,0,0,14,12,8
hsr_layout,18,2,0,0,13,9,12
jp_nagar,18,2,0,0,11,8,8
electronic_city,18,2,0,0,10,8,9
hebbal,18,2,0,0,9,6,8
koramangala,19,2,0,0,18,37,33
indiranagar,19,2,0,0,15,32,29
whitefield,19,2,0,0,12,21,22
marathahalli,19,2,0,0,14,28,32
hsr_layout,19,2,0,0,13,20,24
jp_nagar,19,2,0,0,11,24,22
electronic_city,19,2,0,0,10,17,16
hebbal,19,2,0,0,9,19,19
koramangala,20,2,0,0,18,28,33
indiranagar,20,2,0,0,15,23,27
whitefield,20,2,0,0,12,19,22
marathahalli,20,2,0,0,14,27,29
hsr_layout,20,2,0,0,13,20,24
jp_nagar,20,2,0,0,11,23,16
electronic_city,20,2,0,0,10,21,17
hebbal,20,2,0,0,9,14,15
koramangala,21,2,0,0,18,33,34
indiranagar,21,2,0,0,15,30,23
whitefield,21,2,0,0,12,25,24
marathahalli,21,2,0,0,14,28,28
hsr_layout,21,2,0,0,13,23,19
jp_nagar,21,2,0,0,11,16,16
electronic_city,21,2,0,0,10,20,15
hebbal,21,2,0,0,9,19,15
koramangala,22,2,0,0,18,13,13
indiranagar,22,2,0,0,15,13,14
whitefield,22,2,0,0,12,7,10
marathahalli,22,2,0,0,14,13,8
hsr_layout,22,2,0,0,13,11,11
jp_nagar,22,2,0,0,11,8,7
electronic_city,22,2,0,0,10,8,9
hebbal,22,2,0,0,9,7,9
koramangala,23,2,0,0,18,13,16
indiranagar,23,2,0,0,15,13,11
whitefield,23,2,0,0,12,8,4
marathahalli,23,2,0,0,14,9,10
hsr_layout,23,2,0,0,13,8,9
jp_nagar,23,2,0,0,11,8,6
electronic_city,23,2,0,0,10,8,8
hebbal,23,2,0,0,9,6,6
koramangala,0,3,0,0,18,3,1
indiranagar,0,3,0,0,15,2,0
whitefield,0,3,0,0,12,2,0
marathahalli,0,3,0,0,14,2,3
hsr_layout,0,3,0,0,13,2,1
jp_nagar,0,3,0,0,11,2,1
electronic_city,0,3,0,0,10,1,1
hebbal,0,3,0,0,9,1,1
koramangala,1,3,0,0,18,3,3
indiranagar,1,3,0,0,15,2,0
whitefield,1,3,0,0,12,2,3
marathahalli,1,3,0,0,14,2,4
hsr_layout,1,3,0,0,13,2,0
jp_nagar,1,3,0,0,11,2,0
electronic_city,1,3,0,0,10,2,1
hebbal,1,3,0,0,9,1,0
koramangala,2,3,0,0,18,3,3
indiranagar,2,3,0,0,15,3,0
whitefield,2,3,0,0,12,2,0
marathahalli,2,3,0,0,14,2,4
hsr_layout,2,3,0,0,13,3,0
jp_nagar,2,3,0,0,11,1,2
electronic_city,2,3,0,0,10,1,1
hebbal,2,3,0,0,9,1,0
koramangala,3,3,0,0,18,4,3
indiranagar,3,3,0,0,15,3,2
whitefield,3,3,0,0,12,1,1
marathahalli,3,3,0,0,14,2,3
hsr_layout,3,3,0,0,13,2,2
jp_nagar,3,3,0,0,11,2,3
electronic_city,3,3,0,0,10,2,2
hebbal,3,3,0,0,9,1,1
koramangala,4,3,0,0,18,2,0
indiranagar,4,3,0,0,15,2,1
whitefield,4,3,0,0,12,2,6
marathahalli,4,3,0,0,14,2,3
hsr_layout,4,3,0,0,13,2,5
jp_nagar,4,3,0,0,11,2,4
electronic_city,4,3,0,0,10,1,1
hebbal,4,3,0,0,9,1,1
koramangala,5,3,0,0,18,3,2
indiranagar,5,3,0,0,15,3,0
whitefield,5,3,0,0,12,2,2
marathahalli,5,3,0,0,14,2,4
hsr_layout,5,3,0,0,13,2,1
jp_nagar,5,3,0,0,11,2,2
electronic_city,5,3,0,0,10,1,3
hebbal,5,3,0,0,9,1,0
koramangala,6,3,0,0,18,11,12
indiranagar,6,3,0,0,15,10,10
whitefield,6,3,0,0,12,8,8
marathahalli,6,3,0,0,14,10,10
hsr_layout,6,3,0,0,13,12,6
jp_nagar,6,3,0,0,11,7,10
electronic_city,6,3,0,0,10,7,5
hebbal,6,3,0,0,9,6,7
koramangala,7,3,0,0,18,24,20
indiranagar,7,3,0,0,15,21,20
whitefield,7,3,0,0,12,15,14
marathahalli,7,3,0,0,14,17,17
hsr_layout,7,3,0,0,13,13,17
jp_nagar,7,3,0,0,11,12,14
electronic_city,7,3,0,0,10,11,11
hebbal,7,3,0,0,9,8,13
koramangala,8,3,0,0,18,17,20
indiranagar,8,3,0,0,15,14,19
whitefield,8,3,0,0,12,12,17
marathahalli,8,3,0,0,14,14,17
hsr_layout,8,3,0,0,13,14,18
jp_nagar,8,3,0,0,11,11,13
electronic_city,8,3,0,0,10,13,13
hebbal,8,3,0,0,9,9,8
koramangala,9,3,0,0,18,18,16
indiranagar,9,3,0,0,15,18,17
whitefield,9,3,0,0,12,15,15
marathahalli,9,3,0,0,14,17,17
hsr_layout,9,3,0,0,13,13,15
jp_nagar,9,3,0,0,11,13,9
electronic_city,9,3,0,0,10,10,11
hebbal,9,3,0,0,9,10,11
koramangala,10,3,0,0,18,16,15
indiranagar,10,3,0,0,15,13,13
whitefield,10,3,0,0,12,11,9
marathahalli,10,3,0,0,14,11,12
hsr_layout,10,3,0,0,13,9,11
jp_nagar,10,3,0,0,11,8,8
electronic_city,10,3,0,0,10,7,7
hebbal,10,3,0,0,9,8,6
koramangala,11,3,0,0,18,23,25
indiranagar,11,3,0,0,15,27,27
whitefield,11,3,0,0,12,15,15
marathahalli,11,3,0,0,14,24,19
hsr_layout,11,3,0,0,13,17,21
jp_nagar,11,3,0,0,11,20,17
electronic_city,11,3,0,0,10,15,16
hebbal,11,3,0,0,9,15,13
koramangala,12,3,0,0,18,26,30
indiranagar,12,3,0,0,15,20,24
whitefield,12,3,0,0,12,18,16
marathahalli,12,3,0,0,14,23,17
hsr_layout,12,3,0,0,13,19,24
jp_nagar,12,3,0,0,11,15,15
electronic_city,12,3,0,0,10,14,13
hebbal,12,3,0,0,9,12,16
koramangala,13,3,0,0,18,31,25
indiranagar,13,3,0,0,15,24,22
whitefield,13,3,0,0,12,18,18
marathahalli,13,3,0,0,14,25,21
hsr_layout,13,3,0,0,13,22,18
jp_nagar,13,3,0,0,11,15,20
electronic_city,13,3,0,0,10,18,15
hebbal,13,3,0,0,9,14,13
koramangala,14,3,0,0,18,14,10
indiranagar,14,3,0,0,15,11,11
whitefield,14,3,0,0,12,11,11
marathahalli,14,3,0,0,14,12,10
hsr_layout,14,3,0,0,13,10,9
jp_nagar,14,3,0,0,11,9,9
electronic_city,14,3,0,0,10,8,11
hebbal,14,3,0,0,9,6,4
koramangala,15,3,0,0,18,13,15
indiranagar,15,3,0,0,15,13,8
whitefield,15,3,0,0,12,10,7
marathahalli,15,3,0,0,14,9,11
hsr_layout,15,3,0,0,13,8,7
jp_nagar,15,3,0,0,11,7,9
electronic_city,15,3,0,0,10,8,5
hebbal,15,3,0,0,9,6,9
koramangala,16,3,0,0,18,12,13
indiranagar,16,3,0,0,15,9,10
whitefield,16,3,0,0,12,9,8
marathahalli,16,3,0,0,14,12,7
hsr_layout,16,3,0,0,13,9,9
jp_nagar,16,3,0,0,11,10,5
electronic_city,16,3,0,0,10,9,8
hebbal,16,3,0,0,9,6,4
koramangala,17,3,0,0,18,14,15
indiranagar,17,3,0,0,15,11,10
whitefield,17,3,0,0,12,11,8
marathahalli,17,3,0,0,14,13,12
hsr_layout,17,3,0,0,13,9,9
jp_nagar,17,3,0,0,11,7,7
electronic_city,17,3,0,0,10,8,5
hebbal,17,3,0,0,9,8,7
koramangala,18,3,0,0,18,13,15
indiranagar,18,3,0,0,15,13,17
whitefield,18,3,0,0,12,10,9
marathahalli,18,3,0,0,14,10,11
hsr_layout,18,3,0,0,13,11,7
jp_nagar,18,3,0,0,11,7,9
electronic_city,18,3,0,0,10,7,9
hebbal,18,3,0,0,9,5,6
koramangala,19,3,0,0,18,34,40
indiranagar,19,3,0,0,15,29,23
whitefield,19,3,0,0,12,20,22
marathahalli,19,3,0,0,14,31,28
hsr_layout,19,3,0,0,13,24,20
jp_nagar,19,3,0,0,11,23,21
electronic_city,19,3,0,0,10,19,17
hebbal,19,3,0,0,9,20,14
koramangala,20,3,0,0,18,35,35
indiranagar,20,3,0,0,15,32,30
whitefield,20,3,0,0,12,25,22
marathahalli,20,3,0,0,14,29,25
hsr_layout,20,3,0,0,13,26,25
jp_nagar,20,3,0,0,11,23,17
electronic_city,20,3,0,0,10,19,14
hebbal,20,3,0,0,9,19,15
koramangala,21,3,0,0,18,36,37
indiranagar,21,3,0,0,15,24,27
whitefield,21,3,0,0,12,20,23
marathahalli,21,3,0,0,14,30,26
hsr_layout,21,3,0,0,13,27,26
jp_nagar,21,3,0,0,11,24,23
electronic_city,21,3,0,0,10,16,21
hebbal,21,3,0,0,9,19,14
koramangala,22,3,0,0,18,16,13
indiranagar,22,3,0,0,15,11,13
whitefield,22,3,0,0,12,11,7
marathahalli,22,3,0,0,14,11,11
hsr_layout,22,3,0,0,13,10,5
jp_nagar,22,3,0,0,11,9,8
electronic_city,22,3,0,0,10,7,10
hebbal,22,3,0,0,9,7,5
koramangala,23,3,0,0,18,12,13
indiranagar,23,3,0,0,15,14,11
whitefield,23,3,0,0,12,10,8
marathahalli,23,3,0,0,14,11,11
hsr_layout,23,3,0,0,13,11,10
jp_nagar,23,3,0,0,11,8,8
electronic_city,23,3,0,0,10,8,7
hebbal,23,3,0,0,9,8,6
koramangala,0,4,0,1,18,4,4
indiranagar,0,4,0,1,15,4,5
whitefield,0,4,0,1,12,3,2
marathahalli,0,4,0,1,14,3,1
hsr_layout,0,4,0,1,13,4,2
jp_nagar,0,4,0,1,11,2,3
electronic_city,0,4,0,1,10,2,0
hebbal,0,4,0,1,9,2,1
koramangala,1,4,0,1,18,5,4
indiranagar,1,4,0,1,15,3,7
whitefield,1,4,0,1,12,3,0
marathahalli,1,4,0,1,14,4,3
hsr_layout,1,4,0,1,13,3,6
jp_nagar,1,4,0,1,11,3,3
electronic_city,1,4,0,1,10,3,3
hebbal,1,4,0,1,9,2,2
koramangala,2,4,0,1,18,4,3
indiranagar,2,4,0,1,15,4,0
whitefield,2,4,0,1,12,2,3
marathahalli,2,4,0,1,14,4,2
hsr_layout,2,4,0,1,13,3,2
jp_nagar,2,4,0,1,11,3,2
electronic_city,2,4,0,1,10,2,5
hebbal,2,4,0,1,9,2,5
koramangala,3,4,0,1,18,5,5
indiranagar,3,4,0,1,15,4,3
whitefield,3,4,0,1,12,4,0
marathahalli,3,4,0,1,14,4,3
hsr_layout,3,4,0,1,13,3,5
jp_nagar,3,4,0,1,11,2,2
electronic_city,3,4,0,1,10,3,0
hebbal,3,4,0,1,9,2,3
koramangala,4,4,0,1,18,4,5
indiranagar,4,4,0,1,15,4,0
whitefield,4,4,0,1,12,3,2
marathahalli,4,4,0,1,14,4,3
hsr_layout,4,4,0,1,13,3,2
jp_nagar,4,4,0,1,11,3,0
electronic_city,4,4,0,1,10,2,3
hebbal,4,4,0,1,9,2,1
koramangala,5,4,0,1,18,5,1
indiranagar,5,4,0,1,15,3,0
whitefield,5,4,0,1,12,3,4
marathahalli,5,4,0,1,14,3,3
hsr_layout,5,4,0,1,13,3,3
jp_nagar,5,4,0,1,11,2,1
electronic_city,5,4,0,1,10,3,1
hebbal,5,4,0,1,9,2,0
koramangala,6,4,0,1,18,20,16
indiranagar,6,4,0,1,15,19,13
whitefield,6,4,0,1,12,15,13
marathahalli,6,4,0,1,14,18,16
hsr_layout,6,4,0,1,13,14,16
jp_nagar,6,4,0,1,11,10,12
electronic_city,6,4,0,1,10,9,13
hebbal,6,4,0,1,9,10,11
koramangala,7,4,0,1,18,35,28
indiranagar,7,4,0,1,15,24,22
whitefield,7,4,0,1,12,17,22
marathahalli,7,4,0,1,14,22,24
hsr_layout,7,4,0,1,13,19,25
jp_nagar,7,4,0,1,11,17,20
electronic_city,7,4,0,1,10,19,16
hebbal,7,4,0,1,9,13,19
koramangala,8,4,0,1,18,35,28
indiranagar,8,4,0,1,15,20,20
whitefield,8,4,0,1,12,19,19
marathahalli,8,4,0,1,14,22,25
hsr_layout,8,4,0,1,13,26,21
jp_nagar,8,4,0,1,11,18,17
electronic_city,8,4,0,1,10,20,14
hebbal,8,4,0,1,9,13,13
koramangala,9,4,0,1,18,34,27
indiranagar,9,4,0,1,15,23,23
whitefield,9,4,0,1,12,21,19
marathahalli,9,4,0,1,14,24,21
hsr_layout,9,4,0,1,13,25,20
jp_nagar,9,4,0,1,11,15,17
electronic_city,9,4,0,1,10,16,14
hebbal,9,4,0,1,9,12,12
koramangala,10,4,0,1,18,21,23
indiranagar,10,4,0,1,15,16,15
whitefield,10,4,0,1,12,15,13
marathahalli,10,4,0,1,14,17,15
hsr_layout,10,4,0,1,13,14,15
jp_nagar,10,4,0,1,11,10,15
electronic_city,10,4,0,1,10,11,10
hebbal,10,4,0,1,9,11,7
koramangala,11,4,0,1,18,45,31
indiranagar,11,4,0,1,15,29,32
whitefield,11,4,0,1,12,31,23
marathahalli,11,4,0,1,14,31,30
hsr_layout,11,4,0,1,13,29,32
jp_nagar,11,4,0,1,11,25,23
electronic_city,11,4,0,1,10,21,23
hebbal,11,4,0,1,9,23,22
koramangala,12,4,0,1,18,46,44
indiranagar,12,4,0,1,15,29,33
whitefield,12,4,0,1,12,24,21
marathahalli,12,4,0,1,14,27,34
hsr_layout,12,4,0,1,13,34,24
jp_nagar,12,4,0,1,11,27,25
electronic_city,12,4,0,1,10,24,19
hebbal,12,4,0,1,9,21,23
koramangala,13,4,0,1,18,39,40
indiranagar,13,4,0,1,15,32,37
whitefield,13,4,0,1,12,24,28
marathahalli,13,4,0,1,14,34,27
hsr_layout,13,4,0,1,13,32,24
jp_nagar,13,4,0,1,11,19,22
electronic_city,13,4,0,1,10,18,25
hebbal,13,4,0,1,9,17,20
koramangala,14,4,0,1,18,18,17
indiranagar,14,4,0,1,15,20,16
whitefield,14,4,0,1,12,14,11
marathahalli,14,4,0,1,14,14,15
hsr_layout,14,4,0,1,13,17,15
jp_nagar,14,4,0,1,11,11,9
electronic_city,14,4,0,1,10,9,9
hebbal,14,4,0,1,9,11,7
koramangala,15,4,0,1,18,20,18
indiranagar,15,4,0,1,15,16,15
whitefield,15,4,0,1,12,13,11
marathahalli,15,4,0,1,14,16,10
hsr_layout,15,4,0,1,13,13,12
jp_nagar,15,4,0,1,11,12,10
electronic_city,15,4,0,1,10,11,11
hebbal,15,4,0,1,9,8,9
koramangala,16,4,0,1,18,16,19
indiranagar,16,4,0,1,15,13,19
whitefield,16,4,0,1,12,14,12
marathahalli,16,4,0,1,14,15,17
hsr_layout,16,4,0,1,13,15,13
jp_nagar,16,4,0,1,11,12,10
electronic_city,16,4,0,1,10,9,10
hebbal,16,4,0,1,9,9,8
koramangala,17,4,0,1,18,20,24
indiranagar,17,4,0,1,15,17,16
whitefield,17,4,0,1,12,13,14
marathahalli,17,4,0,1,14,15,17
hsr_layout,17,4,0,1,13,16,12
jp_nagar,17,4,0,1,11,12,11
electronic_city,17,4,0,1,10,9,13
hebbal,17,4,0,1,9,9,7
koramangala,18,4,0,1,18,17,22
indiranagar,18,4,0,1,15,17,15
whitefield,18,4,0,1,12,14,14
marathahalli,18,4,0,1,14,17,16
hsr_layout,18,4,0,1,13,12,13
jp_nagar,18,4,0,1,11,14,11
electronic_city,18,4,0,1,10,11,12
hebbal,18,4,0,1,9,8,7
koramangala,19,4,0,1,18,55,43
indiranagar,19,4,0,1,15,43,35
whitefield,19,4,0,1,12,36,29
marathahalli,19,4,0,1,14,38,37
hsr_layout,19,4,0,1,13,38,38
jp_nagar,19,4,0,1,11,29,29
electronic_city,19,4,0,1,10,21,24
hebbal,19,4,0,1,9,25,29
koramangala,20,4,0,1,18,45,48
indiranagar,20,4,0,1,15,46,39
whitefield,20,4,0,1,12,36,35
marathahalli,20,4,0,1,14,35,38
hsr_layout,20,4,0,1,13,32,33
jp_nagar,20,4,0,1,11,23,30
electronic_city,20,4,0,1,10,23,30
hebbal,20,4,0,1,9,20,24
koramangala,21,4,0,1,18,54,46
indiranagar,21,4,0,1,15,34,36
whitefield,21,4,0,1,12,31,31
marathahalli,21,4,0,1,14,31,38
hsr_layout,21,4,0,1,13,36,33
jp_nagar,21,4,0,1,11,26,33
electronic_city,21,4,0,1,10,28,26
hebbal,21,4,0,1,9,27,26
koramangala,22,4,0,1,18,22,19
indiranagar,22,4,0,1,15,19,17
whitefield,22,4,0,1,12,15,11
marathahalli,22,4,0,1,14,13,14
hsr_layout,22,4,0,1,13,13,14
jp_nagar,22,4,0,1,11,14,10
electronic_city,22,4,0,1,10,12,12
hebbal,22,4,0,1,9,11,5
koramangala,23,4,0,1,18,23,19
indiranagar,23,4,0,1,15,19,14
whitefield,23,4,0,1,12,15,10
marathahalli,23,4,0,1,14,16,12
hsr_layout,23,4,0,1,13,15,14
jp_nagar,23,4,0,1,11,10,7
electronic_city,23,4,0,1,10,13,7
hebbal,23,4,0,1,9,10,7
koramangala,0,5,1,1,18,6,6
indiranagar,0,5,1,1,15,6,4
whitefield,0,5,1,1,12,4,2
marathahalli,0,5,1,1,14,4,7
hsr_layout,0,5,1,1,13,5,6
jp_nagar,0,5,1,1,11,3,4
electronic_city,0,5,1,1,10,3,2
hebbal,0,5,1,1,9,3,3
koramangala,1,5,1,1,18,6,6
indiranagar,1,5,1,1,15,4,4
whitefield,1,5,1,1,12,4,3
marathahalli,1,5,1,1,14,5,4
hsr_layout,1,5,1,1,13,4,6
jp_nagar,1,5,1,1,11,3,3
electronic_city,1,5,1,1,10,3,3
hebbal,1,5,1,1,9,3,5
koramangala,2,5,1,1,18,6,7
indiranagar,2,5,1,1,15,4,2
whitefield,2,5,1,1,12,4,4
marathahalli,2,5,1,1,14,5,6
hsr_layout,2,5,1,1,13,5,5
jp_nagar,2,5,1,1,11,3,1
electronic_city,2,5,1,1,10,4,2
hebbal,2,5,1,1,9,3,4
koramangala,3,5,1,1,18,7,4
indiranagar,3,5,1,1,15,5,3
whitefield,3,5,1,1,12,5,6
marathahalli,3,5,1,1,14,4,3
hsr_layout,3,5,1,1,13,4,2
jp_nagar,3,5,1,1,11,4,1
electronic_city,3,5,1,1,10,3,3
hebbal,3,5,1,1,9,2,1
koramangala,4,5,1,1,18,5,5
indiranagar,4,5,1,1,15,4,4
whitefield,4,5,1,1,12,4,5
marathahalli,4,5,1,1,14,5,5
hsr_layout,4,5,1,1,13,4,2
jp_nagar,4,5,1,1,11,3,5
electronic_city,4,5,1,1,10,4,2
hebbal,4,5,1,1,9,2,1
koramangala,5,5,1,1,18,7,5
indiranagar,5,5,1,1,15,6,7
whitefield,5,5,1,1,12,4,4
marathahalli,5,5,1,1,14,4,5
hsr_layout,5,5,1,1,13,4,6
jp_nagar,5,5,1,1,11,4,1
electronic_city,5,5,1,1,10,3,1
hebbal,5,5,1,1,9,3,0
koramangala,6,5,1,1,18,29,24
indiranagar,6,5,1,1,15,23,22
whitefield,6,5,1,1,12,15,17
marathahalli,6,5,1,1,14,24,22
hsr_layout,6,5,1,1,13,22,19
jp_nagar,6,5,1,1,11,15,15
electronic_city,6,5,1,1,10,12,16
hebbal,6,5,1,1,9,15,8
koramangala,7,5,1,1,18,44,41
indiranagar,7,5,1,1,15,29,34
whitefield,7,5,1,1,12,23,29
marathahalli,7,5,1,1,14,26,34
hsr_layout,7,5,1,1,13,32,32
jp_nagar,7,5,1,1,11,26,25
electronic_city,7,5,1,1,10,18,17
hebbal,7,5,1,1,9,18,16
koramangala,8,5,1,1,18,34,40
indiranagar,8,5,1,1,15,33,27
whitefield,8,5,1,1,12,22,26
marathahalli,8,5,1,1,14,34,30
hsr_layout,8,5,1,1,13,27,30
jp_nagar,8,5,1,1,11,28,25
electronic_city,8,5,1,1,10,21,24
hebbal,8,5,1,1,9,23,18
koramangala,9,5,1,1,18,38,41
indiranagar,9,5,1,1,15,31,35
whitefield,9,5,1,1,12,27,23
marathahalli,9,5,1,1,14,24,29
hsr_layout,9,5,1,1,13,28,28
jp_nagar,9,5,1,1,11,20,26
electronic_city,9,5,1,1,10,19,21
hebbal,9,5,1,1,9,19,19
koramangala,10,5,1,1,18,22,27
indiranagar,10,5,1,1,15,24,24
whitefield,10,5,1,1,12,15,13
marathahalli,10,5,1,1,14,17,18
hsr_layout,10,5,1,1,13,21,18
jp_nagar,10,5,1,1,11,14,13
electronic_city,10,5,1,1,10,13,15
hebbal,10,5,1,1,9,10,9
koramangala,11,5,1,1,18,47,48
indiranagar,11,5,1,1,15,47,44
whitefield,11,5,1,1,12,28,32
marathahalli,11,5,1,1,14,40,39
hsr_layout,11,5,1,1,13,31,36
jp_nagar,11,5,1,1,11,35,35
electronic_city,11,5,1,1,10,28,28
hebbal,11,5,1,1,9,28,25
koramangala,12,5,1,1,18,55,53
indiranagar,12,5,1,1,15,41,46
whitefield,12,5,1,1,12,41,32
marathahalli,12,5,1,1,14,42,38
hsr_layout,12,5,1,1,13,42,38
jp_nagar,12,5,1,1,11,31,36
electronic_city,12,5,1,1,10,29,31
hebbal,12,5,1,1,9,25,29
koramangala,13,5,1,1,18,45,51
indiranagar,13,5,1,1,15,37,43
whitefield,13,5,1,1,12,28,36
marathahalli,13,5,1,1,14,35,43
hsr_layout,13,5,1,1,13,41,41
jp_nagar,13,5,1,1,11,34,37
electronic_city,13,5,1,1,10,34,32
hebbal,13,5,1,1,9,24,21
koramangala,14,5,1,1,18,27,24
indiranagar,14,5,1,1,15,22,22
whitefield,14,5,1,1,12,20,19
marathahalli,14,5,1,1,14,22,23
hsr_layout,14,5,1,1,13,20,16
jp_nagar,14,5,1,1,11,16,13
electronic_city,14,5,1,1,10,14,13
hebbal,14,5,1,1,9,11,10
koramangala,15,5,1,1,18,28,22
indiranagar,15,5,1,1,15,22,22
whitefield,15,5,1,1,12,15,15
marathahalli,15,5,1,1,14,18,19
hsr_layout,15,5,1,1,13,18,18
jp_nagar,15,5,1,1,11,17,16
electronic_city,15,5,1,1,10,12,15
hebbal,15,5,1,1,9,12,16
koramangala,16,5,1,1,18,26,26
indiranagar,16,5,1,1,15,19,20
whitefield,16,5,1,1,12,19,18
marathahalli,16,5,1,1,14,22,17
hsr_layout,16,5,1,1,13,18,20
jp_nagar,16,5,1,1,11,18,14
electronic_city,16,5,1,1,10,12,13
hebbal,16,5,1,1,9,10,11
koramangala,17,5,1,1,18,23,28
indiranagar,17,5,1,1,15,21,20
whitefield,17,5,1,1,12,17,14
marathahalli,17,5,1,1,14,20,22
hsr_layout,17,5,1,1,13,17,19
jp_nagar,17,5,1,1,11,16,19
electronic_city,17,5,1,1,10,13,12
hebbal,17,5,1,1,9,14,14
koramangala,18,5,1,1,18,21,29
indiranagar,18,5,1,1,15,20,24
whitefield,18,5,1,1,12,20,16
marathahalli,18,5,1,1,14,17,21
hsr_layout,18,5,1,1,13,17,19
jp_nagar,18,5,1,1,11,16,16
electronic_city,18,5,1,1,10,16,13
hebbal,18,5,1,1,9,13,14
koramangala,19,5,1,1,18,58,56
indiranagar,19,5,1,1,15,56,54
whitefield,19,5,1,1,12,39,41
marathahalli,19,5,1,1,14,42,48
hsr_layout,19,5,1,1,13,43,40
jp_nagar,19,5,1,1,11,43,39
electronic_city,19,5,1,1,10,41,36
hebbal,19,5,1,1,9,27,28
koramangala,20,5,1,1,18,57,69
indiranagar,20,5,1,1,15,54,55
whitefield,20,5,1,1,12,47,42
marathahalli,20,5,1,1,14,40,41
hsr_layout,20,5,1,1,13,50,42
jp_nagar,20,5,1,1,11,33,42
electronic_city,20,5,1,1,10,40,36
hebbal,20,5,1,1,9,25,27
koramangala,21,5,1,1,18,64,66
indiranagar,21,5,1,1,15,56,52
whitefield,21,5,1,1,12,38,38
marathahalli,21,5,1,1,14,44,47
hsr_layout,21,5,1,1,13,47,48
jp_nagar,21,5,1,1,11,33,39
electronic_city,21,5,1,1,10,30,27
hebbal,21,5,1,1,9,30,28
koramangala,22,5,1,1,18,23,24
indiranagar,22,5,1,1,15,18,22
whitefield,22,5,1,1,12,14,10
marathahalli,22,5,1,1,14,17,18
hsr_layout,22,5,1,1,13,16,19
jp_nagar,22,5,1,1,11,17,16
electronic_city,22,5,1,1,10,14,11
hebbal,22,5,1,1,9,13,10
koramangala,23,5,1,1,18,27,27
indiranagar,23,5,1,1,15,18,17
whitefield,23,5,1,1,12,16,16
marathahalli,23,5,1,1,14,17,19
hsr_layout,23,5,1,1,13,20,16
jp_nagar,23,5,1,1,11,17,17
electronic_city,23,5,1,1,10,17,17
hebbal,23,5,1,1,9,15,13
koramangala,0,6,1,0,18,5,8
indiranagar,0,6,1,0,15,4,1
whitefield,0,6,1,0,12,2,7
marathahalli,0,6,1,0,14,3,2
hsr_layout,0,6,1,0,13,3,2
jp_nagar,0,6,1,0,11,3,2
electronic_city,0,6,1,0,10,2,1
hebbal,0,6,1,0,9,1,2
koramangala,1,6,1,0,18,5,2
indiranagar,1,6,1,0,15,4,2
whitefield,1,6,1,0,12,2,3
marathahalli,1,6,1,0,14,3,3
hsr_layout,1,6,1,0,13,2,3
jp_nagar,1,6,1,0,11,2,3
electronic_city,1,6,1,0,10,2,3
hebbal,1,6,1,0,9,2,0
koramangala,2,6,1,0,18,5,5
indiranagar,2,6,1,0,15,3,3
whitefield,2,6,1,0,12,3,3
marathahalli,2,6,1,0,14,3,4
hsr_layout,2,6,1,0,13,3,1
jp_nagar,2,6,1,0,11,3,0
electronic_city,2,6,1,0,10,2,0
hebbal,2,6,1,0,9,2,1
koramangala,3,6,1,0,18,4,5
indiranagar,3,6,1,0,15,3,2
whitefield,3,6,1,0,12,2,0
marathahalli,3,6,1,0,14,4,2
hsr_layout,3,6,1,0,13,2,0
jp_nagar,3,6,1,0,11,3,1
electronic_city,3,6,1,0,10,2,2
hebbal,3,6,1,0,9,2,0
koramangala,4,6,1,0,18,4,5
indiranagar,4,6,1,0,15,3,2
whitefield,4,6,1,0,12,2,3
marathahalli,4,6,1,0,14,3,2
hsr_layout,4,6,1,0,13,4,4
jp_nagar,4,6,1,0,11,3,3
electronic_city,4,6,1,0,10,2,2
hebbal,4,6,1,0,9,2,2
koramangala,5,6,1,0,18,5,3
indiranagar,5,6,1,0,15,3,4
whitefield,5,6,1,0,12,3,2
marathahalli,5,6,1,0,14,3,3
hsr_layout,5,6,1,0,13,3,2
jp_nagar,5,6,1,0,11,2,1
electronic_city,5,6,1,0,10,2,0
hebbal,5,6,1,0,9,2,2
koramangala,6,6,1,0,18,21,20
indiranagar,6,6,1,0,15,14,18
whitefield,6,6,1,0,12,11,8
marathahalli,6,6,1,0,14,14,16
hsr_layout,6,6,1,0,13,16,12
jp_nagar,6,6,1,0,11,11,10
electronic_city,6,6,1,0,10,9,8
hebbal,6,6,1,0,9,7,10
koramangala,7,6,1,0,18,25,27
indiranagar,7,6,1,0,15,19,20
whitefield,7,6,1,0,12,20,20
marathahalli,7,6,1,0,14,21,20
hsr_layout,7,6,1,0,13,16,21
jp_nagar,7,6,1,0,11,19,19
electronic_city,7,6,1,0,10,13,14
hebbal,7,6,1,0,9,15,13
koramangala,8,6,1,0,18,24,24
indiranagar,8,6,1,0,15,23,26
whitefield,8,6,1,0,12,21,21
marathahalli,8,6,1,0,14,21,18
hsr_layout,8,6,1,0,13,16,18
jp_nagar,8,6,1,0,11,20,18
electronic_city,8,6,1,0,10,15,11
hebbal,8,6,1,0,9,11,13
koramangala,9,6,1,0,18,25,27
indiranagar,9,6,1,0,15,20,18
whitefield,9,6,1,0,12,15,21
marathahalli,9,6,1,0,14,20,23
hsr_layout,9,6,1,0,13,18,20
jp_nagar,9,6,1,0,11,19,15
electronic_city,9,6,1,0,10,16,10
hebbal,9,6,1,0,9,14,13
koramangala,10,6,1,0,18,18,17
indiranagar,10,6,1,0,15,14,12
whitefield,10,6,1,0,12,12,13
marathahalli,10,6,1,0,14,11,15
hsr_layout,10,6,1,0,13,10,11
jp_nagar,10,6,1,0,11,12,15
electronic_city,10,6,1,0,10,9,10
hebbal,10,6,1,0,9,10,9
koramangala,11,6,1,0,18,36,33
indiranagar,11,6,1,0,15,30,32
whitefield,11,6,1,0,12,28,19
marathahalli,11,6,1,0,14,30,30
hsr_layout,11,6,1,0,13,30,27
jp_nagar,11,6,1,0,11,22,18
electronic_city,11,6,1,0,10,24,21
hebbal,11,6,1,0,9,18,16
koramangala,12,6,1,0,18,34,37
indiranagar,12,6,1,0,15,34,34
whitefield,12,6,1,0,12,20,27
marathahalli,12,6,1,0,14,31,25
hsr_layout,12,6,1,0,13,24,22
jp_nagar,12,6,1,0,11,24,22
electronic_city,12,6,1,0,10,21,23
hebbal,12,6,1,0,9,15,19
koramangala,13,6,1,0,18,41,39
indiranagar,13,6,1,0,15,32,30
whitefield,13,6,1,0,12,19,23
marathahalli,13,6,1,0,14,34,22
hsr_layout,13,6,1,0,13,30,21
jp_nagar,13,6,1,0,11,23,21
electronic_city,13,6,1,0,10,23,18
hebbal,13,6,1,0,9,21,22
koramangala,14,6,1,0,18,21,18
indiranagar,14,6,1,0,15,16,15
whitefield,14,6,1,0,12,13,13
marathahalli,14,6,1,0,14,12,13
hsr_layout,14,6,1,0,13,14,14
jp_nagar,14,6,1,0,11,10,11
electronic_city,14,6,1,0,10,9,11
hebbal,14,6,1,0,9,8,7
koramangala,15,6,1,0,18,16,19
indiranagar,15,6,1,0,15,12,16
whitefield,15,6,1,0,12,11,9
marathahalli,15,6,1,0,14,12,16
hsr_layout,15,6,1,0,13,11,14
jp_nagar,15,6,1,0,11,13,10
electronic_city,15,6,1,0,10,10,12
hebbal,15,6,1,0,9,10,13
koramangala,16,6,1,0,18,18,14
indiranagar,16,6,1,0,15,16,16
whitefield,16,6,1,0,12,10,11
marathahalli,16,6,1,0,14,17,16
hsr_layout,16,6,1,0,13,10,14
jp_nagar,16,6,1,0,11,11,12
electronic_city,16,6,1,0,10,10,9
hebbal,16,6,1,0,9,7,10
koramangala,17,6,1,0,18,16,18
indiranagar,17,6,1,0,15,12,18
whitefield,17,6,1,0,12,13,9
marathahalli,17,6,1,0,14,17,16
hsr_layout,17,6,1,0,13,15,13
jp_nagar,17,6,1,0,11,10,11
electronic_city,17,6,1,0,10,11,9
hebbal,17,6,1,0,9,9,12
koramangala,18,6,1,0,18,20,16
indiranagar,18,6,1,0,15,13,11
whitefield,18,6,1,0,12,14,17
marathahalli,18,6,1,0,14,15,15
hsr_layout,18,6,1,0,13,14,11
jp_nagar,18,6,1,0,11,13,10
electronic_city,18,6,1,0,10,11,8
hebbal,18,6,1,0,9,11,8
koramangala,19,6,1,0,18,51,36
indiranagar,19,6,1,0,15,31,38
whitefield,19,6,1,0,12,29,31
marathahalli,19,6,1,0,14,32,34
hsr_layout,19,6,1,0,13,37,29
jp_nagar,19,6,1,0,11,26,27
electronic_city,19,6,1,0,10,24,20
hebbal,19,6,1,0,9,19,26
koramangala,20,6,1,0,18,40,40
indiranagar,20,6,1,0,15,36,37
whitefield,20,6,1,0,12,24,31
marathahalli,20,6,1,0,14,39,35
hsr_layout,20,6,1,0,13,26,30
jp_nagar,20,6,1,0,11,22,25
electronic_city,20,6,1,0,10,20,21
hebbal,20,6,1,0,9,25,26
koramangala,21,6,1,0,18,46,47
indiranagar,21,6,1,0,15,38,35
whitefield,21,6,1,0,12,34,23
marathahalli,21,6,1,0,14,37,34
hsr_layout,21,6,1,0,13,37,34
jp_nagar,21,6,1,0,11,30,29
electronic_city,21,6,1,0,10,20,20
hebbal,21,6,1,0,9,20,21
koramangala,22,6,1,0,18,16,18
indiranagar,22,6,1,0,15,17,15
whitefield,22,6,1,0,12,11,8
marathahalli,22,6,1,0,14,16,13
hsr_layout,22,6,1,0,13,11,11
jp_nagar,22,6,1,0,11,13,11
electronic_city,22,6,1,0,10,10,8
hebbal,22,6,1,0,9,8,8
koramangala,23,6,1,0,18,21,19
indiranagar,23,6,1,0,15,17,15
whitefield,23,6,1,0,12,13,11
marathahalli,23,6,1,0,14,15,14
hsr_layout,23,6,1,0,13,15,14
jp_nagar,23,6,1,0,11,10,11
electronic_city,23,6,1,0,10,9,6
hebbal,23,6,1,0,9,8,10
koramangala,0,0,0,1,18,4,2
indiranagar,0,0,0,1,15,3,3
whitefield,0,0,0,1,12,3,3
marathahalli,0,0,0,1,14,3,5
hsr_layout,0,0,0,1,13,3,3
jp_nagar,0,0,0,1,11,3,1
electronic_city,0,0,0,1,10,2,3
hebbal,0,0,0,1,9,2,3
koramangala,1,0,0,1,18,5,3
indiranagar,1,0,0,1,15,4,2
whitefield,1,0,0,1,12,3,0
marathahalli,1,0,0,1,14,4,3
hsr_layout,1,0,0,1,13,3,2
jp_nagar,1,0,0,1,11,3,4
electronic_city,1,0,0,1,10,2,2
hebbal,1,0,0,1,9,2,4
koramangala,2,0,0,1,18,4,2
indiranagar,2,0,0,1,15,3,5
whitefield,2,0,0,1,12,3,2
marathahalli,2,0,0,1,14,4,4
hsr_layout,2,0,0,1,13,4,0
jp_nagar,2,0,0,1,11,3,3
electronic_city,2,0,0,1,10,3,0
hebbal,2,0,0,1,9,2,1
koramangala,3,0,0,1,18,5,5
indiranagar,3,0,0,1,15,3,3
whitefield,3,0,0,1,12,2,1
marathahalli,3,0,0,1,14,4,4
hsr_layout,3,0,0,1,13,3,3
jp_nagar,3,0,0,1,11,2,1
electronic_city,3,0,0,1,10,3,2
hebbal,3,0,0,1,9,2,5
koramangala,4,0,0,1,18,4,5
indiranagar,4,0,0,1,15,3,4
whitefield,4,0,0,1,12,2,3
marathahalli,4,0,0,1,14,3,3
hsr_layout,4,0,0,1,13,3,0
jp_nagar,4,0,0,1,11,3,1
electronic_city,4,0,0,1,10,3,2
hebbal,4,0,0,1,9,2,0
koramangala,5,0,0,1,18,4,3
indiranagar,5,0,0,1,15,4,1
whitefield,5,0,0,1,12,3,2
marathahalli,5,0,0,1,14,4,5
hsr_layout,5,0,0,1,13,3,4
jp_nagar,5,0,0,1,11,2,2
electronic_city,5,0,0,1,10,2,0
hebbal,5,0,0,1,9,3,0
koramangala,6,0,0,1,18,22,17
indiranagar,6,0,0,1,15,19,15
whitefield,6,0,0,1,12,15,11
marathahalli,6,0,0,1,14,16,14
hsr_layout,6,0,0,1,13,16,11
jp_nagar,6,0,0,1,11,14,11
electronic_city,6,0,0,1,10,11,9
hebbal,6,0,0,1,9,11,9
koramangala,7,0,0,1,18,27,34
indiranagar,7,0,0,1,15,21,21
whitefield,7,0,0,1,12,18,19
marathahalli,7,0,0,1,14,25,19
hsr_layout,7,0,0,1,13,22,22
jp_nagar,7,0,0,1,11,19,17
electronic_city,7,0,0,1,10,18,17
hebbal,7,0,0,1,9,14,14
koramangala,8,0,0,1,18,28,31
indiranagar,8,0,0,1,15,23,21
whitefield,8,0,0,1,12,16,20
marathahalli,8,0,0,1,14,19,25
hsr_layout,8,0,0,1,13,22,23
jp_nagar,8,0,0,1,11,20,18
electronic_city,8,0,0,1,10,15,13
hebbal,8,0,0,1,9,16,12
koramangala,9,0,0,1,18,30,26
indiranagar,9,0,0,1,15,23,21
whitefield,9,0,0,1,12,20,14
marathahalli,9,0,0,1,14,24,24
hsr_layout,9,0,0,1,13,20,18
jp_nagar,9,0,0,1,11,18,16
electronic_city,9,0,0,1,10,14,12
hebbal,9,0,0,1,9,14,13
koramangala,10,0,0,1,18,23,22
indiranagar,10,0,0,1,15,18,16
whitefield,10,0,0,1,12,13,13
marathahalli,10,0,0,1,14,12,19
hsr_layout,10,0,0,1,13,13,12
jp_nagar,10,0,0,1,11,13,10
electronic_city,10,0,0,1,10,10,10
hebbal,10,0,0,1,9,11,8
koramangala,11,0,0,1,18,46,40
indiranagar,11,0,0,1,15,37,28
whitefield,11,0,0,1,12,24,25
marathahalli,11,0,0,1,14,34,33
hsr_layout,11,0,0,1,13,23,25
jp_nagar,11,0,0,1,11,28,21
electronic_city,11,0,0,1,10,25,24
hebbal,11,0,0,1,9,22,20
koramangala,12,0,0,1,18,35,38
indiranagar,12,0,0,1,15,36,30
whitefield,12,0,0,1,12,25,26
marathahalli,12,0,0,1,14,32,27
hsr_layout,12,0,0,1,13,23,27
jp_nagar,12,0,0,1,11,26,26
electronic_city,12,0,0,1,10,19,22
hebbal,12,0,0,1,9,18,23
koramangala,13,0,0,1,18,45,37
indiranagar,13,0,0,1,15,38,34
whitefield,13,0,0,1,12,26,25
marathahalli,13,0,0,1,14,34,33
hsr_layout,13,0,0,1,13,27,25
jp_nagar,13,0,0,1,11,21,24
electronic_city,13,0,0,1,10,18,20
hebbal,13,0,0,1,9,23,21
koramangala,14,0,0,1,18,23,22
indiranagar,14,0,0,1,15,16,18
whitefield,14,0,0,1,12,11,15
marathahalli,14,0,0,1,14,18,12
hsr_layout,14,0,0,1,13,14,9
jp_nagar,14,0,0,1,11,11,13
electronic_city,14,0,0,1,10,13,8
hebbal,14,0,0,1,9,11,9
koramangala,15,0,0,1,18,20,22
indiranagar,15,0,0,1,15,16,16
whitefield,15,0,0,1,12,10,14
marathahalli,15,0,0,1,14,15,18
hsr_layout,15,0,0,1,13,14,14
jp_nagar,15,0,0,1,11,10,14
electronic_city,15,0,0,1,10,9,11
hebbal,15,0,0,1,9,11,7
koramangala,16,0,0,1,18,20,17
indiranagar,16,0,0,1,15,18,16
whitefield,16,0,0,1,12,11,12
marathahalli,16,0,0,1,14,16,16
hsr_layout,16,0,0,1,13,16,12
jp_nagar,16,0,0,1,11,12,17
electronic_city,16,0,0,1,10,11,13
hebbal,16,0,0,1,9,9,10
koramangala,17,0,0,1,18,18,11
indiranagar,17,0,0,1,15,17,19
whitefield,17,0,0,1,12,13,13
marathahalli,17,0,0,1,14,14,14
hsr_layout,17,0,0,1,13,17,11
jp_nagar,17,0,0,1,11,13,11
electronic_city,17,0,0,1,10,10,10
hebbal,17,0,0,1,9,10,6
koramangala,18,0,0,1,18,17,16
indiranagar,18,0,0,1,15,19,14
whitefield,18,0,0,1,12,15,12
marathahalli,18,0,0,1,14,17,15
hsr_layout,18,0,0,1,13,16,13
jp_nagar,18,0,0,1,11,13,12
electronic_city,18,0,0,1,10,12,10
hebbal,18,0,0,1,9,11,8
koramangala,19,0,0,1,18,46,53
indiranagar,19,0,0,1,15,44,32
whitefield,19,0,0,1,12,29,32
marathahalli,19,0,0,1,14,40,35
hsr_layout,19,0,0,1,13,28,35
jp_nagar,19,0,0,1,11,29,29
electronic_city,19,0,0,1,10,23,23
hebbal,19,0,0,1,9,23,25
koramangala,20,0,0,1,18,50,42
indiranagar,20,0,0,1,15,45,40
whitefield,20,0,0,1,12,30,28
marathahalli,20,0,0,1,14,30,38
hsr_layout,20,0,0,1,13,36,28
jp_nagar,20,0,0,1,11,30,32
electronic_city,20,0,0,1,10,23,28
hebbal,20,0,0,1,9,23,18
koramangala,21,0,0,1,18,50,39
indiranagar,21,0,0,1,15,45,43
whitefield,21,0,0,1,12,25,36
marathahalli,21,0,0,1,14,42,41
hsr_layout,21,0,0,1,13,37,35
jp_nagar,21,0,0,1,11,31,26
electronic_city,21,0,0,1,10,26,26
hebbal,21,0,0,1,9,27,24
koramangala,22,0,0,1,18,18,18
indiranagar,22,0,0,1,15,15,17
whitefield,22,0,0,1,12,15,11
marathahalli,22,0,0,1,14,15,19
hsr_layout,22,0,0,1,13,12,12
jp_nagar,22,0,0,1,11,11,7
electronic_city,22,0,0,1,10,11,10
hebbal,22,0,0,1,9,10,9
koramangala,23,0,0,1,18,16,26
indiranagar,23,0,0,1,15,18,19
whitefield,23,0,0,1,12,14,11
marathahalli,23,0,0,1,14,16,12
hsr_layout,23,0,0,1,13,14,11
jp_nagar,23,0,0,1,11,13,11
electronic_city,23,0,0,1,10,12,12
hebbal,23,0,0,1,9,10,11
koramangala,0,1,0,0,18,3,4
indiranagar,0,1,0,0,15,3,3
whitefield,0,1,0,0,12,1,1
marathahalli,0,1,0,0,14,2,2
hsr_layout,0,1,0,0,13,2,1
jp_nagar,0,1,0,0,11,2,4
electronic_city,0,1,0,0,10,1,0
hebbal,0,1,0,0,9,1,0
koramangala,1,1,0,0,18,3,0
indiranagar,1,1,0,0,15,3,1
whitefield,1,1,0,0,12,2,3
marathahalli,1,1,0,0,14,3,1
hsr_layout,1,1,0,0,13,2,0
jp_nagar,1,1,0,0,11,1,3
electronic_city,1,1,0,0,10,2,0
hebbal,1,1,0,0,9,2,3
koramangala,2,1,0,0,18,3,2
indiranagar,2,1,0,0,15,2,2
whitefield,2,1,0,0,12,2,0
marathahalli,2,1,0,0,14,3,2
hsr_layout,2,1,0,0,13,2,5
jp_nagar,2,1,0,0,11,2,3
electronic_city,2,1,0,0,10,1,0
hebbal,2,1,0,0,9,2,2
koramangala,3,1,0,0,18,3,3
indiranagar,3,1,0,0,15,2,5
whitefield,3,1,0,0,12,2,3
marathahalli,3,1,0,0,14,2,0
hsr_layout,3,1,0,0,13,2,0
jp_nagar,3,1,0,0,11,2,3
electronic_city,3,1,0,0,10,2,1
hebbal,3,1,0,0,9,1,0
koramangala,4,1,0,0,18,3,2
indiranagar,4,1,0,0,15,2,0
whitefield,4,1,0,0,12,2,1
marathahalli,4,1,0,0,14,2,5
hsr_layout,4,1,0,0,13,3,3
jp_nagar,4,1,0,0,11,2,4
electronic_city,4,1,0,0,10,2,2
hebbal,4,1,0,0,9,1,2
koramangala,5,1,0,0,18,3,5
indiranagar,5,1,0,0,15,3,2
whitefield,5,1,0,0,12,2,1
marathahalli,5,1,0,0,14,2,4
hsr_layout,5,1,0,0,13,2,4
jp_nagar,5,1,0,0,11,1,1
electronic_city,5,1,0,0,10,1,0
hebbal,5,1,0,0,9,1,1
koramangala,6,1,0,0,18,13,16
indiranagar,6,1,0,0,15,14,14
whitefield,6,1,0,0,12,9,6
marathahalli,6,1,0,0,14,9,11
hsr_layout,6,1,0,0,13,11,9
jp_nagar,6,1,0,0,11,10,8
electronic_city,6,1,0,0,10,7,5
hebbal,6,1,0,0,9,5,11
koramangala,7,1,0,0,18,25,20
indiranagar,7,1,0,0,15,15,13
whitefield,7,1,0,0,12,16,17
marathahalli,7,1,0,0,14,14,16
hsr_layout,7,1,0,0,13,17,14
jp_nagar,7,1,0,0,11,11,14
electronic_city,7,1,0,0,10,14,10
hebbal,7,1,0,0,9,11,9
koramangala,8,1,0,0,18,21,14
indiranagar,8,1,0,0,15,19,17
whitefield,8,1,0,0,12,13,16
marathahalli,8,1,0,0,14,15,16
hsr_layout,8,1,0,0,13,15,15
jp_nagar,8,1,0,0,11,13,13
electronic_city,8,1,0,0,10,12,12
hebbal,8,1,0,0,9,10,9
koramangala,9,1,0,0,18,22,21
indiranagar,9,1,0,0,15,18,14
whitefield,9,1,0,0,12,14,14
marathahalli,9,1,0,0,14,17,19
hsr_layout,9,1,0,0,13,12,13
jp_nagar,9,1,0,0,11,14,13
electronic_city,9,1,0,0,10,11,14
hebbal,9,1,0,0,9,11,12
koramangala,10,1,0,0,18,11,12
indiranagar,10,1,0,0,15,10,10
whitefield,10,1,0,0,12,8,10
marathahalli,10,1,0,0,14,12,9
hsr_layout,10,1,0,0,13,11,10
jp_nagar,10,1,0,0,11,9,8
electronic_city,10,1,0,0,10,6,9
hebbal,10,1,0,0,9,8,5
koramangala,11,1,0,0,18,23,29
indiranagar,11,1,0,0,15,27,23
whitefield,11,1,0,0,12,16,15
marathahalli,11,1,0,0,14,22,21
hsr_layout,11,1,0,0,13,19,23
jp_nagar,11,1,0,0,11,17,18
electronic_city,11,1,0,0,10,17,13
hebbal,11,1,0,0,9,12,12
koramangala,12,1,0,0,18,29,31
indiranagar,12,1,0,0,15,20,26
whitefield,12,1,0,0,12,21,22
marathahalli,12,1,0,0,14,20,24
hsr_layout,12,1,0,0,13,21,22
jp_nagar,12,1,0,0,11,17,13
electronic_city,12,1,0,0,10,13,17
hebbal,12,1,0,0,9,13,13
koramangala,13,1,0,0,18,28,31
indiranagar,13,1,0,0,15,27,26
whitefield,13,1,0,0,12,17,18
marathahalli,13,1,0,0,14,20,18
hsr_layout,13,1,0,0,13,23,20
jp_nagar,13,1,0,0,11,16,17
electronic_city,13,1,0,0,10,18,15
hebbal,13,1,0,0,9,16,12
koramangala,14,1,0,0,18,16,14
indiranagar,14,1,0,0,15,13,11
whitefield,14,1,0,0,12,10,9
marathahalli,14,1,0,0,14,9,9
hsr_layout,14,1,0,0,13,8,10
jp_nagar,14,1,0,0,11,10,5
electronic_city,14,1,0,0,10,7,8
hebbal,14,1,0,0,9,7,5
koramangala,15,1,0,0,18,12,12
indiranagar,15,1,0,0,15,11,8
whitefield,15,1,0,0,12,8,10
marathahalli,15,1,0,0,14,10,11
hsr_layout,15,1,0,0,13,11,8
jp_nagar,15,1,0,0,11,7,8
electronic_city,15,1,0,0,10,9,8
hebbal,15,1,0,0,9,6,8
koramangala,16,1,0,0,18,15,13
indiranagar,16,1,0,0,15,10,8
whitefield,16,1,0,0,12,9,12
marathahalli,16,1,0,0,14,13,12
hsr_layout,16,1,0,0,13,9,9
jp_nagar,16,1,0,0,11,7,6
electronic_city,16,1,0,0,10,8,8
hebbal,16,1,0,0,9,8,5
koramangala,17,1,0,0,18,14,18
indiranagar,17,1,0,0,15,12,12
whitefield,17,1,0,0,12,11,6
marathahalli,17,1,0,0,14,12,10
hsr_layout,17,1,0,0,13,9,10
jp_nagar,17,1,0,0,11,10,9
electronic_city,17,1,0,0,10,7,9
hebbal,17,1,0,0,9,8,5
koramangala,18,1,0,0,18,14,13
indiranagar,18,1,0,0,15,9,11
whitefield,18,1,0,0,12,9,9
marathahalli,18,1,0,0,14,9,11
hsr_layout,18,1,0,0,13,9,13
jp_nagar,18,1,0,0,11,10,3
electronic_city,18,1,0,0,10,8,11
hebbal,18,1,0,0,9,7,3
koramangala,19,1,0,0,18,31,36
indiranagar,19,1,0,0,15,24,28
whitefield,19,1,0,0,12,22,22
marathahalli,19,1,0,0,14,27,30
hsr_layout,19,1,0,0,13,23,19
jp_nagar,19,1,0,0,11,18,23
electronic_city,19,1,0,0,10,21,17
hebbal,19,1,0,0,9,18,19
koramangala,20,1,0,0,18,38,33
indiranagar,20,1,0,0,15,24,28
whitefield,20,1,0,0,12,25,23
marathahalli,20,1,0,0,14,22,28
hsr_layout,20,1,0,0,13,26,21
jp_nagar,20,1,0,0,11,18,19
electronic_city,20,1,0,0,10,17,18
hebbal,20,1,0,0,9,17,13
koramangala,21,1,0,0,18,29,33
indiranagar,21,1,0,0,15,26,31
whitefield,21,1,0,0,12,25,25
marathahalli,21,1,0,0,14,25,24
hsr_layout,21,1,0,0,13,28,19
jp_nagar,21,1,0,0,11,24,17
electronic_city,21,1,0,0,10,19,16
hebbal,21,1,0,0,9,15,16
koramangala,22,1,0,0,18,11,13
indiranagar,22,1,0,0,15,10,13
whitefield,22,1,0,0,12,11,10
marathahalli,22,1,0,0,14,12,12
hsr_layout,22,1,0,0,13,10,10
jp_nagar,22,1,0,0,11,10,8
electronic_city,22,1,0,0,10,7,8
hebbal,22,1,0,0,9,8,7
koramangala,23,1,0,0,18,16,11
indiranagar,23,1,0,0,15,10,12
whitefield,23,1,0,0,12,8,8
marathahalli,23,1,0,0,14,10,8
hsr_layout,23,1,0,0,13,8,9
jp_nagar,23,1,0,0,11,9,6
electronic_city,23,1,0,0,10,7,7
hebbal,23,1,0,0,9,6,9
koramangala,0,2,0,0,18,3,1
indiranagar,0,2,0,0,15,2,3
whitefield,0,2,0,0,12,2,0
marathahalli,0,2,0,0,14,3,2
hsr_layout,0,2,0,0,13,2,0
jp_nagar,0,2,0,0,11,2,0
electronic_city,0,2,0,0,10,1,0
hebbal,0,2,0,0,9,2,3
koramangala,1,2,0,0,18,3,5
indiranagar,1,2,0,0,15,2,2
whitefield,1,2,0,0,12,2,0
marathahalli,1,2,0,0,14,3,4
hsr_layout,1,2,0,0,13,2,0
jp_nagar,1,2,0,0,11,1,0
electronic_city,1,2,0,0,10,1,1
hebbal,1,2,0,0,9,2,0
koramangala,2,2,0,0,18,3,4
indiranagar,2,2,0,0,15,2,1
whitefield,2,2,0,0,12,1,2
marathahalli,2,2,0,0,14,2,4
hsr_layout,2,2,0,0,13,2,0
jp_nagar,2,2,0,0,11,2,0
electronic_city,2,2,0,0,10,1,0
hebbal,2,2,0,0,9,2,4
koramangala,3,2,0,0,18,2,2
indiranagar,3,2,0,0,15,2,2
whitefield,3,2,0,0,12,2,2
marathahalli,3,2,0,0,14,3,1
hsr_layout,3,2,0,0,13,2,2
jp_nagar,3,2,0,0,11,2,0
electronic_city,3,2,0,0,10,1,4
hebbal,3,2,0,0,9,2,0
koramangala,4,2,0,0,18,3,2
indiranagar,4,2,0,0,15,3,1
whitefield,4,2,0,0,12,2,4
marathahalli,4,2,0,0,14,3,0
hsr_layout,4,2,0,0,13,2,4
jp_nagar,4,2,0,0,11,1,3
electronic_city,4,2,0,0,10,1,1
hebbal,4,2,0,0,9,1,0
koramangala,5,2,0,0,18,3,4
indiranagar,5,2,0,0,15,3,0
whitefield,5,2,0,0,12,2,3
marathahalli,5,2,0,0,14,2,0
hsr_layout,5,2,0,0,13,3,1
jp_nagar,5,2,0,0,11,2,1
electronic_city,5,2,0,0,10,2,0
hebbal,5,2,0,0,9,1,2
koramangala,6,2,0,0,18,15,16
indiranagar,6,2,0,0,15,14,14
whitefield,6,2,0,0,12,8,6
marathahalli,6,2,0,0,14,12,13
hsr_layout,6,2,0,0,13,9,14
jp_nagar,6,2,0,0,11,7,7
electronic_city,6,2,0,0,10,8,9
hebbal,6,2,0,0,9,6,5
koramangala,7,2,0,0,18,17,21
indiranagar,7,2,0,0,15,18,17
whitefield,7,2,0,0,12,15,14
marathahalli,7,2,0,0,14,16,16
hsr_layout,7,2,0,0,13,17,12
jp_nagar,7,2,0,0,11,13,14
electronic_city,7,2,0,0,10,11,10
hebbal,7,2,0,0,9,11,9
koramangala,8,2,0,0,18,21,20
indiranagar,8,2,0,0,15,19,19
whitefield,8,2,0,0,12,17,14
marathahalli,8,2,0,0,14,17,15
hsr_layout,8,2,0,0,13,16,15
jp_nagar,8,2,0,0,11,12,13
electronic_city,8,2,0,0,10,9,10
hebbal,8,2,0,0,9,10,12
koramangala,9,2,0,0,18,18,19
indiranagar,9,2,0,0,15,15,18
whitefield,9,2,0,0,12,16,11
marathahalli,9,2,0,0,14,14,14
hsr_layout,9,2,0,0,13,14,14
jp_nagar,9,2,0,0,11,11,9
electronic_city,9,2,0,0,10,12,9
hebbal,9,2,0,0,9,8,9
koramangala,10,2,0,0,18,16,16
indiranagar,10,2,0,0,15,10,12
whitefield,10,2,0,0,12,8,8
marathahalli,10,2,0,0,14,9,8
hsr_layout,10,2,0,0,13,8,8
jp_nagar,10,2,0,0,11,10,10
electronic_city,10,2,0,0,10,8,8
hebbal,10,2,0,0,9,5,8
koramangala,11,2,0,0,18,29,32
indiranagar,11,2,0,0,15,24,24
whitefield,11,2,0,0,12,16,21
marathahalli,11,2,0,0,14,18,21
hsr_layout,11,2,0,0,13,18,17
jp_nagar,11,2,0,0,11,20,13
electronic_city,11,2,0,0,10,17,16
hebbal,11,2,0,0,9,16,13
koramangala,12,2,0,0,18,31,33
indiranagar,12,2,0,0,15,24,29
whitefield,12,2,0,0,12,18,21
marathahalli,12,2,0,0,14,25,20
hsr_layout,12,2,0,0,13,21,20
jp_nagar,12,2,0,0,11,17,14
electronic_city,12,2,0,0,10,13,16
hebbal,12,2,0,0,9,12,13
koramangala,13,2,0,0,18,33,31
indiranagar,13,2,0,0,15,27,21
whitefield,13,2,0,0,12,18,20
marathahalli,13,2,0,0,14,18,22
hsr_layout,13,2,0,0,13,20,16
jp_nagar,13,2,0,0,11,18,17
electronic_city,13,2,0,0,10,15,13
hebbal,13,2,0,0,9,13,13
koramangala,14,2,0,0,18,15,13
indiranagar,14,2,0,0,15,10,12
whitefield,14,2,0,0,12,11,9
marathahalli,14,2,0,0,14,12,11
hsr_layout,14,2,0,0,13,9,5
jp_nagar,14,2,0,0,11,10,9
electronic_city,14,2,0,0,10,8,9
hebbal,14,2,0,0,9,7,7
koramangala,15,2,0,0,18,14,14
indiranagar,15,2,0,0,15,13,9
whitefield,15,2,0,0,12,8,7
marathahalli,15,2,0,0,14,11,9
hsr_layout,15,2,0,0,13,10,9
jp_nagar,15,2,0,0,11,9,10
electronic_city,15,2,0,0,10,7,7
hebbal,15,2,0,0,9,6,7
koramangala,16,2,0,0,18,11,12
indiranagar,16,2,0,0,15,14,9
whitefield,16,2,0,0,12,8,5
marathahalli,16,2,0,0,14,12,11
hsr_layout,16,2,0,0,13,9,10
jp_nagar,16,2,0,0,11,8,8
electronic_city,16,2,0,0,10,8,5
hebbal,16,2,0,0,9,8,7
koramangala,17,2,0,0,18,13,15
indiranagar,17,2,0,0,15,11,10
whitefield,17,2,0,0,12,8,11
marathahalli,17,2,0,0,14,9,8
hsr_layout,17,2,0,0,13,8,7
jp_nagar,17,2,0,0,11,8,8
electronic_city,17,2,0,0,10,8,10
hebbal,17,2,0,0,9,8,3
koramangala,18,2,0,0,18,15,14
indiranagar,18,2,0,0,15,10,11
whitefield,18,2,0,0,12,9,7
marathahalli,18,2,0,0,14,9,8
hsr_layout,18,2,0,0,13,11,9
jp_nagar,18,2,0,0,11,7,9
electronic_city,18,2,0,0,10,9,5
hebbal,18,2,0,0,9,7,6
koramangala,19,2,0,0,18,27,29
indiranagar,19,2,0,0,15,29,22
whitefield,19,2,0,0,12,18,23
marathahalli,19,2,0,0,14,21,30
hsr_layout,19,2,0,0,13,26,22
jp_nagar,19,2,0,0,11,17,23
electronic_city,19,2,0,0,10,18,17
hebbal,19,2,0,0,9,14,21
koramangala,20,2,0,0,18,30,32
indiranagar,20,2,0,0,15,23,28
whitefield,20,2,0,0,12,19,19
marathahalli,20,2,0,0,14,24,22
hsr_layout,20,2,0,0,13,22,22
jp_nagar,20,2,0,0,11,22,21
electronic_city,20,2,0,0,10,17,19
hebbal,20,2,0,0,9,15,16
koramangala,21,2,0,0,18,33,29
indiranagar,21,2,0,0,15,33,26
whitefield,21,2,0,0,12,23,21
marathahalli,21,2,0,0,14,22,24
hsr_layout,21,2,0,0,13,21,23
jp_nagar,21,2,0,0,11,20,24
electronic_city,21,2,0,0,10,20,19
hebbal,21,2,0,0,9,16,17
koramangala,22,2,0,0,18,15,16
indiranagar,22,2,0,0,15,10,12
whitefield,22,2,0,0,12,9,7
marathahalli,22,2,0,0,14,12,11
hsr_layout,22,2,0,0,13,11,11
jp_nagar,22,2,0,0,11,9,5
electronic_city,22,2,0,0,10,7,5
hebbal,22,2,0,0,9,7,6
koramangala,23,2,0,0,18,12,14
indiranagar,23,2,0,0,15,11,13
whitefield,23,2,0,0,12,9,7
marathahalli,23,2,0,0,14,10,10
hsr_layout,23,2,0,0,13,11,12
jp_nagar,23,2,0,0,11,8,7
electronic_city,23,2,0,0,10,9,7
hebbal,23,2,0,0,9,7,7
koramangala,0,3,0,1,18,5,6
indiranagar,0,3,0,1,15,3,1
whitefield,0,3,0,1,12,3,4
marathahalli,0,3,0,1,14,3,4
hsr_layout,0,3,0,1,13,3,3
jp_nagar,0,3,0,1,11,3,0
electronic_city,0,3,0,1,10,2,0
hebbal,0,3,0,1,9,2,1
koramangala,1,3,0,1,18,4,5
indiranagar,1,3,0,1,15,3,2
whitefield,1,3,0,1,12,2,1
marathahalli,1,3,0,1,14,3,4
hsr_layout,1,3,0,1,13,3,3
jp_nagar,1,3,0,1,11,2,1
electronic_city,1,3,0,1,10,2,3
hebbal,1,3,0,1,9,2,0
koramangala,2,3,0,1,18,5,4
indiranagar,2,3,0,1,15,3,5
whitefield,2,3,0,1,12,3,3
marathahalli,2,3,0,1,14,4,4
hsr_layout,2,3,0,1,13,3,6
jp_nagar,2,3,0,1,11,3,0
electronic_city,2,3,0,1,10,2,4
hebbal,2,3,0,1,9,2,4
koramangala,3,3,0,1,18,4,3
indiranagar,3,3,0,1,15,4,4
whitefield,3,3,0,1,12,3,1
marathahalli,3,3,0,1,14,3,1
hsr_layout,3,3,0,1,13,3,3
jp_nagar,3,3,0,1,11,2,4
electronic_city,3,3,0,1,10,3,4
hebbal,3,3,0,1,9,2,4
koramangala,4,3,0,1,18,4,3
indiranagar,4,3,0,1,15,4,4
whitefield,4,3,0,1,12,3,2
marathahalli,4,3,0,1,14,4,5
hsr_layout,4,3,0,1,13,3,3
jp_nagar,4,3,0,1,11,3,3
electronic_city,4,3,0,1,10,2,2
hebbal,4,3,0,1,9,2,0
koramangala,5,3,0,1,18,4,2
indiranagar,5,3,0,1,15,4,4
whitefield,5,3,0,1,12,3,0
marathahalli,5,3,0,1,14,3,4
hsr_layout,5,3,0,1,13,3,5
jp_nagar,5,3,0,1,11,3,2
electronic_city,5,3,0,1,10,3,1
hebbal,5,3,0,1,9,2,4
koramangala,6,3,0,1,18,19,21
indiranagar,6,3,0,1,15,15,16
whitefield,6,3,0,1,12,15,13
marathahalli,6,3,0,1,14,18,16
hsr_layout,6,3,0,1,13,14,16
jp_nagar,6,3,0,1,11,10,10
electronic_city,6,3,0,1,10,10,8
hebbal,6,3,0,1,9,9,10
koramangala,7,3,0,1,18,30,36
indiranagar,7,3,0,1,15,25,25
whitefield,7,3,0,1,12,23,21
marathahalli,7,3,0,1,14,21,18
hsr_layout,7,3,0,1,13,20,25
jp_nagar,7,3,0,1,11,19,16
electronic_city,7,3,0,1,10,19,14
hebbal,7,3,0,1,9,14,16
koramangala,8,3,0,1,18,26,35
indiranagar,8,3,0,1,15,22,24
whitefield,8,3,0,1,12,24,17
marathahalli,8,3,0,1,14,22,25
hsr_layout,8,3,0,1,13,26,22
jp_nagar,8,3,0,1,11,17,18
electronic_city,8,3,0,1,10,15,18
hebbal,8,3,0,1,9,17,14
koramangala,9,3,0,1,18,31,25
indiranagar,9,3,0,1,15,29,27
whitefield,9,3,0,1,12,22,19
marathahalli,9,3,0,1,14,21,22
hsr_layout,9,3,0,1,13,23,18
jp_nagar,9,3,0,1,11,18,16
electronic_city,9,3,0,1,10,18,15
hebbal,9,3,0,1,9,17,13
koramangala,10,3,0,1,18,16,19
indiranagar,10,3,0,1,15,18,14
whitefield,10,3,0,1,12,15,14
marathahalli,10,3,0,1,14,18,13
hsr_layout,10,3,0,1,13,12,12
jp_nagar,10,3,0,1,11,12,9
electronic_city,10,3,0,1,10,13,14
hebbal,10,3,0,1,9,8,10
koramangala,11,3,0,1,18,47,37
indiranagar,11,3,0,1,15,38,31
whitefield,11,3,0,1,12,31,28
marathahalli,11,3,0,1,14,28,33
hsr_layout,11,3,0,1,13,30,30
jp_nagar,11,3,0,1,11,20,21
electronic_city,11,3,0,1,10,23,17
hebbal,11,3,0,1,9,21,21
koramangala,12,3,0,1,18,32,40
indiranagar,12,3,0,1,15,37,36
whitefield,12,3,0,1,12,30,26
marathahalli,12,3,0,1,14,30,27
hsr_layout,12,3,0,1,13,30,26
jp_nagar,12,3,0,1,11,22,24
electronic_city,12,3,0,1,10,22,19
hebbal,12,3,0,1,9,23,22
koramangala,13,3,0,1,18,33,46
indiranagar,13,3,0,1,15,36,34
whitefield,13,3,0,1,12,30,29
marathahalli,13,3,0,1,14,25,34
hsr_layout,13,3,0,1,13,27,27
jp_nagar,13,3,0,1,11,26,20
electronic_city,13,3,0,1,10,18,21
hebbal,13,3,0,1,9,23,18
koramangala,14,3,0,1,18,17,19
indiranagar,14,3,0,1,15,15,16
whitefield,14,3,0,1,12,15,10
marathahalli,14,3,0,1,14,12,15
hsr_layout,14,3,0,1,13,17,14
jp_nagar,14,3,0,1,11,10,13
electronic_city,14,3,0,1,10,12,11
hebbal,14,3,0,1,9,10,10
koramangala,15,3,0,1,18,24,23
indiranagar,15,3,0,1,15,14,13
whitefield,15,3,0,1,12,14,10
marathahalli,15,3,0,1,14,13,16
hsr_layout,15,3,0,1,13,12,14
jp_nagar,15,3,0,1,11,12,10
electronic_city,15,3,0,1,10,12,13
hebbal,15,3,0,1,9,11,9
koramangala,16,3,0,1,18,21,22
indiranagar,16,3,0,1,15,15,19
whitefield,16,3,0,1,12,14,11
marathahalli,16,3,0,1,14,14,16
hsr_layout,16,3,0,1,13,15,13
jp_nagar,16,3,0,1,11,12,13
electronic_city,16,3,0,1,10,9,13
hebbal,16,3,0,1,9,10,5
koramangala,17,3,0,1,18,19,19
indiranagar,17,3,0,1,15,18,19
whitefield,17,3,0,1,12,15,15
marathahalli,17,3,0,1,14,13,13
hsr_layout,17,3,0,1,13,14,12
jp_nagar,17,3,0,1,11,14,13
electronic_city,17,3,0,1,10,9,10
hebbal,17,3,0,1,9,11,6
koramangala,18,3,0,1,18,17,18
indiranagar,18,3,0,1,15,18,14
whitefield,18,3,0,1,12,13,12
marathahalli,18,3,0,1,14,17,14
hsr_layout,18,3,0,1,13,12,15
jp_nagar,18,3,0,1,11,10,8
electronic_city,18,3,0,1,10,11,8
hebbal,18,3,0,1,9,12,8
koramangala,19,3,0,1,18,56,50
indiranagar,19,3,0,1,15,42,35
whitefield,19,3,0,1,12,26,33
marathahalli,19,3,0,1,14,39,38
hsr_layout,19,3,0,1,13,33,35
jp_nagar,19,3,0,1,11,26,33
electronic_city,19,3,0,1,10,29,27
hebbal,19,3,0,1,9,22,26
koramangala,20,3,0,1,18,40,41
indiranagar,20,3,0,1,15,47,34
whitefield,20,3,0,1,12,34,28
marathahalli,20,3,0,1,14,43,41
hsr_layout,20,3,0,1,13,34,35
jp_nagar,20,3,0,1,11,32,23
electronic_city,20,3,0,1,10,31,23
hebbal,20,3,0,1,9,28,25
koramangala,21,3,0,1,18,49,51
indiranagar,21,3,0,1,15,42,43
whitefield,21,3,0,1,12,36,28
marathahalli,21,3,0,1,14,44,36
hsr_layout,21,3,0,1,13,32,37
jp_nagar,21,3,0,1,11,30,34
electronic_city,21,3,0,1,10,23,27
hebbal,21,3,0,1,9,27,22
koramangala,22,3,0,1,18,23,20
indiranagar,22,3,0,1,15,16,18
whitefield,22,3,0,1,12,11,14
marathahalli,22,3,0,1,14,15,14
hsr_layout,22,3,0,1,13,15,14
jp_nagar,22,3,0,1,11,10,13
electronic_city,22,3,0,1,10,11,10
hebbal,22,3,0,1,9,11,10
koramangala,23,3,0,1,18,22,22
indiranagar,23,3,0,1,15,15,11
whitefield,23,3,0,1,12,14,10
marathahalli,23,3,0,1,14,14,15
hsr_layout,23,3,0,1,13,11,15
jp_nagar,23,3,0,1,11,13,9
electronic_city,23,3,0,1,10,12,10
hebbal,23,3,0,1,9,9,7
koramangala,0,4,0,0,18,4,2
indiranagar,0,4,0,0,15,2,4
whitefield,0,4,0,0,12,2,3
marathahalli,0,4,0,0,14,2,1
hsr_layout,0,4,0,0,13,2,1
jp_nagar,0,4,0,0,11,1,0
electronic_city,0,4,0,0,10,2,3
hebbal,0,4,0,0,9,1,1
koramangala,1,4,0,0,18,4,1
indiranagar,1,4,0,0,15,3,4
whitefield,1,4,0,0,12,2,1
marathahalli,1,4,0,0,14,2,1
hsr_layout,1,4,0,0,13,2,2
jp_nagar,1,4,0,0,11,1,0
electronic_city,1,4,0,0,10,1,0
hebbal,1,4,0,0,9,1,1
koramangala,2,4,0,0,18,3,2
indiranagar,2,4,0,0,15,2,4
whitefield,2,4,0,0,12,2,4
marathahalli,2,4,0,0,14,3,0
hsr_layout,2,4,0,0,13,2,0
jp_nagar,2,4,0,0,11,2,0
electronic_city,2,4,0,0,10,2,1
hebbal,2,4,0,0,9,1,0
koramangala,3,4,0,0,18,3,3
indiranagar,3,4,0,0,15,2,2
whitefield,3,4,0,0,12,2,0
marathahalli,3,4,0,0,14,2,0
hsr_layout,3,4,0,0,13,2,2
jp_nagar,3,4,0,0,11,2,1
electronic_city,3,4,0,0,10,2,1
hebbal,3,4,0,0,9,2,0
koramangala,4,4,0,0,18,3,3
indiranagar,4,4,0,0,15,2,4
whitefield,4,4,0,0,12,2,2
marathahalli,4,4,0,0,14,3,1
hsr_layout,4,4,0,0,13,2,2
jp_nagar,4,4,0,0,11,1,0
electronic_city,4,4,0,0,10,2,2
hebbal,4,4,0,0,9,1,2
koramangala,5,4,0,0,18,3,0
indiranagar,5,4,0,0,15,3,1
whitefield,5,4,0,0,12,2,2
marathahalli,5,4,0,0,14,2,1
hsr_layout,5,4,0,0,13,2,1
jp_nagar,5,4,0,0,11,2,0
electronic_city,5,4,0,0,10,2,2
hebbal,5,4,0,0,9,1,1
koramangala,6,4,0,0,18,14,11
indiranagar,6,4,0,0,15,9,10
whitefield,6,4,0,0,12,9,10
marathahalli,6,4,0,0,14,10,10
hsr_layout,6,4,0,0,13,10,12
jp_nagar,6,4,0,0,11,9,9
electronic_city,6,4,0,0,10,9,8
hebbal,6,4,0,0,9,6,6
koramangala,7,4,0,0,18,20,19
indiranagar,7,4,0,0,15,19,14
whitefield,7,4,0,0,12,16,11
marathahalli,7,4,0,0,14,16,16
hsr_layout,7,4,0,0,13,16,13
jp_nagar,7,4,0,0,11,10,12
electronic_city,7,4,0,0,10,14,10
hebbal,7,4,0,0,9,11,15
koramangala,8,4,0,0,18,21,19
indiranagar,8,4,0,0,15,18,18
whitefield,8,4,0,0,12,12,13
marathahalli,8,4,0,0,14,14,15
hsr_layout,8,4,0,0,13,16,15
jp_nagar,8,4,0,0,11,14,11
electronic_city,8,4,0,0,10,11,8
hebbal,8,4,0,0,9,9,10
koramangala,9,4,0,0,18,19,19
indiranagar,9,4,0,0,15,21,17
whitefield,9,4,0,0,12,15,17
marathahalli,9,4,0,0,14,17,14
hsr_layout,9,4,0,0,13,16,14
jp_nagar,9,4,0,0,11,12,15
electronic_city,9,4,0,0,10,11,9
hebbal,9,4,0,0,9,9,8
koramangala,10,4,0,0,18,13,15
indiranagar,10,4,0,0,15,14,12
whitefield,10,4,0,0,12,8,7
marathahalli,10,4,0,0,14,9,12
hsr_layout,10,4,0,0,13,10,12
jp_nagar,10,4,0,0,11,10,8
electronic_city,10,4,0,0,10,8,4
hebbal,10,4,0,0,9,7,8
koramangala,11,4,0,0,18,26,30
indiranagar,11,4,0,0,15,21,26
whitefield,11,4,0,0,12,22,15
marathahalli,11,4,0,0,14,22,22
hsr_layout,11,4,0,0,13,22,19
jp_nagar,11,4,0,0,11,15,15
electronic_city,11,4,0,0,10,14,12
hebbal,11,4,0,0,9,15,13
koramangala,12,4,0,0,18,33,31
indiranagar,12,4,0,0,15,25,24
whitefield,12,4,0,0,12,21,18
marathahalli,12,4,0,0,14,25,20
hsr_layout,12,4,0,0,13,18,18
jp_nagar,12,4,0,0,11,14,17
electronic_city,12,4,0,0,10,16,14
hebbal,12,4,0,0,9,15,11
koramangala,13,4,0,0,18,28,22
indiranagar,13,4,0,0,15,22,29
whitefield,13,4,0,0,12,19,17
marathahalli,13,4,0,0,14,23,23
hsr_layout,13,4,0,0,13,19,22
jp_nagar,13,4,0,0,11,18,21
electronic_city,13,4,0,0,10,13,13
hebbal,13,4,0,0,9,11,13
koramangala,14,4,0,0,18,14,11
indiranagar,14,4,0,0,15,14,9
whitefield,14,4,0,0,12,10,8
marathahalli,14,4,0,0,14,12,9
hsr_layout,14,4,0,0,13,11,9
jp_nagar,14,4,0,0,11,7,7
electronic_city,14,4,0,0,10,8,7
hebbal,14,4,0,0,9,8,5
koramangala,15,4,0,0,18,14,12
indiranagar,15,4,0,0,15,10,11
whitefield,15,4,0,0,12,10,9
marathahalli,15,4,0,0,14,13,12
hsr_layout,15,4,0,0,13,10,9
jp_nagar,15,4,0,0,11,10,8
electronic_city,15,4,0,0,10,9,8
hebbal,15,4,0,0,9,6,5
koramangala,16,4,0,0,18,13,13
indiranagar,16,4,0,0,15,11,9
whitefield,16,4,0,0,12,8,9
marathahalli,16,4,0,0,14,10,11
hsr_layout,16,4,0,0,13,9,10
jp_nagar,16,4,0,0,11,9,4
electronic_city,16,4,0,0,10,8,6
hebbal,16,4,0,0,9,8,6
koramangala,17,4,0,0,18,14,13
indiranagar,17,4,0,0,15,11,14
whitefield,17,4,0,0,12,7,7
marathahalli,17,4,0,0,14,10,13
hsr_layout,17,4,0,0,13,10,10
jp_nagar,17,4,0,0,11,9,9
electronic_city,17,4,0,0,10,9,9
hebbal,17,4,0,0,9,5,5
koramangala,18,4,0,0,18,17,15
indiranagar,18,4,0,0,15,13,12
whitefield,18,4,0,0,12,9,8
marathahalli,18,4,0,0,14,12,11
hsr_layout,18,4,0,0,13,8,10
jp_nagar,18,4,0,0,11,7,11
electronic_city,18,4,0,0,10,7,7
hebbal,18,4,0,0,9,5,7
koramangala,19,4,0,0,18,40,31
indiranagar,19,4,0,0,15,32,26
whitefield,19,4,0,0,12,20,22
marathahalli,19,4,0,0,14,30,29
hsr_layout,19,4,0,0,13,21,29
jp_nagar,19,4,0,0,11,21,18
electronic_city,19,4,0,0,10,18,19
hebbal,19,4,0,0,9,18,19
koramangala,20,4,0,0,18,37,35
indiranagar,20,4,0,0,15,25,22
whitefield,20,4,0,0,12,27,22
marathahalli,20,4,0,0,14,23,23
hsr_layout,20,4,0,0,13,21,24
jp_nagar,20,4,0,0,11,25,21
electronic_city,20,4,0,0,10,21,15
hebbal,20,4,0,0,9,15,16
koramangala,21,4,0,0,18,33,30
indiranagar,21,4,0,0,15,30,30
whitefield,21,4,0,0,12,22,22
marathahalli,21,4,0,0,14,31,19
hsr_layout,21,4,0,0,13,28,21
jp_nagar,21,4,0,0,11,20,19
electronic_city,21,4,0,0,10,20,16
hebbal,21,4,0,0,9,19,15
koramangala,22,4,0,0,18,13,13
indiranagar,22,4,0,0,15,9,14
whitefield,22,4,0,0,12,8,8
marathahalli,22,4,0,0,14,11,10
hsr_layout,22,4,0,0,13,11,5
jp_nagar,22,4,0,0,11,7,8
electronic_city,22,4,0,0,10,9,7
hebbal,22,4,0,0,9,5,5
koramangala,23,4,0,0,18,14,13
indiranagar,23,4,0,0,15,13,11
whitefield,23,4,0,0,12,10,9
marathahalli,23,4,0,0,14,9,11
hsr_layout,23,4,0,0,13,8,9
jp_nagar,23,4,0,0,11,9,10
electronic_city,23,4,0,0,10,9,4
hebbal,23,4,0,0,9,8,8
koramangala,0,5,1,0,18,4,5
indiranagar,0,5,1,0,15,3,5
whitefield,0,5,1,0,12,2,2
marathahalli,0,5,1,0,14,3,4
hsr_layout,0,5,1,0,13,3,3
jp_nagar,0,5,1,0,11,2,1
electronic_city,0,5,1,0,10,2,1
hebbal,0,5,1,0,9,2,1
koramangala,1,5,1,0,18,4,4
indiranagar,1,5,1,0,15,3,2
whitefield,1,5,1,0,12,2,2
marathahalli,1,5,1,0,14,3,3
hsr_layout,1,5,1,0,13,3,2
jp_nagar,1,5,1,0,11,2,4
electronic_city,1,5,1,0,10,2,3
hebbal,1,5,1,0,9,2,1
koramangala,2,5,1,0,18,5,4
indiranagar,2,5,1,0,15,3,3
whitefield,2,5,1,0,12,3,3
marathahalli,2,5,1,0,14,3,0
hsr_layout,2,5,1,0,13,3,2
jp_nagar,2,5,1,0,11,2,0
electronic_city,2,5,1,0,10,2,3
hebbal,2,5,1,0,9,1,1
koramangala,3,5,1,0,18,5,3
indiranagar,3,5,1,0,15,4,5
whitefield,3,5,1,0,12,3,3
marathahalli,3,5,1,0,14,3,1
hsr_layout,3,5,1,0,13,3,2
jp_nagar,3,5,1,0,11,2,2
electronic_city,3,5,1,0,10,2,0
hebbal,3,5,1,0,9,2,0
koramangala,4,5,1,0,18,5,3
indiranagar,4,5,1,0,15,3,3
whitefield,4,5,1,0,12,3,0
marathahalli,4,5,1,0,14,3,4
hsr_layout,4,5,1,0,13,3,2
jp_nagar,4,5,1,0,11,2,2
electronic_city,4,5,1,0,10,2,2
hebbal,4,5,1,0,9,2,0
koramangala,5,5,1,0,18,4,4
indiranagar,5,5,1,0,15,3,2
whitefield,5,5,1,0,12,3,0
marathahalli,5,5,1,0,14,3,3
hsr_layout,5,5,1,0,13,3,5
jp_nagar,5,5,1,0,11,2,4
electronic_city,5,5,1,0,10,2,3
hebbal,5,5,1,0,9,2,1
koramangala,6,5,1,0,18,14,15
indiranagar,6,5,1,0,15,13,19
whitefield,6,5,1,0,12,11,15
marathahalli,6,5,1,0,14,16,14
hsr_layout,6,5,1,0,13,13,12
jp_nagar,6,5,1,0,11,11,9
electronic_city,6,5,1,0,10,9,7
hebbal,6,5,1,0,9,7,5
koramangala,7,5,1,0,18,32,28
indiranagar,7,5,1,0,15,22,25
whitefield,7,5,1,0,12,17,18
marathahalli,7,5,1,0,14,25,19
hsr_layout,7,5,1,0,13,21,22
jp_nagar,7,5,1,0,11,18,18
electronic_city,7,5,1,0,10,14,19
hebbal,7,5,1,0,9,12,17
koramangala,8,5,1,0,18,29,25
indiranagar,8,5,1,0,15,20,20
whitefield,8,5,1,0,12,21,19
marathahalli,8,5,1,0,14,24,18
hsr_layout,8,5,1,0,13,19,16
jp_nagar,8,5,1,0,11,16,20
electronic_city,8,5,1,0,10,14,14
hebbal,8,5,1,0,9,15,12
koramangala,9,5,1,0,18,29,26
indiranagar,9,5,1,0,15,27,18
whitefield,9,5,1,0,12,17,16
marathahalli,9,5,1,0,14,25,23
hsr_layout,9,5,1,0,13,22,17
jp_nagar,9,5,1,0,11,14,17
electronic_city,9,5,1,0,10,17,17
hebbal,9,5,1,0,9,13,15
koramangala,10,5,1,0,18,18,17
indiranagar,10,5,1,0,15,13,14
whitefield,10,5,1,0,12,14,14
marathahalli,10,5,1,0,14,15,16
hsr_layout,10,5,1,0,13,11,15
jp_nagar,10,5,1,0,11,10,10
electronic_city,10,5,1,0,10,10,12
hebbal,10,5,1,0,9,9,8
koramangala,11,5,1,0,18,33,34
indiranagar,11,5,1,0,15,33,32
whitefield,11,5,1,0,12,20,23
marathahalli,11,5,1,0,14,29,33
hsr_layout,11,5,1,0,13,29,26
jp_nagar,11,5,1,0,11,25,21
electronic_city,11,5,1,0,10,23,17
hebbal,11,5,1,0,9,21,22
koramangala,12,5,1,0,18,35,31
indiranagar,12,5,1,0,15,33,31
whitefield,12,5,1,0,12,27,26
marathahalli,12,5,1,0,14,33,29
hsr_layout,12,5,1,0,13,27,31
jp_nagar,12,5,1,0,11,21,19
electronic_city,12,5,1,0,10,22,18
hebbal,12,5,1,0,9,17,17
koramangala,13,5,1,0,18,30,35
indiranagar,13,5,1,0,15,28,28
whitefield,13,5,1,0,12,28,22
marathahalli,13,5,1,0,14,32,29
hsr_layout,13,5,1,0,13,31,30
jp_nagar,13,5,1,0,11,22,23
electronic_city,13,5,1,0,10,20,19
hebbal,13,5,1,0,9,18,19
koramangala,14,5,1,0,18,22,18
indiranagar,14,5,1,0,15,14,18
whitefield,14,5,1,0,12,13,12
marathahalli,14,5,1,0,14,12,15
hsr_layout,14,5,1,0,13,11,11
jp_nagar,14,5,1,0,11,9,10
electronic_city,14,5,1,0,10,11,10
hebbal,14,5,1,0,9,8,7
koramangala,15,5,1,0,18,16,16
indiranagar,15,5,1,0,15,12,11
whitefield,15,5,1,0,12,13,11
marathahalli,15,5,1,0,14,16,11
hsr_layout,15,5,1,0,13,14,14
jp_nagar,15,5,1,0,11,13,11
electronic_city,15,5,1,0,10,11,11
hebbal,15,5,1,0,9,7,10
koramangala,16,5,1,0,18,18,21
indiranagar,16,5,1,0,15,15,16
whitefield,16,5,1,0,12,14,10
marathahalli,16,5,1,0,14,15,11
hsr_layout,16,5,1,0,13,11,14
jp_nagar,16,5,1,0,11,9,11
electronic_city,16,5,1,0,10,8,13
hebbal,16,5,1,0,9,9,9
koramangala,17,5,1,0,18,20,15
indiranagar,17,5,1,0,15,12,12
whitefield,17,5,1,0,12,14,14
marathahalli,17,5,1,0,14,14,14
hsr_layout,17,5,1,0,13,12,16
jp_nagar,17,5,1,0,11,9,10
electronic_city,17,5,1,0,10,9,7
hebbal,17,5,1,0,9,8,7
koramangala,18,5,1,0,18,16,19
indiranagar,18,5,1,0,15,18,15
whitefield,18,5,1,0,12,10,10
marathahalli,18,5,1,0,14,16,13
hsr_layout,18,5,1,0,13,15,14
jp_nagar,18,5,1,0,11,9,9
electronic_city,18,5,1,0,10,10,11
hebbal,18,5,1,0,9,10,9
koramangala,19,5,1,0,18,52,50
indiranagar,19,5,1,0,15,32,36
whitefield,19,5,1,0,12,34,31
marathahalli,19,5,1,0,14,34,37
hsr_layout,19,5,1,0,13,34,34
jp_nagar,19,5,1,0,11,23,28
electronic_city,19,5,1,0,10,23,25
hebbal,19,5,1,0,9,22,23
koramangala,20,5,1,0,18,51,49
indiranagar,20,5,1,0,15,43,38
whitefield,20,5,1,0,12,32,23
marathahalli,20,5,1,0,14,33,31
hsr_layout,20,5,1,0,13,32,35
jp_nagar,20,5,1,0,11,22,33
electronic_city,20,5,1,0,10,21,23
hebbal,20,5,1,0,9,24,17
koramangala,21,5,1,0,18,39,45
indiranagar,21,5,1,0,15,31,37
whitefield,21,5,1,0,12,29,31
marathahalli,21,5,1,0,14,32,28
hsr_layout,21,5,1,0,13,35,36
jp_nagar,21,5,1,0,11,22,28
electronic_city,21,5,1,0,10,26,22
hebbal,21,5,1,0,9,26,18
koramangala,22,5,1,0,18,22,20
indiranagar,22,5,1,0,15,14,15
whitefield,22,5,1,0,12,12,11
marathahalli,22,5,1,0,14,13,13
hsr_layout,22,5,1,0,13,10,13
jp_nagar,22,5,1,0,11,11,7
electronic_city,22,5,1,0,10,11,10
hebbal,22,5,1,0,9,10,6
koramangala,23,5,1,0,18,18,18
indiranagar,23,5,1,0,15,15,16
whitefield,23,5,1,0,12,12,8
marathahalli,23,5,1,0,14,17,12
hsr_layout,23,5,1,0,13,15,15
jp_nagar,23,5,1,0,11,11,10
electronic_city,23,5,1,0,10,11,8
hebbal,23,5,1,0,9,10,11
koramangala,0,6,1,0,18,4,5
indiranagar,0,6,1,0,15,3,4
whitefield,0,6,1,0,12,2,1
marathahalli,0,6,1,0,14,3,3
hsr_layout,0,6,1,0,13,3,2
jp_nagar,0,6,1,0,11,2,1
electronic_city,0,6,1,0,10,2,3
hebbal,0,6,1,0,9,2,0
koramangala,1,6,1,0,18,4,1
indiranagar,1,6,1,0,15,4,4
whitefield,1,6,1,0,12,2,2
marathahalli,1,6,1,0,14,3,2
hsr_layout,1,6,1,0,13,3,0
jp_nagar,1,6,1,0,11,2,2
electronic_city,1,6,1,0,10,2,1
hebbal,1,6,1,0,9,2,2
koramangala,2,6,1,0,18,3,4
indiranagar,2,6,1,0,15,4,2
whitefield,2,6,1,0,12,3,4
marathahalli,2,6,1,0,14,3,1
hsr_layout,2,6,1,0,13,3,3
jp_nagar,2,6,1,0,11,2,0
electronic_city,2,6,1,0,10,2,0
hebbal,2,6,1,0,9,1,0
koramangala,3,6,1,0,18,5,6
indiranagar,3,6,1,0,15,4,2
whitefield,3,6,1,0,12,3,1
marathahalli,3,6,1,0,14,3,2
hsr_layout,3,6,1,0,13,3,2
jp_nagar,3,6,1,0,11,2,1
electronic_city,3,6,1,0,10,2,2
hebbal,3,6,1,0,9,2,0
koramangala,4,6,1,0,18,4,5
indiranagar,4,6,1,0,15,4,0
whitefield,4,6,1,0,12,3,1
marathahalli,4,6,1,0,14,4,5
hsr_layout,4,6,1,0,13,2,2
jp_nagar,4,6,1,0,11,3,0
electronic_city,4,6,1,0,10,2,2
hebbal,4,6,1,0,9,2,1
koramangala,5,6,1,0,18,4,2
indiranagar,5,6,1,0,15,4,1
whitefield,5,6,1,0,12,3,6
marathahalli,5,6,1,0,14,3,2
hsr_layout,5,6,1,0,13,2,0
jp_nagar,5,6,1,0,11,2,4
electronic_city,5,6,1,0,10,2,2
hebbal,5,6,1,0,9,2,0
koramangala,6,6,1,0,18,19,15
indiranagar,6,6,1,0,15,16,16
whitefield,6,6,1,0,12,14,12
marathahalli,6,6,1,0,14,12,10
hsr_layout,6,6,1,0,13,16,14
jp_nagar,6,6,1,0,11,9,12
electronic_city,6,6,1,0,10,11,13
hebbal,6,6,1,0,9,7,9
koramangala,7,6,1,0,18,30,27
indiranagar,7,6,1,0,15,25,23
whitefield,7,6,1,0,12,19,19
marathahalli,7,6,1,0,14,22,19
hsr_layout,7,6,1,0,13,16,22
jp_nagar,7,6,1,0,11,16,16
electronic_city,7,6,1,0,10,15,15
hebbal,7,6,1,0,9,12,12
koramangala,8,6,1,0,18,28,31
indiranagar,8,6,1,0,15,27,22
whitefield,8,6,1,0,12,19,16
marathahalli,8,6,1,0,14,21,24
hsr_layout,8,6,1,0,13,16,17
jp_nagar,8,6,1,0,11,16,12
electronic_city,8,6,1,0,10,16,13
hebbal,8,6,1,0,9,11,15
koramangala,9,6,1,0,18,27,31
indiranagar,9,6,1,0,15,19,22
whitefield,9,6,1,0,12,21,15
marathahalli,9,6,1,0,14,25,19
hsr_layout,9,6,1,0,13,21,14
jp_nagar,9,6,1,0,11,17,18
electronic_city,9,6,1,0,10,18,17
hebbal,9,6,1,0,9,16,13
koramangala,10,6,1,0,18,17,15
indiranagar,10,6,1,0,15,12,11
whitefield,10,6,1,0,12,13,11
marathahalli,10,6,1,0,14,16,13
hsr_layout,10,6,1,0,13,13,13
jp_nagar,10,6,1,0,11,10,12
electronic_city,10,6,1,0,10,9,11
hebbal,10,6,1,0,9,8,6
koramangala,11,6,1,0,18,34,35
indiranagar,11,6,1,0,15,32,33
whitefield,11,6,1,0,12,24,22
marathahalli,11,6,1,0,14,29,28
hsr_layout,11,6,1,0,13,25,27
jp_nagar,11,6,1,0,11,24,22
electronic_city,11,6,1,0,10,21,23
hebbal,11,6,1,0,9,17,14
koramangala,12,6,1,0,18,42,35
indiranagar,12,6,1,0,15,27,25
whitefield,12,6,1,0,12,28,27
marathahalli,12,6,1,0,14,26,28
hsr_layout,12,6,1,0,13,23,23
jp_nagar,12,6,1,0,11,25,23
electronic_city,12,6,1,0,10,17,21
hebbal,12,6,1,0,9,17,17
koramangala,13,6,1,0,18,44,41
indiranagar,13,6,1,0,15,25,32
whitefield,13,6,1,0,12,24,28
marathahalli,13,6,1,0,14,30,27
hsr_layout,13,6,1,0,13,26,21
jp_nagar,13,6,1,0,11,25,23
electronic_city,13,6,1,0,10,21,17
hebbal,13,6,1,0,9,17,18
koramangala,14,6,1,0,18,20,19
indiranagar,14,6,1,0,15,13,15
whitefield,14,6,1,0,12,11,15
marathahalli,14,6,1,0,14,13,14
hsr_layout,14,6,1,0,13,12,12
jp_nagar,14,6,1,0,11,13,11
electronic_city,14,6,1,0,10,9,9
hebbal,14,6,1,0,9,7,7
koramangala,15,6,1,0,18,15,22
indiranagar,15,6,1,0,15,12,13
whitefield,15,6,1,0,12,10,12
marathahalli,15,6,1,0,14,13,14
hsr_layout,15,6,1,0,13,14,12
jp_nagar,15,6,1,0,11,10,10
electronic_city,15,6,1,0,10,10,12
hebbal,15,6,1,0,9,10,10
koramangala,16,6,1,0,18,15,20
indiranagar,16,6,1,0,15,15,13
whitefield,16,6,1,0,12,11,13
marathahalli,16,6,1,0,14,14,14
hsr_layout,16,6,1,0,13,12,15
jp_nagar,16,6,1,0,11,10,9
electronic_city,16,6,1,0,10,10,10
hebbal,16,6,1,0,9,8,8
koramangala,17,6,1,0,18,16,14
indiranagar,17,6,1,0,15,17,16
whitefield,17,6,1,0,12,11,9
marathahalli,17,6,1,0,14,16,16
hsr_layout,17,6,1,0,13,13,11
jp_nagar,17,6,1,0,11,11,12
electronic_city,17,6,1,0,10,9,10
hebbal,17,6,1,0,9,7,10
koramangala,18,6,1,0,18,18,20
indiranagar,18,6,1,0,15,12,19
whitefield,18,6,1,0,12,12,10
marathahalli,18,6,1,0,14,12,13
hsr_layout,18,6,1,0,13,13,13
jp_nagar,18,6,1,0,11,10,8
electronic_city,18,6,1,0,10,12,10
hebbal,18,6,1,0,9,9,12
koramangala,19,6,1,0,18,44,40
indiranagar,19,6,1,0,15,38,32
whitefield,19,6,1,0,12,28,26
marathahalli,19,6,1,0,14,31,37
hsr_layout,19,6,1,0,13,32,33
jp_nagar,19,6,1,0,11,26,26
electronic_city,19,6,1,0,10,21,24
hebbal,19,6,1,0,9,23,17
koramangala,20,6,1,0,18,41,36
indiranagar,20,6,1,0,15,35,39
whitefield,20,6,1,0,12,30,32
marathahalli,20,6,1,0,14,36,33
hsr_layout,20,6,1,0,13,38,29
jp_nagar,20,6,1,0,11,28,25
electronic_city,20,6,1,0,10,27,24
hebbal,20,6,1,0,9,18,20
koramangala,21,6,1,0,18,45,42
indiranagar,21,6,1,0,15,38,37
whitefield,21,6,1,0,12,26,31
marathahalli,21,6,1,0,14,37,33
hsr_layout,21,6,1,0,13,34,33
jp_nagar,21,6,1,0,11,26,28
electronic_city,21,6,1,0,10,28,21
hebbal,21,6,1,0,9,20,22
koramangala,22,6,1,0,18,21,19
indiranagar,22,6,1,0,15,14,15
whitefield,22,6,1,0,12,14,13
marathahalli,22,6,1,0,14,15,15
hsr_layout,22,6,1,0,13,13,13
jp_nagar,22,6,1,0,11,13,11
electronic_city,22,6,1,0,10,12,8
hebbal,22,6,1,0,9,10,8
koramangala,23,6,1,0,18,18,22
indiranagar,23,6,1,0,15,17,16
whitefield,23,6,1,0,12,10,8
marathahalli,23,6,1,0,14,14,13
hsr_layout,23,6,1,0,13,14,13
jp_nagar,23,6,1,0,11,13,14
electronic_city,23,6,1,0,10,11,9
hebbal,23,6,1,0,9,8,8
koramangala,0,0,0,0,18,4,2
indiranagar,0,0,0,0,15,2,4
whitefield,0,0,0,0,12,2,1
marathahalli,0,0,0,0,14,2,1
hsr_layout,0,0,0,0,13,3,2
jp_nagar,0,0,0,0,11,2,1
electronic_city,0,0,0,0,10,1,0
hebbal,0,0,0,0,9,2,0
koramangala,1,0,0,0,18,3,5
indiranagar,1,0,0,0,15,2,3
whitefield,1,0,0,0,12,2,2
marathahalli,1,0,0,0,14,2,2
hsr_layout,1,0,0,0,13,2,2
jp_nagar,1,0,0,0,11,1,2
electronic_city,1,0,0,0,10,2,1
hebbal,1,0,0,0,9,1,1
koramangala,2,0,0,0,18,4,4
indiranagar,2,0,0,0,15,3,2
whitefield,2,0,0,0,12,2,0
marathahalli,2,0,0,0,14,3,2
hsr_layout,2,0,0,0,13,2,0
jp_nagar,2,0,0,0,11,2,5
electronic_city,2,0,0,0,10,2,2
hebbal,2,0,0,0,9,1,0
koramangala,3,0,0,0,18,4,2
indiranagar,3,0,0,0,15,2,2
whitefield,3,0,0,0,12,2,4
marathahalli,3,0,0,0,14,2,0
hsr_layout,3,0,0,0,13,2,2
jp_nagar,3,0,0,0,11,2,1
electronic_city,3,0,0,0,10,2,3
hebbal,3,0,0,0,9,1,0
koramangala,4,0,0,0,18,2,0
indiranagar,4,0,0,0,15,2,1
whitefield,4,0,0,0,12,2,0
marathahalli,4,0,0,0,14,3,2
hsr_layout,4,0,0,0,13,2,4
jp_nagar,4,0,0,0,11,2,0
electronic_city,4,0,0,0,10,1,0
hebbal,4,0,0,0,9,1,0
koramangala,5,0,0,0,18,2,2
indiranagar,5,0,0,0,15,3,4
whitefield,5,0,0,0,12,2,1
marathahalli,5,0,0,0,14,2,2
hsr_layout,5,0,0,0,13,2,1
jp_nagar,5,0,0,0,11,2,2
electronic_city,5,0,0,0,10,1,2
hebbal,5,0,0,0,9,1,0
koramangala,6,0,0,0,18,14,14
indiranagar,6,0,0,0,15,11,13
whitefield,6,0,0,0,12,7,11
marathahalli,6,0,0,0,14,11,10
hsr_layout,6,0,0,0,13,10,9
jp_nagar,6,0,0,0,11,7,8
electronic_city,6,0,0,0,10,8,7
hebbal,6,0,0,0,9,7,8
koramangala,7,0,0,0,18,25,23
indiranagar,7,0,0,0,15,17,15
whitefield,7,0,0,0,12,17,16
marathahalli,7,0,0,0,14,15,14
hsr_layout,7,0,0,0,13,17,15
jp_nagar,7,0,0,0,11,11,12
electronic_city,7,0,0,0,10,10,11
hebbal,7,0,0,0,9,12,11
koramangala,8,0,0,0,18,19,17
indiranagar,8,0,0,0,15,19,14
whitefield,8,0,0,0,12,12,10
marathahalli,8,0,0,0,14,15,16
hsr_layout,8,0,0,0,13,15,17
jp_nagar,8,0,0,0,11,13,14
electronic_city,8,0,0,0,10,13,11
hebbal,8,0,0,0,9,8,13
koramangala,9,0,0,0,18,19,21
indiranagar,9,0,0,0,15,17,15
whitefield,9,0,0,0,12,11,12
marathahalli,9,0,0,0,14,16,14
hsr_layout,9,0,0,0,13,13,14
jp_nagar,9,0,0,0,11,12,15
electronic_city,9,0,0,0,10,12,9
hebbal,9,0,0,0,9,10,12
koramangala,10,0,0,0,18,16,13
indiranagar,10,0,0,0,15,10,13
whitefield,10,0,0,0,12,11,8
marathahalli,10,0,0,0,14,11,10
hsr_layout,10,0,0,0,13,8,10
jp_nagar,10,0,0,0,11,7,7
electronic_city,10,0,0,0,10,7,5
hebbal,10,0,0,0,9,8,5
koramangala,11,0,0,0,18,24,30
indiranagar,11,0,0,0,15,25,24
whitefield,11,0,0,0,12,19,19
marathahalli,11,0,0,0,14,23,26
hsr_layout,11,0,0,0,13,24,20
jp_nagar,11,0,0,0,11,18,16
electronic_city,11,0,0,0,10,15,14
hebbal,11,0,0,0,9,15,14
koramangala,12,0,0,0,18,32,31
indiranagar,12,0,0,0,15,25,21
whitefield,12,0,0,0,12,16,18
marathahalli,12,0,0,0,14,24,21
hsr_layout,12,0,0,0,13,21,19
jp_nagar,12,0,0,0,11,15,17
electronic_city,12,0,0,0,10,18,10
hebbal,12,0,0,0,9,15,13
koramangala,13,0,0,0,18,31,30
indiranagar,13,0,0,0,15,27,20
whitefield,13,0,0,0,12,19,18
marathahalli,13,0,0,0,14,25,16
hsr_layout,13,0,0,0,13,24,24
jp_nagar,13,0,0,0,11,20,21
electronic_city,13,0,0,0,10,17,16
hebbal,13,0,0,0,9,16,14
koramangala,14,0,0,0,18,15,16
indiranagar,14,0,0,0,15,9,13
whitefield,14,0,0,0,12,8,10
marathahalli,14,0,0,0,14,11,12
hsr_layout,14,0,0,0,13,10,8
jp_nagar,14,0,0,0,11,8,7
electronic_city,14,0,0,0,10,9,5
hebbal,14,0,0,0,9,6,6
koramangala,15,0,0,0,18,15,14
indiranagar,15,0,0,0,15,13,9
whitefield,15,0,0,0,12,10,10
marathahalli,15,0,0,0,14,11,10
hsr_layout,15,0,0,0,13,12,6
jp_nagar,15,0,0,0,11,9,8
electronic_city,15,0,0,0,10,9,8
hebbal,15,0,0,0,9,6,5
koramangala,16,0,0,0,18,13,10
indiranagar,16,0,0,0,15,9,12
whitefield,16,0,0,0,12,10,6
marathahalli,16,0,0,0,14,12,11
hsr_layout,16,0,0,0,13,10,11
jp_nagar,16,0,0,0,11,8,7
electronic_city,16,0,0,0,10,6,9
hebbal,16,0,0,0,9,5,5
koramangala,17,0,0,0,18,15,17
indiranagar,17,0,0,0,15,13,10
whitefield,17,0,0,0,12,9,9
marathahalli,17,0,0,0,14,10,13
hsr_layout,17,0,0,0,13,11,9
jp_nagar,17,0,0,0,11,7,4
electronic_city,17,0,0,0,10,8,7
hebbal,17,0,0,0,9,7,6
koramangala,18,0,0,0,18,15,14
indiranagar,18,0,0,0,15,11,11
whitefield,18,0,0,0,12,10,8
marathahalli,18,0,0,0,14,12,15
hsr_layout,18,0,0,0,13,11,7
jp_nagar,18,0,0,0,11,7,8
electronic_city,18,0,0,0,10,6,6
hebbal,18,0,0,0,9,6,5
koramangala,19,0,0,0,18,31,30
indiranagar,19,0,0,0,15,32,27
whitefield,19,0,0,0,12,20,22
marathahalli,19,0,0,0,14,22,31
hsr_layout,19,0,0,0,13,20,22
jp_nagar,19,0,0,0,11,19,20
electronic_city,19,0,0,0,10,20,15
hebbal,19,0,0,0,9,16,15
koramangala,20,0,0,0,18,32,39
indiranagar,20,0,0,0,15,24,31
whitefield,20,0,0,0,12,19,18
marathahalli,20,0,0,0,14,27,27
hsr_layout,20,0,0,0,13,22,26
jp_nagar,20,0,0,0,11,20,13
electronic_city,20,0,0,0,10,19,17
hebbal,20,0,0,0,9,20,15
koramangala,21,0,0,0,18,27,30
indiranagar,21,0,0,0,15,29,25
whitefield,21,0,0,0,12,19,19
marathahalli,21,0,0,0,14,24,27
hsr_layout,21,0,0,0,13,29,23
jp_nagar,21,0,0,0,11,20,18
electronic_city,21,0,0,0,10,15,17
hebbal,21,0,0,0,9,13,16
koramangala,22,0,0,0,18,12,13
indiranagar,22,0,0,0,15,12,8
whitefield,22,0,0,0,12,7,9
marathahalli,22,0,0,0,14,12,11
hsr_layout,22,0,0,0,13,10,5
jp_nagar,22,0,0,0,11,7,10
electronic_city,22,0,0,0,10,7,10
hebbal,22,0,0,0,9,7,6
koramangala,23,0,0,0,18,16,17
indiranagar,23,0,0,0,15,10,11
whitefield,23,0,0,0,12,10,10
marathahalli,23,0,0,0,14,11,8
hsr_layout,23,0,0,0,13,9,7
jp_nagar,23,0,0,0,11,7,9
electronic_city,23,0,0,0,10,9,8
hebbal,23,0,0,0,9,6,6
koramangala,0,1,0,0,18,3,0
indiranagar,0,1,0,0,15,3,3
whitefield,0,1,0,0,12,2,2
marathahalli,0,1,0,0,14,2,2
hsr_layout,0,1,0,0,13,2,3
jp_nagar,0,1,0,0,11,2,4
electronic_city,0,1,0,0,10,2,0
hebbal,0,1,0,0,9,2,1
koramangala,1,1,0,0,18,3,0
indiranagar,1,1,0,0,15,3,2
whitefield,1,1,0,0,12,2,2
marathahalli,1,1,0,0,14,2,2
hsr_layout,1,1,0,0,13,3,1
jp_nagar,1,1,0,0,11,1,0
electronic_city,1,1,0,0,10,2,1
hebbal,1,1,0,0,9,1,2
koramangala,2,1,0,0,18,3,5
indiranagar,2,1,0,0,15,3,0
whitefield,2,1,0,0,12,2,3
marathahalli,2,1,0,0,14,2,1
hsr_layout,2,1,0,0,13,2,2
jp_nagar,2,1,0,0,11,2,1
electronic_city,2,1,0,0,10,2,1
hebbal,2,1,0,0,9,2,2
koramangala,3,1,0,0,18,3,1
indiranagar,3,1,0,0,15,2,1
whitefield,3,1,0,0,12,2,2
marathahalli,3,1,0,0,14,2,5
hsr_layout,3,1,0,0,13,2,0
jp_nagar,3,1,0,0,11,2,4
electronic_city,3,1,0,0,10,1,5
hebbal,3,1,0,0,9,2,0
koramangala,4,1,0,0,18,3,2
indiranagar,4,1,0,0,15,2,1
whitefield,4,1,0,0,12,2,1
marathahalli,4,1,0,0,14,3,0
hsr_layout,4,1,0,0,13,2,1
jp_nagar,4,1,0,0,11,2,4
electronic_city,4,1,0,0,10,1,0
hebbal,4,1,0,0,9,1,0
koramangala,5,1,0,0,18,3,0
indiranagar,5,1,0,0,15,3,3
whitefield,5,1,0,0,12,2,2
marathahalli,5,1,0,0,14,2,2
hsr_layout,5,1,0,0,13,2,1
jp_nagar,5,1,0,0,11,2,1
electronic_city,5,1,0,0,10,2,2
hebbal,5,1,0,0,9,1,1
koramangala,6,1,0,0,18,11,12
indiranagar,6,1,0,0,15,10,13
whitefield,6,1,0,0,12,9,9
marathahalli,6,1,0,0,14,9,12
hsr_layout,6,1,0,0,13,8,9
jp_nagar,6,1,0,0,11,7,11
electronic_city,6,1,0,0,10,7,9
hebbal,6,1,0,0,9,6,7
koramangala,7,1,0,0,18,25,18
indiranagar,7,1,0,0,15,15,13
whitefield,7,1,0,0,12,11,13
marathahalli,7,1,0,0,14,16,15
hsr_layout,7,1,0,0,13,14,15
jp_nagar,7,1,0,0,11,12,12
electronic_city,7,1,0,0,10,10,9
hebbal,7,1,0,0,9,10,11
koramangala,8,1,0,0,18,24,23
indiranagar,8,1,0,0,15,15,16
whitefield,8,1,0,0,12,16,11
marathahalli,8,1,0,0,14,19,17
hsr_layout,8,1,0,0,13,14,14
jp_nagar,8,1,0,0,11,13,14
electronic_city,8,1,0,0,10,10,11
hebbal,8,1,0,0,9,12,11
koramangala,9,1,0,0,18,22,19
indiranagar,9,1,0,0,15,19,16
whitefield,9,1,0,0,12,15,14
marathahalli,9,1,0,0,14,16,19
hsr_layout,9,1,0,0,13,17,12
jp_nagar,9,1,0,0,11,15,16
electronic_city,9,1,0,0,10,14,13
hebbal,9,1,0,0,9,11,9
koramangala,10,1,0,0,18,13,12
indiranagar,10,1,0,0,15,9,10
whitefield,10,1,0,0,12,10,11
marathahalli,10,1,0,0,14,11,9
hsr_layout,10,1,0,0,13,9,7
jp_nagar,10,1,0,0,11,7,10
electronic_city,10,1,0,0,10,9,3
hebbal,10,1,0,0,9,6,5
koramangala,11,1,0,0,18,26,29
indiranagar,11,1,0,0,15,24,23
whitefield,11,1,0,0,12,17,19
marathahalli,11,1,0,0,14,24,24
hsr_layout,11,1,0,0,13,19,26
jp_nagar,11,1,0,0,11,15,15
electronic_city,11,1,0,0,10,18,12
hebbal,11,1,0,0,9,13,11
koramangala,12,1,0,0,18,25,28
indiranagar,12,1,0,0,15,19,22
whitefield,12,1,0,0,12,22,20
marathahalli,12,1,0,0,14,20,19
hsr_layout,12,1,0,0,13,22,22
jp_nagar,12,1,0,0,11,17,15
electronic_city,12,1,0,0,10,13,13
hebbal,12,1,0,0,9,12,16
koramangala,13,1,0,0,18,31,31
indiranagar,13,1,0,0,15,25,22
whitefield,13,1,0,0,12,16,21
marathahalli,13,1,0,0,14,26,24
hsr_layout,13,1,0,0,13,20,18
jp_nagar,13,1,0,0,11,19,18
electronic_city,13,1,0,0,10,13,15
hebbal,13,1,0,0,9,12,15
koramangala,14,1,0,0,18,14,10
indiranagar,14,1,0,0,15,10,10
whitefield,14,1,0,0,12,8,8
marathahalli,14,1,0,0,14,13,10
hsr_layout,14,1,0,0,13,9,9
jp_nagar,14,1,0,0,11,10,6
electronic_city,14,1,0,0,10,9,6
hebbal,14,1,0,0,9,6,5
koramangala,15,1,0,0,18,12,14
indiranagar,15,1,0,0,15,14,12
whitefield,15,1,0,0,12,8,9
marathahalli,15,1,0,0,14,12,12
hsr_layout,15,1,0,0,13,10,9
jp_nagar,15,1,0,0,11,10,7
electronic_city,15,1,0,0,10,6,8
hebbal,15,1,0,0,9,8,3
koramangala,16,1,0,0,18,11,13
indiranagar,16,1,0,0,15,10,10
whitefield,16,1,0,0,12,9,6
marathahalli,16,1,0,0,14,9,12
hsr_layout,16,1,0,0,13,10,11
jp_nagar,16,1,0,0,11,7,7
electronic_city,16,1,0,0,10,8,9
hebbal,16,1,0,0,9,8,5
koramangala,17,1,0,0,18,15,16
indiranagar,17,1,0,0,15,11,10
whitefield,17,1,0,0,12,8,11
marathahalli,17,1,0,0,14,10,11
hsr_layout,17,1,0,0,13,9,8
jp_nagar,17,1,0,0,11,8,7
electronic_city,17,1,0,0,10,7,5
hebbal,17,1,0,0,9,8,8
koramangala,18,1,0,0,18,15,13
indiranagar,18,1,0,0,15,13,13
whitefield,18,1,0,0,12,8,7
marathahalli,18,1,0,0,14,9,8
hsr_layout,18,1,0,0,13,12,9
jp_nagar,18,1,0,0,11,8,10
electronic_city,18,1,0,0,10,6,7
hebbal,18,1,0,0,9,6,6
koramangala,19,1,0,0,18,34,34
indiranagar,19,1,0,0,15,29,25
whitefield,19,1,0,0,12,24,21
marathahalli,19,1,0,0,14,22,25
hsr_layout,19,1,0,0,13,25,25
jp_nagar,19,1,0,0,11,20,19
electronic_city,19,1,0,0,10,16,20
hebbal,19,1,0,0,9,18,17
koramangala,20,1,0,0,18,29,30
indiranagar,20,1,0,0,15,33,25
whitefield,20,1,0,0,12,27,22
marathahalli,20,1,0,0,14,30,28
hsr_layout,20,1,0,0,13,23,23
jp_nagar,20,1,0,0,11,22,19
electronic_city,20,1,0,0,10,16,17
hebbal,20,1,0,0,9,20,19
koramangala,21,1,0,0,18,35,34
indiranagar,21,1,0,0,15,34,28
whitefield,21,1,0,0,12,22,19
marathahalli,21,1,0,0,14,24,27
hsr_layout,21,1,0,0,13,24,24
jp_nagar,21,1,0,0,11,22,20
electronic_city,21,1,0,0,10,20,17
hebbal,21,1,0,0,9,13,21
koramangala,22,1,0,0,18,12,14
indiranagar,22,1,0,0,15,12,11
whitefield,22,1,0,0,12,8,9
marathahalli,22,1,0,0,14,10,12
hsr_layout,22,1,0,0,13,11,8
jp_nagar,22,1,0,0,11,8,9
electronic_city,22,1,0,0,10,8,5
hebbal,22,1,0,0,9,6,6
koramangala,23,1,0,0,18,12,12
indiranagar,23,1,0,0,15,11,11
whitefield,23,1,0,0,12,10,9
marathahalli,23,1,0,0,14,10,13
hsr_layout,23,1,0,0,13,9,8
jp_nagar,23,1,0,0,11,9,7
electronic_city,23,1,0,0,10,7,9
hebbal,23,1,0,0,9,7,6
koramangala,0,2,0,0,18,3,3
indiranagar,0,2,0,0,15,3,1
whitefield,0,2,0,0,12,2,1
marathahalli,0,2,0,0,14,2,3
hsr_layout,0,2,0,0,13,2,1
jp_nagar,0,2,0,0,11,2,2
electronic_city,0,2,0,0,10,2,1
hebbal,0,2,0,0,9,1,0
koramangala,1,2,0,0,18,3,4
indiranagar,1,2,0,0,15,3,3
whitefield,1,2,0,0,12,2,5
marathahalli,1,2,0,0,14,2,1
hsr_layout,1,2,0,0,13,2,3
jp_nagar,1,2,0,0,11,1,0
electronic_city,1,2,0,0,10,2,1
hebbal,1,2,0,0,9,1,2
koramangala,2,2,0,0,18,4,0
indiranagar,2,2,0,0,15,3,1
whitefield,2,2,0,0,12,2,1
marathahalli,2,2,0,0,14,3,0
hsr_layout,2,2,0,0,13,2,2
jp_nagar,2,2,0,0,11,2,2
electronic_city,2,2,0,0,10,2,1
hebbal,2,2,0,0,9,1,2
koramangala,3,2,0,0,18,3,3
indiranagar,3,2,0,0,15,3,2
whitefield,3,2,0,0,12,2,0
marathahalli,3,2,0,0,14,2,4
hsr_layout,3,2,0,0,13,2,2
jp_nagar,3,2,0,0,11,2,2
electronic_city,3,2,0,0,10,1,0
hebbal,3,2,0,0,9,1,0
koramangala,4,2,0,0,18,3,2
indiranagar,4,2,0,0,15,3,0
whitefield,4,2,0,0,12,2,0
marathahalli,4,2,0,0,14,2,2
hsr_layout,4,2,0,0,13,2,2
jp_nagar,4,2,0,0,11,2,1
electronic_city,4,2,0,0,10,2,0
hebbal,4,2,0,0,9,1,0
koramangala,5,2,0,0,18,3,2
indiranagar,5,2,0,0,15,3,1
whitefield,5,2,0,0,12,2,5
marathahalli,5,2,0,0,14,2,4
hsr_layout,5,2,0,0,13,2,3
jp_nagar,5,2,0,0,11,1,2
electronic_city,5,2,0,0,10,1,0
hebbal,5,2,0,0,9,1,0
koramangala,6,2,0,0,18,15,10
indiranagar,6,2,0,0,15,14,14
whitefield,6,2,0,0,12,10,9
marathahalli,6,2,0,0,14,11,7
hsr_layout,6,2,0,0,13,8,9
jp_nagar,6,2,0,0,11,9,8
electronic_city,6,2,0,0,10,7,9
hebbal,6,2,0,0,9,6,6
koramangala,7,2,0,0,18,23,17
indiranagar,7,2,0,0,15,18,21
whitefield,7,2,0,0,12,12,15
marathahalli,7,2,0,0,14,17,17
hsr_layout,7,2,0,0,13,16,18
jp_nagar,7,2,0,0,11,11,12
electronic_city,7,2,0,0,10,10,9
hebbal,7,2,0,0,9,10,9
koramangala,8,2,0,0,18,21,19
indiranagar,8,2,0,0,15,20,19
whitefield,8,2,0,0,12,11,15
marathahalli,8,2,0,0,14,17,20
hsr_layout,8,2,0,0,13,16,14
jp_nagar,8,2,0,0,11,12,14
electronic_city,8,2,0,0,10,12,10
hebbal,8,2,0,0,9,11,9
koramangala,9,2,0,0,18,19,23
indiranagar,9,2,0,0,15,15,19
whitefield,9,2,0,0,12,17,12
marathahalli,9,2,0,0,14,18,16
hsr_layout,9,2,0,0,13,12,17
jp_nagar,9,2,0,0,11,13,13
electronic_city,9,2,0,0,10,12,13
hebbal,9,2,0,0,9,9,9
koramangala,10,2,0,0,18,11,14
indiranagar,10,2,0,0,15,12,13
whitefield,10,2,0,0,12,9,10
marathahalli,10,2,0,0,14,10,11
hsr_layout,10,2,0,0,13,12,11
jp_nagar,10,2,0,0,11,9,6
electronic_city,10,2,0,0,10,6,5
hebbal,10,2,0,0,9,7,9
koramangala,11,2,0,0,18,33,31
indiranagar,11,2,0,0,15,22,19
whitefield,11,2,0,0,12,22,15
marathahalli,11,2,0,0,14,21,25
hsr_layout,11,2,0,0,13,24,21
jp_nagar,11,2,0,0,11,19,17
electronic_city,11,2,0,0,10,13,16
hebbal,11,2,0,0,9,15,14
koramangala,12,2,0,0,18,30,31
indiranagar,12,2,0,0,15,24,20
whitefield,12,2,0,0,12,21,20
marathahalli,12,2,0,0,14,19,20
hsr_layout,12,2,0,0,13,24,21
jp_nagar,12,2,0,0,11,18,18
electronic_city,12,2,0,0,10,18,14
hebbal,12,2,0,0,9,12,10
koramangala,13,2,0,0,18,27,24
indiranagar,13,2,0,0,15,23,22
whitefield,13,2,0,0,12,21,21
marathahalli,13,2,0,0,14,21,21
hsr_layout,13,2,0,0,13,22,20
jp_nagar,13,2,0,0,11,18,19
electronic_city,13,2,0,0,10,18,12
hebbal,13,2,0,0,9,14,11
koramangala,14,2,0,0,18,13,16
indiranagar,14,2,0,0,15,13,9
whitefield,14,2,0,0,12,9,8
marathahalli,14,2,0,0,14,13,14
hsr_layout,14,2,0,0,13,11,11
jp_nagar,14,2,0,0,11,8,12
electronic_city,14,2,0,0,10,7,7
hebbal,14,2,0,0,9,6,8
koramangala,15,2,0,0,18,16,10
indiranagar,15,2,0,0,15,12,11
whitefield,15,2,0,0,12,9,9
marathahalli,15,2,0,0,14,12,9
hsr_layout,15,2,0,0,13,10,12
jp_nagar,15,2,0,0,11,8,6
electronic_city,15,2,0,0,10,7,6
hebbal,15,2,0,0,9,8,7
koramangala,16,2,0,0,18,15,13
indiranagar,16,2,0,0,15,11,11
whitefield,16,2,0,0,12,9,5
marathahalli,16,2,0,0,14,12,11
hsr_layout,16,2,0,0,13,11,11
jp_nagar,16,2,0,0,11,9,7
electronic_city,16,2,0,0,10,7,5
hebbal,16,2,0,0,9,6,6
koramangala,17,2,0,0,18,11,14
indiranagar,17,2,0,0,15,13,11
whitefield,17,2,0,0,12,9,8
marathahalli,17,2,0,0,14,12,9
hsr_layout,17,2,0,0,13,12,11
jp_nagar,17,2,0,0,11,8,7
electronic_city,17,2,0,0,10,7,7
hebbal,17,2,0,0,9,6,6
koramangala,18,2,0,0,18,11,13
indiranagar,18,2,0,0,15,11,14
whitefield,18,2,0,0,12,10,7
marathahalli,18,2,0,0,14,10,8
hsr_layout,18,2,0,0,13,9,7
jp_nagar,18,2,0,0,11,9,10
electronic_city,18,2,0,0,10,8,10
hebbal,18,2,0,0,9,7,10
koramangala,19,2,0,0,18,39,29
indiranagar,19,2,0,0,15,28,23
whitefield,19,2,0,0,12,18,18
marathahalli,19,2,0,0,14,23,21
hsr_layout,19,2,0,0,13,26,22
jp_nagar,19,2,0,0,11,18,21
electronic_city,19,2,0,0,10,15,21
hebbal,19,2,0,0,9,15,16
koramangala,20,2,0,0,18,37,36
indiranagar,20,2,0,0,15,27,25
whitefield,20,2,0,0,12,19,23
marathahalli,20,2,0,0,14,23,27
hsr_layout,20,2,0,0,13,26,27
jp_nagar,20,2,0,0,11,21,18
electronic_city,20,2,0,0,10,20,16
hebbal,20,2,0,0,9,15,19
koramangala,21,2,0,0,18,34,31
indiranagar,21,2,0,0,15,30,23
whitefield,21,2,0,0,12,24,25
marathahalli,21,2,0,0,14,29,23
hsr_layout,21,2,0,0,13,23,23
jp_nagar,21,2,0,0,11,21,22
electronic_city,21,2,0,0,10,21,17
hebbal,21,2,0,0,9,17,17
koramangala,22,2,0,0,18,17,13
indiranagar,22,2,0,0,15,13,9
whitefield,22,2,0,0,12,8,6
marathahalli,22,2,0,0,14,9,12
hsr_layout,22,2,0,0,13,9,11
jp_nagar,22,2,0,0,11,9,8
electronic_city,22,2,0,0,10,9,9
hebbal,22,2,0,0,9,6,5
koramangala,23,2,0,0,18,14,14
indiranagar,23,2,0,0,15,12,8
whitefield,23,2,0,0,12,10,7
marathahalli,23,2,0,0,14,9,7
hsr_layout,23,2,0,0,13,9,9
jp_nagar,23,2,0,0,11,9,7
electronic_city,23,2,0,0,10,7,6
hebbal,23,2,0,0,9,6,8
koramangala,0,3,0,1,18,4,3
indiranagar,0,3,0,1,15,4,3
whitefield,0,3,0,1,12,3,2
marathahalli,0,3,0,1,14,4,1
hsr_layout,0,3,0,1,13,3,1
jp_nagar,0,3,0,1,11,3,0
electronic_city,0,3,0,1,10,3,4
hebbal,0,3,0,1,9,2,2
koramangala,1,3,0,1,18,4,5
indiranagar,1,3,0,1,15,3,0
whitefield,1,3,0,1,12,2,4
marathahalli,1,3,0,1,14,4,4
hsr_layout,1,3,0,1,13,4,0
jp_nagar,1,3,0,1,11,2,0
electronic_city,1,3,0,1,10,2,3
hebbal,1,3,0,1,9,2,2
koramangala,2,3,0,1,18,4,3
indiranagar,2,3,0,1,15,3,3
whitefield,2,3,0,1,12,3,2
marathahalli,2,3,0,1,14,3,3
hsr_layout,2,3,0,1,13,4,4
jp_nagar,2,3,0,1,11,3,1
electronic_city,2,3,0,1,10,3,4
hebbal,2,3,0,1,9,2,0
koramangala,3,3,0,1,18,4,3
indiranagar,3,3,0,1,15,4,5
whitefield,3,3,0,1,12,3,4
marathahalli,3,3,0,1,14,3,4
hsr_layout,3,3,0,1,13,4,1
jp_nagar,3,3,0,1,11,3,1
electronic_city,3,3,0,1,10,2,3
hebbal,3,3,0,1,9,2,2
koramangala,4,3,0,1,18,4,2
indiranagar,4,3,0,1,15,5,4
whitefield,4,3,0,1,12,2,1
marathahalli,4,3,0,1,14,4,6
hsr_layout,4,3,0,1,13,4,5
jp_nagar,4,3,0,1,11,2,3
electronic_city,4,3,0,1,10,2,4
hebbal,4,3,0,1,9,3,2
koramangala,5,3,0,1,18,5,5
indiranagar,5,3,0,1,15,4,5
whitefield,5,3,0,1,12,3,3
marathahalli,5,3,0,1,14,3,2
hsr_layout,5,3,0,1,13,3,1
jp_nagar,5,3,0,1,11,2,1
electronic_city,5,3,0,1,10,2,3
hebbal,5,3,0,1,9,2,3
koramangala,6,3,0,1,18,19,17
indiranagar,6,3,0,1,15,16,15
whitefield,6,3,0,1,12,12,9
marathahalli,6,3,0,1,14,13,16
hsr_layout,6,3,0,1,13,14,12
jp_nagar,6,3,0,1,11,14,11
electronic_city,6,3,0,1,10,10,12
hebbal,6,3,0,1,9,10,10
koramangala,7,3,0,1,18,32,30
indiranagar,7,3,0,1,15,25,22
whitefield,7,3,0,1,12,16,20
marathahalli,7,3,0,1,14,28,25
hsr_layout,7,3,0,1,13,24,16
jp_nagar,7,3,0,1,11,15,15
electronic_city,7,3,0,1,10,18,14
hebbal,7,3,0,1,9,17,16
koramangala,8,3,0,1,18,31,27
indiranagar,8,3,0,1,15,27,28
whitefield,8,3,0,1,12,22,19
marathahalli,8,3,0,1,14,27,21
hsr_layout,8,3,0,1,13,17,18
jp_nagar,8,3,0,1,11,19,13
electronic_city,8,3,0,1,10,14,16
hebbal,8,3,0,1,9,14,13
koramangala,9,3,0,1,18,26,24
indiranagar,9,3,0,1,15,21,21
whitefield,9,3,0,1,12,16,22
marathahalli,9,3,0,1,14,27,22
hsr_layout,9,3,0,1,13,20,24
jp_nagar,9,3,0,1,11,15,20
electronic_city,9,3,0,1,10,14,16
hebbal,9,3,0,1,9,14,18
koramangala,10,3,0,1,18,23,15
indiranagar,10,3,0,1,15,16,15
whitefield,10,3,0,1,12,13,12
marathahalli,10,3,0,1,14,16,14
hsr_layout,10,3,0,1,13,12,15
jp_nagar,10,3,0,1,11,10,10
electronic_city,10,3,0,1,10,12,9
hebbal,10,3,0,1,9,8,7
koramangala,11,3,0,1,18,32,41
indiranagar,11,3,0,1,15,31,36
whitefield,11,3,0,1,12,27,29
marathahalli,11,3,0,1,14,26,33
hsr_layout,11,3,0,1,13,32,30
jp_nagar,11,3,0,1,11,20,25
electronic_city,11,3,0,1,10,18,24
hebbal,11,3,0,1,9,22,17
koramangala,12,3,0,1,18,46,43
indiranagar,12,3,0,1,15,35,36
whitefield,12,3,0,1,12,22,24
marathahalli,12,3,0,1,14,31,30
hsr_layout,12,3,0,1,13,28,27
jp_nagar,12,3,0,1,11,23,22
electronic_city,12,3,0,1,10,26,19
hebbal,12,3,0,1,9,20,19
koramangala,13,3,0,1,18,42,42
indiranagar,13,3,0,1,15,38,34
whitefield,13,3,0,1,12,32,22
marathahalli,13,3,0,1,14,26,28
hsr_layout,13,3,0,1,13,24,22
jp_nagar,13,3,0,1,11,24,20
electronic_city,13,3,0,1,10,21,24
hebbal,13,3,0,1,9,23,20
koramangala,14,3,0,1,18,18,22
indiranagar,14,3,0,1,15,16,18
whitefield,14,3,0,1,12,12,10
marathahalli,14,3,0,1,14,18,15
hsr_layout,14,3,0,1,13,16,16
jp_nagar,14,3,0,1,11,12,13
electronic_city,14,3,0,1,10,9,7
hebbal,14,3,0,1,9,8,8
koramangala,15,3,0,1,18,20,16
indiranagar,15,3,0,1,15,19,14
whitefield,15,3,0,1,12,11,14
marathahalli,15,3,0,1,14,12,15
hsr_layout,15,3,0,1,13,16,12
jp_nagar,15,3,0,1,11,11,12
electronic_city,15,3,0,1,10,12,7
hebbal,15,3,0,1,9,10,10
koramangala,16,3,0,1,18,18,20
indiranagar,16,3,0,1,15,16,16
whitefield,16,3,0,1,12,15,12
marathahalli,16,3,0,1,14,13,15
hsr_layout,16,3,0,1,13,17,14
jp_nagar,16,3,0,1,11,13,13
electronic_city,16,3,0,1,10,9,7
hebbal,16,3,0,1,9,10,8
koramangala,17,3,0,1,18,18,24
indiranagar,17,3,0,1,15,15,17
whitefield,17,3,0,1,12,15,14
marathahalli,17,3,0,1,14,17,14
hsr_layout,17,3,0,1,13,13,13
jp_nagar,17,3,0,1,11,12,11
electronic_city,17,3,0,1,10,11,12
hebbal,17,3,0,1,9,8,4
koramangala,18,3,0,1,18,18,18
indiranagar,18,3,0,1,15,17,15
whitefield,18,3,0,1,12,12,12
marathahalli,18,3,0,1,14,16,11
hsr_layout,18,3,0,1,13,13,13
jp_nagar,18,3,0,1,11,13,13
electronic_city,18,3,0,1,10,10,10
hebbal,18,3,0,1,9,9,9
koramangala,19,3,0,1,18,53,49
indiranagar,19,3,0,1,15,40,40
whitefield,19,3,0,1,12,32,37
marathahalli,19,3,0,1,14,34,34
hsr_layout,19,3,0,1,13,38,29
jp_nagar,19,3,0,1,11,32,26
electronic_city,19,3,0,1,10,26,24
hebbal,19,3,0,1,9,20,22
koramangala,20,3,0,1,18,41,45
indiranagar,20,3,0,1,15,35,44
whitefield,20,3,0,1,12,36,32
marathahalli,20,3,0,1,14,30,37
hsr_layout,20,3,0,1,13,29,28
jp_nagar,20,3,0,1,11,25,26
electronic_city,20,3,0,1,10,29,26
hebbal,20,3,0,1,9,22,24
koramangala,21,3,0,1,18,56,45
indiranagar,21,3,0,1,15,44,42
whitefield,21,3,0,1,12,31,32
marathahalli,21,3,0,1,14,32,41
hsr_layout,21,3,0,1,13,39,34
jp_nagar,21,3,0,1,11,24,32
electronic_city,21,3,0,1,10,29,24
hebbal,21,3,0,1,9,21,23
koramangala,22,3,0,1,18,20,17
indiranagar,22,3,0,1,15,18,16
whitefield,22,3,0,1,12,14,13
marathahalli,22,3,0,1,14,17,14
hsr_layout,22,3,0,1,13,12,10
jp_nagar,22,3,0,1,11,11,13
electronic_city,22,3,0,1,10,10,14
hebbal,22,3,0,1,9,11,9
koramangala,23,3,0,1,18,17,15
indiranagar,23,3,0,1,15,19,16
whitefield,23,3,0,1,12,10,14
marathahalli,23,3,0,1,14,13,17
hsr_layout,23,3,0,1,13,12,13
jp_nagar,23,3,0,1,11,11,11
electronic_city,23,3,0,1,10,11,8
hebbal,23,3,0,1,9,9,8
koramangala,0,4,0,1,18,5,3
indiranagar,0,4,0,1,15,3,3
whitefield,0,4,0,1,12,3,5
marathahalli,0,4,0,1,14,3,4
hsr_layout,0,4,0,1,13,2,0
jp_nagar,0,4,0,1,11,2,3
electronic_city,0,4,0,1,10,3,4
hebbal,0,4,0,1,9,2,2
koramangala,1,4,0,1,18,5,3
indiranagar,1,4,0,1,15,3,8
whitefield,1,4,0,1,12,3,0
marathahalli,1,4,0,1,14,4,1
hsr_layout,1,4,0,1,13,3,3
jp_nagar,1,4,0,1,11,2,6
electronic_city,1,4,0,1,10,2,1
hebbal,1,4,0,1,9,2,1
koramangala,2,4,0,1,18,5,5
indiranagar,2,4,0,1,15,4,2
whitefield,2,4,0,1,12,3,2
marathahalli,2,4,0,1,14,3,3
hsr_layout,2,4,0,1,13,3,3
jp_nagar,2,4,0,1,11,2,3
electronic_city,2,4,0,1,10,2,4
hebbal,2,4,0,1,9,2,2
koramangala,3,4,0,1,18,4,4
indiranagar,3,4,0,1,15,4,4
whitefield,3,4,0,1,12,3,3
marathahalli,3,4,0,1,14,3,4
hsr_layout,3,4,0,1,13,2,3
jp_nagar,3,4,0,1,11,2,3
electronic_city,3,4,0,1,10,2,4
hebbal,3,4,0,1,9,2,0
koramangala,4,4,0,1,18,4,4
indiranagar,4,4,0,1,15,3,1
whitefield,4,4,0,1,12,3,2
marathahalli,4,4,0,1,14,4,4
hsr_layout,4,4,0,1,13,3,4
jp_nagar,4,4,0,1,11,2,1
electronic_city,4,4,0,1,10,2,0
hebbal,4,4,0,1,9,2,0
koramangala,5,4,0,1,18,4,6
indiranagar,5,4,0,1,15,3,0
whitefield,5,4,0,1,12,2,4
marathahalli,5,4,0,1,14,4,4
hsr_layout,5,4,0,1,13,3,4
jp_nagar,5,4,0,1,11,2,2
electronic_city,5,4,0,1,10,3,0
hebbal,5,4,0,1,9,2,2
koramangala,6,4,0,1,18,19,19
indiranagar,6,4,0,1,15,19,15
whitefield,6,4,0,1,12,13,10
marathahalli,6,4,0,1,14,16,14
hsr_layout,6,4,0,1,13,14,14
jp_nagar,6,4,0,1,11,11,10
electronic_city,6,4,0,1,10,13,10
hebbal,6,4,0,1,9,9,8
koramangala,7,4,0,1,18,28,31
indiranagar,7,4,0,1,15,25,26
whitefield,7,4,0,1,12,17,16
marathahalli,7,4,0,1,14,21,22
hsr_layout,7,4,0,1,13,22,19
jp_nagar,7,4,0,1,11,20,17
electronic_city,7,4,0,1,10,14,13
hebbal,7,4,0,1,9,13,15
koramangala,8,4,0,1,18,27,35
indiranagar,8,4,0,1,15,26,25
whitefield,8,4,0,1,12,18,18
marathahalli,8,4,0,1,14,27,23
hsr_layout,8,4,0,1,13,19,23
jp_nagar,8,4,0,1,11,17,16
electronic_city,8,4,0,1,10,17,14
hebbal,8,4,0,1,9,16,16
koramangala,9,4,0,1,18,34,29
indiranagar,9,4,0,1,15,24,24
whitefield,9,4,0,1,12,21,18
marathahalli,9,4,0,1,14,21,24
hsr_layout,9,4,0,1,13,24,24
jp_nagar,9,4,0,1,11,15,17
electronic_city,9,4,0,1,10,19,14
hebbal,9,4,0,1,9,14,12
koramangala,10,4,0,1,18,21,18
indiranagar,10,4,0,1,15,13,15
whitefield,10,4,0,1,12,15,11
marathahalli,10,4,0,1,14,17,12
hsr_layout,10,4,0,1,13,14,13
jp_nagar,10,4,0,1,11,13,13
electronic_city,10,4,0,1,10,12,10
hebbal,10,4,0,1,9,9,8
koramangala,11,4,0,1,18,38,45
indiranagar,11,4,0,1,15,27,37
whitefield,11,4,0,1,12,23,23
marathahalli,11,4,0,1,14,28,29
hsr_layout,11,4,0,1,13,29,25
jp_nagar,11,4,0,1,11,23,25
electronic_city,11,4,0,1,10,23,18
hebbal,11,4,0,1,9,19,20
koramangala,12,4,0,1,18,46,37
indiranagar,12,4,0,1,15,39,31
whitefield,12,4,0,1,12,23,24
marathahalli,12,4,0,1,14,35,35
hsr_layout,12,4,0,1,13,30,31
jp_nagar,12,4,0,1,11,25,26
electronic_city,12,4,0,1,10,21,23
hebbal,12,4,0,1,9,19,19
koramangala,13,4,0,1,18,44,42
indiranagar,13,4,0,1,15,37,28
whitefield,13,4,0,1,12,26,25
marathahalli,13,4,0,1,14,30,29
hsr_layout,13,4,0,1,13,32,30
jp_nagar,13,4,0,1,11,26,27
electronic_city,13,4,0,1,10,22,21
hebbal,13,4,0,1,9,19,21
koramangala,14,4,0,1,18,18,22
indiranagar,14,4,0,1,15,15,12
whitefield,14,4,0,1,12,14,10
marathahalli,14,4,0,1,14,13,14
hsr_layout,14,4,0,1,13,15,10
jp_nagar,14,4,0,1,11,13,11
electronic_city,14,4,0,1,10,12,12
hebbal,14,4,0,1,9,10,8
koramangala,15,4,0,1,18,21,13
indiranagar,15,4,0,1,15,16,17
whitefield,15,4,0,1,12,11,12
marathahalli,15,4,0,1,14,17,16
hsr_layout,15,4,0,1,13,17,18
jp_nagar,15,4,0,1,11,9,9
electronic_city,15,4,0,1,10,12,13
hebbal,15,4,0,1,9,11,8
koramangala,16,4,0,1,18,21,21
indiranagar,16,4,0,1,15,17,14
whitefield,16,4,0,1,12,11,11
marathahalli,16,4,0,1,14,13,16
hsr_layout,16,4,0,1,13,17,14
jp_nagar,16,4,0,1,11,13,12
electronic_city,16,4,0,1,10,9,11
hebbal,16,4,0,1,9,11,9
koramangala,17,4,0,1,18,22,17
indiranagar,17,4,0,1,15,15,17
whitefield,17,4,0,1,12,12,10
marathahalli,17,4,0,1,14,17,17
hsr_layout,17,4,0,1,13,15,16
jp_nagar,17,4,0,1,11,14,7
electronic_city,17,4,0,1,10,12,13
hebbal,17,4,0,1,9,9,14
koramangala,18,4,0,1,18,20,17
indiranagar,18,4,0,1,15,15,18
whitefield,18,4,0,1,12,14,14
marathahalli,18,4,0,1,14,12,14
hsr_layout,18,4,0,1,13,12,15
jp_nagar,18,4,0,1,11,13,10
electronic_city,18,4,0,1,10,8,10
hebbal,18,4,0,1,9,10,9
koramangala,19,4,0,1,18,57,44
indiranagar,19,4,0,1,15,46,43
whitefield,19,4,0,1,12,29,32
marathahalli,19,4,0,1,14,41,38
hsr_layout,19,4,0,1,13,38,38
jp_nagar,19,4,0,1,11,33,24
electronic_city,19,4,0,1,10,28,23
hebbal,19,4,0,1,9,23,25
koramangala,20,4,0,1,18,38,47
indiranagar,20,4,0,1,15,47,39
whitefield,20,4,0,1,12,28,27
marathahalli,20,4,0,1,14,42,35
hsr_layout,20,4,0,1,13,39,36
jp_nagar,20,4,0,1,11,34,21
electronic_city,20,4,0,1,10,28,23
hebbal,20,4,0,1,9,26,24
koramangala,21,4,0,1,18,50,53
indiranagar,21,4,0,1,15,42,33
whitefield,21,4,0,1,12,25,37
marathahalli,21,4,0,1,14,41,34
hsr_layout,21,4,0,1,13,28,36
jp_nagar,21,4,0,1,11,25,29
electronic_city,21,4,0,1,10,21,29
hebbal,21,4,0,1,9,21,21
koramangala,22,4,0,1,18,20,19
indiranagar,22,4,0,1,15,19,17
whitefield,22,4,0,1,12,11,13
marathahalli,22,4,0,1,14,13,17
hsr_layout,22,4,0,1,13,17,14
jp_nagar,22,4,0,1,11,13,10
electronic_city,22,4,0,1,10,12,11
hebbal,22,4,0,1,9,9,11
koramangala,23,4,0,1,18,21,17
indiranagar,23,4,0,1,15,14,14
whitefield,23,4,0,1,12,13,12
marathahalli,23,4,0,1,14,16,14
hsr_layout,23,4,0,1,13,14,11
jp_nagar,23,4,0,1,11,10,12
electronic_city,23,4,0,1,10,10,9
hebbal,23,4,0,1,9,8,10
koramangala,0,5,1,0,18,5,1
indiranagar,0,5,1,0,15,3,5
whitefield,0,5,1,0,12,2,0
marathahalli,0,5,1,0,14,3,2
hsr_layout,0,5,1,0,13,3,3
jp_nagar,0,5,1,0,11,3,2
electronic_city,0,5,1,0,10,3,2
hebbal,0,5,1,0,9,2,2
koramangala,1,5,1,0,18,4,5
indiranagar,1,5,1,0,15,4,4
whitefield,1,5,1,0,12,3,2
marathahalli,1,5,1,0,14,3,2
hsr_layout,1,5,1,0,13,3,6
jp_nagar,1,5,1,0,11,2,3
electronic_city,1,5,1,0,10,2,0
hebbal,1,5,1,0,9,2,2
koramangala,2,5,1,0,18,4,3
indiranagar,2,5,1,0,15,3,2
whitefield,2,5,1,0,12,2,0
marathahalli,2,5,1,0,14,4,3
hsr_layout,2,5,1,0,13,3,5
jp_nagar,2,5,1,0,11,2,3
electronic_city,2,5,1,0,10,2,0
hebbal,2,5,1,0,9,2,3
koramangala,3,5,1,0,18,4,5
indiranagar,3,5,1,0,15,4,2
whitefield,3,5,1,0,12,3,3
marathahalli,3,5,1,0,14,3,1
hsr_layout,3,5,1,0,13,3,2
jp_nagar,3,5,1,0,11,2,4
electronic_city,3,5,1,0,10,2,1
hebbal,3,5,1,0,9,2,0
koramangala,4,5,1,0,18,4,3
indiranagar,4,5,1,0,15,3,3
whitefield,4,5,1,0,12,3,4
marathahalli,4,5,1,0,14,4,3
hsr_layout,4,5,1,0,13,3,2
jp_nagar,4,5,1,0,11,2,3
electronic_city,4,5,1,0,10,2,2
hebbal,4,5,1,0,9,2,0
koramangala,5,5,1,0,18,4,5
indiranagar,5,5,1,0,15,4,3
whitefield,5,5,1,0,12,3,3
marathahalli,5,5,1,0,14,3,3
hsr_layout,5,5,1,0,13,3,1
jp_nagar,5,5,1,0,11,3,2
electronic_city,5,5,1,0,10,2,2
hebbal,5,5,1,0,9,1,1
koramangala,6,5,1,0,18,19,19
indiranagar,6,5,1,0,15,18,17
whitefield,6,5,1,0,12,14,12
marathahalli,6,5,1,0,14,11,13
hsr_layout,6,5,1,0,13,14,14
jp_nagar,6,5,1,0,11,9,11
electronic_city,6,5,1,0,10,10,8
hebbal,6,5,1,0,9,9,7
koramangala,7,5,1,0,18,27,29
indiranagar,7,5,1,0,15,24,21
whitefield,7,5,1,0,12,21,17
marathahalli,7,5,1,0,14,26,23
hsr_layout,7,5,1,0,13,23,22
jp_nagar,7,5,1,0,11,14,17
electronic_city,7,5,1,0,10,16,16
hebbal,7,5,1,0,9,14,13
koramangala,8,5,1,0,18,30,30
indiranagar,8,5,1,0,15,26,21
whitefield,8,5,1,0,12,18,19
marathahalli,8,5,1,0,14,21,19
hsr_layout,8,5,1,0,13,23,16
jp_nagar,8,5,1,0,11,15,14
electronic_city,8,5,1,0,10,15,15
hebbal,8,5,1,0,9,16,14
koramangala,9,5,1,0,18,32,29
indiranagar,9,5,1,0,15,19,20
whitefield,9,5,1,0,12,18,15
marathahalli,9,5,1,0,14,24,18
hsr_layout,9,5,1,0,13,24,19
jp_nagar,9,5,1,0,11,13,19
electronic_city,9,5,1,0,10,14,14
hebbal,9,5,1,0,9,16,12
koramangala,10,5,1,0,18,21,15
indiranagar,10,5,1,0,15,16,15
whitefield,10,5,1,0,12,10,13
marathahalli,10,5,1,0,14,15,13
hsr_layout,10,5,1,0,13,15,16
jp_nagar,10,5,1,0,11,12,12
electronic_city,10,5,1,0,10,9,7
hebbal,10,5,1,0,9,8,9
koramangala,11,5,1,0,18,37,32
indiranagar,11,5,1,0,15,32,34
whitefield,11,5,1,0,12,21,24
marathahalli,11,5,1,0,14,29,32
hsr_layout,11,5,1,0,13,30,24
jp_nagar,11,5,1,0,11,19,22
electronic_city,11,5,1,0,10,24,16
hebbal,11,5,1,0,9,21,15
koramangala,12,5,1,0,18,44,38
indiranagar,12,5,1,0,15,25,26
whitefield,12,5,1,0,12,23,20
marathahalli,12,5,1,0,14,29,29
hsr_layout,12,5,1,0,13,26,28
jp_nagar,12,5,1,0,11,25,24
electronic_city,12,5,1,0,10,18,23
hebbal,12,5,1,0,9,17,21
koramangala,13,5,1,0,18,38,41
indiranagar,13,5,1,0,15,34,33
whitefield,13,5,1,0,12,29,21
marathahalli,13,5,1,0,14,34,25
hsr_layout,13,5,1,0,13,27,28
jp_nagar,13,5,1,0,11,19,24
electronic_city,13,5,1,0,10,18,25
hebbal,13,5,1,0,9,18,18
koramangala,14,5,1,0,18,15,19
indiranagar,14,5,1,0,15,16,16
whitefield,14,5,1,0,12,10,10
marathahalli,14,5,1,0,14,16,15
hsr_layout,14,5,1,0,13,14,14
jp_nagar,14,5,1,0,11,9,10
electronic_city,14,5,1,0,10,12,9
hebbal,14,5,1,0,9,7,9
koramangala,15,5,1,0,18,16,14
indiranagar,15,5,1,0,15,13,14
whitefield,15,5,1,0,12,11,10
marathahalli,15,5,1,0,14,11,14
hsr_layout,15,5,1,0,13,13,12
jp_nagar,15,5,1,0,11,9,11
electronic_city,15,5,1,0,10,9,7
hebbal,15,5,1,0,9,7,8
koramangala,16,5,1,0,18,19,18
indiranagar,16,5,1,0,15,13,14
whitefield,16,5,1,0,12,13,14
marathahalli,16,5,1,0,14,15,12
hsr_layout,16,5,1,0,13,11,15
jp_nagar,16,5,1,0,11,10,11
electronic_city,16,5,1,0,10,9,10
hebbal,16,5,1,0,9,8,10
koramangala,17,5,1,0,18,17,18
indiranagar,17,5,1,0,15,15,14
whitefield,17,5,1,0,12,11,11
marathahalli,17,5,1,0,14,14,13
hsr_layout,17,5,1,0,13,13,12
jp_nagar,17,5,1,0,11,10,11
electronic_city,17,5,1,0,10,12,9
hebbal,17,5,1,0,9,10,9
koramangala,18,5,1,0,18,17,19
indiranagar,18,5,1,0,15,16,13
whitefield,18,5,1,0,12,13,14
marathahalli,18,5,1,0,14,15,17
hsr_layout,18,5,1,0,13,16,9
jp_nagar,18,5,1,0,11,12,14
electronic_city,18,5,1,0,10,9,7
hebbal,18,5,1,0,9,8,11
koramangala,19,5,1,0,18,42,49
indiranagar,19,5,1,0,15,30,40
whitefield,19,5,1,0,12,30,25
marathahalli,19,5,1,0,14,27,31
hsr_layout,19,5,1,0,13,35,34
jp_nagar,19,5,1,0,11,30,24
electronic_city,19,5,1,0,10,28,21
hebbal,19,5,1,0,9,24,21
koramangala,20,5,1,0,18,47,42
indiranagar,20,5,1,0,15,39,41
whitefield,20,5,1,0,12,24,31
marathahalli,20,5,1,0,14,34,28
hsr_layout,20,5,1,0,13,25,28
jp_nagar,20,5,1,0,11,30,24
electronic_city,20,5,1,0,10,22,24
hebbal,20,5,1,0,9,18,18
koramangala,21,5,1,0,18,35,48
indiranagar,21,5,1,0,15,38,38
whitefield,21,5,1,0,12,30,23
marathahalli,21,5,1,0,14,38,31
hsr_layout,21,5,1,0,13,28,27
jp_nagar,21,5,1,0,11,30,29
electronic_city,21,5,1,0,10,27,21
hebbal,21,5,1,0,9,22,19
koramangala,22,5,1,0,18,19,17
indiranagar,22,5,1,0,15,18,16
whitefield,22,5,1,0,12,13,10
marathahalli,22,5,1,0,14,14,15
hsr_layout,22,5,1,0,13,11,11
jp_nagar,22,5,1,0,11,11,11
electronic_city,22,5,1,0,10,12,8
hebbal,22,5,1,0,9,10,6
koramangala,23,5,1,0,18,16,15
indiranagar,23,5,1,0,15,13,13
whitefield,23,5,1,0,12,10,11
marathahalli,23,5,1,0,14,12,13
hsr_layout,23,5,1,0,13,12,14
jp_nagar,23,5,1,0,11,11,10
electronic_city,23,5,1,0,10,8,10
hebbal,23,5,1,0,9,9,10
koramangala,0,6,1,0,18,4,3
indiranagar,0,6,1,0,15,4,4
whitefield,0,6,1,0,12,2,3
marathahalli,0,6,1,0,14,3,2
hsr_layout,0,6,1,0,13,2,6
jp_nagar,0,6,1,0,11,3,0
electronic_city,0,6,1,0,10,3,3
hebbal,0,6,1,0,9,1,2
koramangala,1,6,1,0,18,5,3
indiranagar,1,6,1,0,15,3,5
whitefield,1,6,1,0,12,2,0
marathahalli,1,6,1,0,14,3,2
hsr_layout,1,6,1,0,13,2,1
jp_nagar,1,6,1,0,11,2,2
electronic_city,1,6,1,0,10,2,0
hebbal,1,6,1,0,9,2,2
koramangala,2,6,1,0,18,5,4
indiranagar,2,6,1,0,15,3,2
whitefield,2,6,1,0,12,3,3
marathahalli,2,6,1,0,14,2,2
hsr_layout,2,6,1,0,13,3,1
jp_nagar,2,6,1,0,11,2,7
electronic_city,2,6,1,0,10,3,1
hebbal,2,6,1,0,9,2,0
koramangala,3,6,1,0,18,5,3
indiranagar,3,6,1,0,15,4,1
whitefield,3,6,1,0,12,3,3
marathahalli,3,6,1,0,14,3,3
hsr_layout,3,6,1,0,13,3,3
jp_nagar,3,6,1,0,11,2,1
electronic_city,3,6,1,0,10,2,1
hebbal,3,6,1,0,9,2,1
koramangala,4,6,1,0,18,4,3
indiranagar,4,6,1,0,15,4,4
whitefield,4,6,1,0,12,3,2
marathahalli,4,6,1,0,14,4,3
hsr_layout,4,6,1,0,13,3,3
jp_nagar,4,6,1,0,11,2,3
electronic_city,4,6,1,0,10,2,2
hebbal,4,6,1,0,9,2,2
koramangala,5,6,1,0,18,4,5
indiranagar,5,6,1,0,15,3,3
whitefield,5,6,1,0,12,2,0
marathahalli,5,6,1,0,14,3,1
hsr_layout,5,6,1,0,13,2,2
jp_nagar,5,6,1,0,11,3,0
electronic_city,5,6,1,0,10,2,2
hebbal,5,6,1,0,9,2,0
koramangala,6,6,1,0,18,19,17
indiranagar,6,6,1,0,15,17,14
whitefield,6,6,1,0,12,12,13
marathahalli,6,6,1,0,14,11,16
hsr_layout,6,6,1,0,13,14,14
jp_nagar,6,6,1,0,11,9,9
electronic_city,6,6,1,0,10,9,10
hebbal,6,6,1,0,9,10,9
koramangala,7,6,1,0,18,26,27
indiranagar,7,6,1,0,15,24,20
whitefield,7,6,1,0,12,15,20
marathahalli,7,6,1,0,14,19,18
hsr_layout,7,6,1,0,13,16,20
jp_nagar,7,6,1,0,11,16,15
electronic_city,7,6,1,0,10,18,14
hebbal,7,6,1,0,9,15,16
koramangala,8,6,1,0,18,25,27
indiranagar,8,6,1,0,15,26,25
whitefield,8,6,1,0,12,19,17
marathahalli,8,6,1,0,14,20,21
hsr_layout,8,6,1,0,13,24,19
jp_nagar,8,6,1,0,11,15,18
electronic_city,8,6,1,0,10,15,14
hebbal,8,6,1,0,9,11,14
koramangala,9,6,1,0,18,30,27
indiranagar,9,6,1,0,15,21,19
whitefield,9,6,1,0,12,16,20
marathahalli,9,6,1,0,14,24,21
hsr_layout,9,6,1,0,13,19,17
jp_nagar,9,6,1,0,11,19,15
electronic_city,9,6,1,0,10,16,12
hebbal,9,6,1,0,9,14,13
koramangala,10,6,1,0,18,17,18
indiranagar,10,6,1,0,15,12,16
whitefield,10,6,1,0,12,12,14
marathahalli,10,6,1,0,14,16,12
hsr_layout,10,6,1,0,13,13,11
jp_nagar,10,6,1,0,11,10,12
electronic_city,10,6,1,0,10,8,12
hebbal,10,6,1,0,9,10,8
koramangala,11,6,1,0,18,32,39
indiranagar,11,6,1,0,15,25,28
whitefield,11,6,1,0,12,20,23
marathahalli,11,6,1,0,14,25,24
hsr_layout,11,6,1,0,13,26,27
jp_nagar,11,6,1,0,11,24,17
electronic_city,11,6,1,0,10,20,16
hebbal,11,6,1,0,9,18,19
koramangala,12,6,1,0,18,36,34
indiranagar,12,6,1,0,15,26,26
whitefield,12,6,1,0,12,20,24
marathahalli,12,6,1,0,14,27,26
hsr_layout,12,6,1,0,13,24,30
jp_nagar,12,6,1,0,11,27,24
electronic_city,12,6,1,0,10,19,19
hebbal,12,6,1,0,9,21,16
koramangala,13,6,1,0,18,44,38
indiranagar,13,6,1,0,15,25,32
whitefield,13,6,1,0,12,21,29
marathahalli,13,6,1,0,14,24,31
hsr_layout,13,6,1,0,13,27,27
jp_nagar,13,6,1,0,11,21,25
electronic_city,13,6,1,0,10,24,23
hebbal,13,6,1,0,9,18,16
koramangala,14,6,1,0,18,17,18
indiranagar,14,6,1,0,15,15,12
whitefield,14,6,1,0,12,11,9
marathahalli,14,6,1,0,14,13,14
hsr_layout,14,6,1,0,13,13,14
jp_nagar,14,6,1,0,11,9,12
electronic_city,14,6,1,0,10,8,8
hebbal,14,6,1,0,9,8,11
koramangala,15,6,1,0,18,18,16
indiranagar,15,6,1,0,15,17,15
whitefield,15,6,1,0,12,11,9
marathahalli,15,6,1,0,14,15,15
hsr_layout,15,6,1,0,13,11,10
jp_nagar,15,6,1,0,11,11,8
electronic_city,15,6,1,0,10,9,8
hebbal,15,6,1,0,9,10,8
koramangala,16,6,1,0,18,18,21
indiranagar,16,6,1,0,15,13,14
whitefield,16,6,1,0,12,14,10
marathahalli,16,6,1,0,14,11,17
hsr_layout,16,6,1,0,13,15,13
jp_nagar,16,6,1,0,11,12,11
electronic_city,16,6,1,0,10,12,12
hebbal,16,6,1,0,9,9,7
koramangala,17,6,1,0,18,19,18
indiranagar,17,6,1,0,15,13,18
whitefield,17,6,1,0,12,11,14
marathahalli,17,6,1,0,14,12,11
hsr_layout,17,6,1,0,13,15,13
jp_nagar,17,6,1,0,11,9,10
electronic_city,17,6,1,0,10,9,9
hebbal,17,6,1,0,9,8,11
koramangala,18,6,1,0,18,15,19
indiranagar,18,6,1,0,15,13,14
whitefield,18,6,1,0,12,12,11
marathahalli,18,6,1,0,14,12,11
hsr_layout,18,6,1,0,13,14,12
jp_nagar,18,6,1,0,11,11,11
electronic_city,18,6,1,0,10,8,11
hebbal,18,6,1,0,9,8,11
koramangala,19,6,1,0,18,37,46
indiranagar,19,6,1,0,15,39,29
whitefield,19,6,1,0,12,28,32
marathahalli,19,6,1,0,14,33,30
hsr_layout,19,6,1,0,13,34,33
jp_nagar,19,6,1,0,11,23,31
electronic_city,19,6,1,0,10,20,23
hebbal,19,6,1,0,9,25,24
koramangala,20,6,1,0,18,53,39
indiranagar,20,6,1,0,15,31,37
whitefield,20,6,1,0,12,28,30
marathahalli,20,6,1,0,14,38,38
hsr_layout,20,6,1,0,13,32,31
jp_nagar,20,6,1,0,11,24,28
electronic_city,20,6,1,0,10,23,25
hebbal,20,6,1,0,9,24,16
koramangala,21,6,1,0,18,42,46
indiranagar,21,6,1,0,15,40,29
whitefield,21,6,1,0,12,33,22
marathahalli,21,6,1,0,14,35,29
hsr_layout,21,6,1,0,13,30,26
jp_nagar,21,6,1,0,11,28,23
electronic_city,21,6,1,0,10,24,21
hebbal,21,6,1,0,9,23,14
koramangala,22,6,1,0,18,21,21
indiranagar,22,6,1,0,15,17,12
whitefield,22,6,1,0,12,10,12
marathahalli,22,6,1,0,14,13,12
hsr_layout,22,6,1,0,13,15,14
jp_nagar,22,6,1,0,11,12,11
electronic_city,22,6,1,0,10,10,8
hebbal,22,6,1,0,9,8,9
koramangala,23,6,1,0,18,21,20
indiranagar,23,6,1,0,15,13,16
whitefield,23,6,1,0,12,11,11
marathahalli,23,6,1,0,14,16,13
hsr_layout,23,6,1,0,13,12,11
jp_nagar,23,6,1,0,11,12,10
electronic_city,23,6,1,0,10,12,9
hebbal,23,6,1,0,9,9,9
koramangala,0,0,0,0,18,3,0
indiranagar,0,0,0,0,15,3,0
whitefield,0,0,0,0,12,2,1
marathahalli,0,0,0,0,14,2,2
hsr_layout,0,0,0,0,13,2,1
jp_nagar,0,0,0,0,11,2,1
electronic_city,0,0,0,0,10,2,2
hebbal,0,0,0,0,9,1,0
koramangala,1,0,0,0,18,3,4
indiranagar,1,0,0,0,15,3,3
whitefield,1,0,0,0,12,2,1
marathahalli,1,0,0,0,14,3,4
hsr_layout,1,0,0,0,13,2,4
jp_nagar,1,0,0,0,11,2,3
electronic_city,1,0,0,0,10,1,0
hebbal,1,0,0,0,9,1,3
koramangala,2,0,0,0,18,3,5
indiranagar,2,0,0,0,15,2,5
whitefield,2,0,0,0,12,2,3
marathahalli,2,0,0,0,14,3,4
hsr_layout,2,0,0,0,13,2,3
jp_nagar,2,0,0,0,11,2,4
electronic_city,2,0,0,0,10,1,4
hebbal,2,0,0,0,9,1,1
koramangala,3,0,0,0,18,3,0
indiranagar,3,0,0,0,15,2,2
whitefield,3,0,0,0,12,2,2
marathahalli,3,0,0,0,14,2,2
hsr_layout,3,0,0,0,13,2,0
jp_nagar,3,0,0,0,11,2,0
electronic_city,3,0,0,0,10,1,0
hebbal,3,0,0,0,9,2,2
koramangala,4,0,0,0,18,3,5
indiranagar,4,0,0,0,15,3,3
whitefield,4,0,0,0,12,2,3
marathahalli,4,0,0,0,14,2,2
hsr_layout,4,0,0,0,13,2,0
jp_nagar,4,0,0,0,11,2,1
electronic_city,4,0,0,0,10,1,1
hebbal,4,0,0,0,9,2,0
koramangala,5,0,0,0,18,3,3
indiranagar,5,0,0,0,15,3,3
whitefield,5,0,0,0,12,2,3
marathahalli,5,0,0,0,14,2,1
hsr_layout,5,0,0,0,13,2,0
jp_nagar,5,0,0,0,11,2,1
electronic_city,5,0,0,0,10,2,1
hebbal,5,0,0,0,9,1,2
koramangala,6,0,0,0,18,14,14
indiranagar,6,0,0,0,15,12,12
whitefield,6,0,0,0,12,10,8
marathahalli,6,0,0,0,14,11,10
hsr_layout,6,0,0,0,13,8,11
jp_nagar,6,0,0,0,11,10,6
electronic_city,6,0,0,0,10,7,6
hebbal,6,0,0,0,9,8,5
koramangala,7,0,0,0,18,24,20
indiranagar,7,0,0,0,15,17,16
whitefield,7,0,0,0,12,12,11
marathahalli,7,0,0,0,14,19,17
hsr_layout,7,0,0,0,13,16,14
jp_nagar,7,0,0,0,11,12,13
electronic_city,7,0,0,0,10,14,12
hebbal,7,0,0,0,9,10,10
koramangala,8,0,0,0,18,20,21
indiranagar,8,0,0,0,15,15,20
whitefield,8,0,0,0,12,12,13
marathahalli,8,0,0,0,14,13,16
hsr_layout,8,0,0,0,13,15,12
jp_nagar,8,0,0,0,11,14,11
electronic_city,8,0,0,0,10,12,7
hebbal,8,0,0,0,9,11,10
koramangala,9,0,0,0,18,20,18
indiranagar,9,0,0,0,15,16,15
whitefield,9,0,0,0,12,16,14
marathahalli,9,0,0,0,14,15,18
hsr_layout,9,0,0,0,13,16,14
jp_nagar,9,0,0,0,11,12,10
electronic_city,9,0,0,0,10,13,12
hebbal,9,0,0,0,9,10,12
koramangala,10,0,0,0,18,17,11
indiranagar,10,0,0,0,15,13,12
whitefield,10,0,0,0,12,10,12
marathahalli,10,0,0,0,14,12,10
hsr_layout,10,0,0,0,13,12,8
jp_nagar,10,0,0,0,11,7,7
electronic_city,10,0,0,0,10,8,6
hebbal,10,0,0,0,9,8,6
koramangala,11,0,0,0,18,27,23
indiranagar,11,0,0,0,15,26,20
whitefield,11,0,0,0,12,15,17
marathahalli,11,0,0,0,14,22,19
hsr_layout,11,0,0,0,13,21,22
jp_nagar,11,0,0,0,11,19,15
electronic_city,11,0,0,0,10,17,14
hebbal,11,0,0,0,9,15,15
koramangala,12,0,0,0,18,32,27
indiranagar,12,0,0,0,15,23,25
whitefield,12,0,0,0,12,21,17
marathahalli,12,0,0,0,14,22,25
hsr_layout,12,0,0,0,13,19,17
jp_nagar,12,0,0,0,11,15,15
electronic_city,12,0,0,0,10,15,12
hebbal,12,0,0,0,9,11,11
koramangala,13,0,0,0,18,23,26
indiranagar,13,0,0,0,15,26,21
whitefield,13,0,0,0,12,20,19
marathahalli,13,0,0,0,14,22,24
hsr_layout,13,0,0,0,13,21,19
jp_nagar,13,0,0,0,11,18,13
electronic_city,13,0,0,0,10,14,12
hebbal,13,0,0,0,9,13,14
koramangala,14,0,0,0,18,15,11
indiranagar,14,0,0,0,15,12,13
whitefield,14,0,0,0,12,8,9
marathahalli,14,0,0,0,14,10,9
hsr_layout,14,0,0,0,13,11,6
jp_nagar,14,0,0,0,11,7,7
electronic_city,14,0,0,0,10,9,9
hebbal,14,0,0,0,9,7,6
koramangala,15,0,0,0,18,13,16
indiranagar,15,0,0,0,15,9,10
whitefield,15,0,0,0,12,8,10
marathahalli,15,0,0,0,14,9,9
hsr_layout,15,0,0,0,13,11,11
jp_nagar,15,0,0,0,11,8,9
electronic_city,15,0,0,0,10,8,6
hebbal,15,0,0,0,9,6,4
koramangala,16,0,0,0,18,14,12
indiranagar,16,0,0,0,15,10,11
whitefield,16,0,0,0,12,9,7
marathahalli,16,0,0,0,14,8,11
hsr_layout,16,0,0,0,13,11,12
jp_nagar,16,0,0,0,11,8,10
electronic_city,16,0,0,0,10,9,6
hebbal,16,0,0,0,9,8,4
koramangala,17,0,0,0,18,14,13
indiranagar,17,0,0,0,15,12,10
whitefield,17,0,0,0,12,11,9
marathahalli,17,0,0,0,14,12,10
hsr_layout,17,0,0,0,13,10,10
jp_nagar,17,0,0,0,11,9,7
electronic_city,17,0,0,0,10,7,6
hebbal,17,0,0,0,9,8,6
koramangala,18,0,0,0,18,16,11
indiranagar,18,0,0,0,15,12,9
whitefield,18,0,0,0,12,8,7
marathahalli,18,0,0,0,14,11,10
hsr_layout,18,0,0,0,13,11,7
jp_nagar,18,0,0,0,11,10,7
electronic_city,18,0,0,0,10,9,5
hebbal,18,0,0,0,9,7,7
koramangala,19,0,0,0,18,31,29
indiranagar,19,0,0,0,15,27,24
whitefield,19,0,0,0,12,21,19
marathahalli,19,0,0,0,14,27,27
hsr_layout,19,0,0,0,13,19,23
jp_nagar,19,0,0,0,11,17,16
electronic_city,19,0,0,0,10,20,16
hebbal,19,0,0,0,9,16,16
koramangala,20,0,0,0,18,34,32
indiranagar,20,0,0,0,15,33,31
whitefield,20,0,0,0,12,20,22
marathahalli,20,0,0,0,14,27,21
hsr_layout,20,0,0,0,13,27,25
jp_nagar,20,0,0,0,11,20,21
electronic_city,20,0,0,0,10,21,18
hebbal,20,0,0,0,9,17,15
koramangala,21,0,0,0,18,36,36
indiranagar,21,0,0,0,15,32,29
whitefield,21,0,0,0,12,23,26
marathahalli,21,0,0,0,14,22,27
hsr_layout,21,0,0,0,13,23,23
jp_nagar,21,0,0,0,11,18,19
electronic_city,21,0,0,0,10,22,19
hebbal,21,0,0,0,9,17,16
koramangala,22,0,0,0,18,11,12
indiranagar,22,0,0,0,15,10,11
whitefield,22,0,0,0,12,9,7
marathahalli,22,0,0,0,14,11,11
hsr_layout,22,0,0,0,13,10,7
jp_nagar,22,0,0,0,11,10,9
electronic_city,22,0,0,0,10,8,7
hebbal,22,0,0,0,9,8,4
koramangala,23,0,0,0,18,13,15
indiranagar,23,0,0,0,15,11,11
whitefield,23,0,0,0,12,10,6
marathahalli,23,0,0,0,14,12,10
hsr_layout,23,0,0,0,13,8,8
jp_nagar,23,0,0,0,11,9,5
electronic_city,23,0,0,0,10,9,9
hebbal,23,0,0,0,9,7,6
koramangala,0,1,0,0,18,3,5
indiranagar,0,1,0,0,15,3,3
whitefield,0,1,0,0,12,2,1
marathahalli,0,1,0,0,14,2,3
hsr_layout,0,1,0,0,13,2,0
jp_nagar,0,1,0,0,11,2,4
electronic_city,0,1,0,0,10,2,0
hebbal,0,1,0,0,9,1,3
koramangala,1,1,0,0,18,3,4
indiranagar,1,1,0,0,15,3,2
whitefield,1,1,0,0,12,2,0
marathahalli,1,1,0,0,14,2,1
hsr_layout,1,1,0,0,13,2,0
jp_nagar,1,1,0,0,11,2,2
electronic_city,1,1,0,0,10,1,1
hebbal,1,1,0,0,9,1,1
koramangala,2,1,0,0,18,4,0
indiranagar,2,1,0,0,15,3,0
whitefield,2,1,0,0,12,1,0
marathahalli,2,1,0,0,14,2,2
hsr_layout,2,1,0,0,13,2,2
jp_nagar,2,1,0,0,11,2,1
electronic_city,2,1,0,0,10,2,2
hebbal,2,1,0,0,9,1,0
koramangala,3,1,0,0,18,3,3
indiranagar,3,1,0,0,15,2,3
whitefield,3,1,0,0,12,2,2
marathahalli,3,1,0,0,14,2,2
hsr_layout,3,1,0,0,13,2,4
jp_nagar,3,1,0,0,11,2,2
electronic_city,3,1,0,0,10,2,0
hebbal,3,1,0,0,9,2,1
koramangala,4,1,0,0,18,3,4
indiranagar,4,1,0,0,15,3,2
whitefield,4,1,0,0,12,2,3
marathahalli,4,1,0,0,14,3,2
hsr_layout,4,1,0,0,13,2,0
jp_nagar,4,1,0,0,11,2,2
electronic_city,4,1,0,0,10,2,0
hebbal,4,1,0,0,9,1,1
koramangala,5,1,0,0,18,2,5
indiranagar,5,1,0,0,15,2,2
whitefield,5,1,0,0,12,2,4
marathahalli,5,1,0,0,14,2,1
hsr_layout,5,1,0,0,13,2,2
jp_nagar,5,1,0,0,11,1,3
electronic_city,5,1,0,0,10,1,1
hebbal,5,1,0,0,9,1,2
koramangala,6,1,0,0,18,11,13
indiranagar,6,1,0,0,15,13,10
whitefield,6,1,0,0,12,9,6
marathahalli,6,1,0,0,14,12,10
hsr_layout,6,1,0,0,13,12,11
jp_nagar,6,1,0,0,11,9,9
electronic_city,6,1,0,0,10,8,8
hebbal,6,1,0,0,9,8,6
koramangala,7,1,0,0,18,19,22
indiranagar,7,1,0,0,15,21,19
whitefield,7,1,0,0,12,13,16
marathahalli,7,1,0,0,14,19,19
hsr_layout,7,1,0,0,13,12,15
jp_nagar,7,1,0,0,11,11,11
electronic_city,7,1,0,0,10,10,10
hebbal,7,1,0,0,9,11,9
koramangala,8,1,0,0,18,20,23
indiranagar,8,1,0,0,15,17,18
whitefield,8,1,0,0,12,12,16
marathahalli,8,1,0,0,14,17,16
hsr_layout,8,1,0,0,13,13,14
jp_nagar,8,1,0,0,11,15,12
electronic_city,8,1,0,0,10,10,11
hebbal,8,1,0,0,9,11,9
koramangala,9,1,0,0,18,22,23
indiranagar,9,1,0,0,15,19,16
whitefield,9,1,0,0,12,17,11
marathahalli,9,1,0,0,14,14,15
hsr_layout,9,1,0,0,13,17,16
jp_nagar,9,1,0,0,11,10,9
electronic_city,9,1,0,0,10,13,13
hebbal,9,1,0,0,9,11,12
koramangala,10,1,0,0,18,11,14
indiranagar,10,1,0,0,15,10,13
whitefield,10,1,0,0,12,9,9
marathahalli,10,1,0,0,14,10,7
hsr_layout,10,1,0,0,13,8,11
jp_nagar,10,1,0,0,11,9,8
electronic_city,10,1,0,0,10,8,8
hebbal,10,1,0,0,9,7,7
koramangala,11,1,0,0,18,33,26
indiranagar,11,1,0,0,15,23,24
whitefield,11,1,0,0,12,17,19
marathahalli,11,1,0,0,14,25,17
hsr_layout,11,1,0,0,13,22,19
jp_nagar,11,1,0,0,11,17,18
electronic_city,11,1,0,0,10,18,17
hebbal,11,1,0,0,9,12,13
koramangala,12,1,0,0,18,26,25
indiranagar,12,1,0,0,15,23,23
whitefield,12,1,0,0,12,15,18
marathahalli,12,1,0,0,14,25,21
hsr_layout,12,1,0,0,13,20,19
jp_nagar,12,1,0,0,11,14,21
electronic_city,12,1,0,0,10,16,19
hebbal,12,1,0,0,9,12,12
koramangala,13,1,0,0,18,30,32
indiranagar,13,1,0,0,15,28,28
whitefield,13,1,0,0,12,15,19
marathahalli,13,1,0,0,14,26,20
hsr_layout,13,1,0,0,13,24,22
jp_nagar,13,1,0,0,11,18,18
electronic_city,13,1,0,0,10,15,18
hebbal,13,1,0,0,9,12,14
koramangala,14,1,0,0,18,13,12
indiranagar,14,1,0,0,15,10,10
whitefield,14,1,0,0,12,11,8
marathahalli,14,1,0,0,14,13,10
hsr_layout,14,1,0,0,13,12,9
jp_nagar,14,1,0,0,11,10,7
electronic_city,14,1,0,0,10,8,6
hebbal,14,1,0,0,9,6,8
koramangala,15,1,0,0,18,12,16
indiranagar,15,1,0,0,15,14,10
whitefield,15,1,0,0,12,9,7
marathahalli,15,1,0,0,14,12,10
hsr_layout,15,1,0,0,13,10,12
jp_nagar,15,1,0,0,11,7,8
electronic_city,15,1,0,0,10,7,6
hebbal,15,1,0,0,9,6,4
koramangala,16,1,0,0,18,15,11
indiranagar,16,1,0,0,15,12,11
whitefield,16,1,0,0,12,9,7
marathahalli,16,1,0,0,14,9,10
hsr_layout,16,1,0,0,13,9,10
jp_nagar,16,1,0,0,11,7,6
electronic_city,16,1,0,0,10,7,5
hebbal,16,1,0,0,9,8,8
koramangala,17,1,0,0,18,16,16
indiranagar,17,1,0,0,15,10,13
whitefield,17,1,0,0,12,9,8
marathahalli,17,1,0,0,14,9,10
hsr_layout,17,1,0,0,13,11,10
jp_nagar,17,1,0,0,11,10,7
electronic_city,17,1,0,0,10,8,7
hebbal,17,1,0,0,9,7,5
koramangala,18,1,0,0,18,12,10
indiranagar,18,1,0,0,15,11,15
whitefield,18,1,0,0,12,10,9
marathahalli,18,1,0,0,14,9,10
hsr_layout,18,1,0,0,13,11,10
jp_nagar,18,1,0,0,11,9,8
electronic_city,18,1,0,0,10,9,7
hebbal,18,1,0,0,9,6,6
koramangala,19,1,0,0,18,37,29
indiranagar,19,1,0,0,15,33,32
whitefield,19,1,0,0,12,25,25
marathahalli,19,1,0,0,14,24,25
hsr_layout,19,1,0,0,13,24,22
jp_nagar,19,1,0,0,11,24,17
electronic_city,19,1,0,0,10,15,16
hebbal,19,1,0,0,9,15,15
koramangala,20,1,0,0,18,30,33
indiranagar,20,1,0,0,15,27,27
whitefield,20,1,0,0,12,19,24
marathahalli,20,1,0,0,14,24,28
hsr_layout,20,1,0,0,13,21,20
jp_nagar,20,1,0,0,11,18,19
electronic_city,20,1,0,0,10,18,17
hebbal,20,1,0,0,9,17,17
koramangala,21,1,0,0,18,28,38
indiranagar,21,1,0,0,15,22,23
whitefield,21,1,0,0,12,21,20
marathahalli,21,1,0,0,14,26,26
hsr_layout,21,1,0,0,13,20,22
jp_nagar,21,1,0,0,11,22,21
electronic_city,21,1,0,0,10,19,17
hebbal,21,1,0,0,9,18,18
koramangala,22,1,0,0,18,17,12
indiranagar,22,1,0,0,15,10,10
whitefield,22,1,0,0,12,8,8
marathahalli,22,1,0,0,14,9,11
hsr_layout,22,1,0,0,13,10,11
jp_nagar,22,1,0,0,11,10,8
electronic_city,22,1,0,0,10,8,4
hebbal,22,1,0,0,9,7,4
koramangala,23,1,0,0,18,15,12
indiranagar,23,1,0,0,15,11,12
whitefield,23,1,0,0,12,8,6
marathahalli,23,1,0,0,14,9,11
hsr_layout,23,1,0,0,13,11,8
jp_nagar,23,1,0,0,11,10,10
electronic_city,23,1,0,0,10,8,7
hebbal,23,1,0,0,9,8,3
koramangala,0,2,0,0,18,3,1
indiranagar,0,2,0,0,15,2,0
whitefield,0,2,0,0,12,2,1
marathahalli,0,2,0,0,14,3,1
hsr_layout,0,2,0,0,13,2,0
jp_nagar,0,2,0,0,11,2,4
electronic_city,0,2,0,0,10,1,0
hebbal,0,2,0,0,9,2,3
koramangala,1,2,0,0,18,3,4
indiranagar,1,2,0,0,15,3,3
whitefield,1,2,0,0,12,2,0
marathahalli,1,2,0,0,14,2,2
hsr_layout,1,2,0,0,13,2,0
jp_nagar,1,2,0,0,11,1,3
electronic_city,1,2,0,0,10,1,1
hebbal,1,2,0,0,9,1,0
koramangala,2,2,0,0,18,3,1
indiranagar,2,2,0,0,15,2,0
whitefield,2,2,0,0,12,2,0
marathahalli,2,2,0,0,14,3,3
hsr_layout,2,2,0,0,13,2,1
jp_nagar,2,2,0,0,11,2,1
electronic_city,2,2,0,0,10,1,2
hebbal,2,2,0,0,9,1,3
koramangala,3,2,0,0,18,2,4
indiranagar,3,2,0,0,15,2,0
whitefield,3,2,0,0,12,2,0
marathahalli,3,2,0,0,14,2,5
hsr_layout,3,2,0,0,13,2,5
jp_nagar,3,2,0,0,11,2,2
electronic_city,3,2,0,0,10,1,0
hebbal,3,2,0,0,9,1,2
koramangala,4,2,0,0,18,3,2
indiranagar,4,2,0,0,15,2,1
whitefield,4,2,0,0,12,2,3
marathahalli,4,2,0,0,14,3,2
hsr_layout,4,2,0,0,13,2,0
jp_nagar,4,2,0,0,11,1,1
electronic_city,4,2,0,0,10,1,1
hebbal,4,2,0,0,9,1,1
koramangala,5,2,0,0,18,3,3
indiranagar,5,2,0,0,15,2,3
whitefield,5,2,0,0,12,2,1
marathahalli,5,2,0,0,14,3,2
hsr_layout,5,2,0,0,13,2,0
jp_nagar,5,2,0,0,11,2,0
electronic_city,5,2,0,0,10,1,2
hebbal,5,2,0,0,9,1,0
koramangala,6,2,0,0,18,13,12
indiranagar,6,2,0,0,15,11,11
whitefield,6,2,0,0,12,9,10
marathahalli,6,2,0,0,14,12,10
hsr_layout,6,2,0,0,13,11,11
jp_nagar,6,2,0,0,11,7,6
electronic_city,6,2,0,0,10,9,7
hebbal,6,2,0,0,9,7,6
koramangala,7,2,0,0,18,19,19
indiranagar,7,2,0,0,15,20,16
whitefield,7,2,0,0,12,12,14
marathahalli,7,2,0,0,14,18,16
hsr_layout,7,2,0,0,13,17,13
jp_nagar,7,2,0,0,11,15,16
electronic_city,7,2,0,0,10,11,12
hebbal,7,2,0,0,9,11,9
koramangala,8,2,0,0,18,22,23
indiranagar,8,2,0,0,15,19,14
whitefield,8,2,0,0,12,15,15
marathahalli,8,2,0,0,14,17,17
hsr_layout,8,2,0,0,13,17,15
jp_nagar,8,2,0,0,11,11,13
electronic_city,8,2,0,0,10,13,11
hebbal,8,2,0,0,9,12,8
koramangala,9,2,0,0,18,18,21
indiranagar,9,2,0,0,15,15,19
whitefield,9,2,0,0,12,15,17
marathahalli,9,2,0,0,14,19,17
hsr_layout,9,2,0,0,13,15,15
jp_nagar,9,2,0,0,11,11,14
electronic_city,9,2,0,0,10,10,12
hebbal,9,2,0,0,9,10,11
koramangala,10,2,0,0,18,15,13
indiranagar,10,2,0,0,15,13,10
whitefield,10,2,0,0,12,9,9
marathahalli,10,2,0,0,14,11,10
hsr_layout,10,2,0,0,13,10,9
jp_nagar,10,2,0,0,11,9,8
electronic_city,10,2,0,0,10,6,6
hebbal,10,2,0,0,9,8,4
koramangala,11,2,0,0,18,28,26
indiranagar,11,2,0,0,15,27,19
whitefield,11,2,0,0,12,16,22
marathahalli,11,2,0,0,14,18,21
hsr_layout,11,2,0,0,13,23,19
jp_nagar,11,2,0,0,11,16,17
electronic_city,11,2,0,0,10,13,17
hebbal,11,2,0,0,9,11,11
koramangala,12,2,0,0,18,29,28
indiranagar,12,2,0,0,15,23,23
whitefield,12,2,0,0,12,20,18
marathahalli,12,2,0,0,14,19,23
hsr_layout,12,2,0,0,13,21,16
jp_nagar,12,2,0,0,11,20,20
electronic_city,12,2,0,0,10,15,14
hebbal,12,2,0,0,9,15,15
koramangala,13,2,0,0,18,28,25
indiranagar,13,2,0,0,15,25,27
whitefield,13,2,0,0,12,21,21
marathahalli,13,2,0,0,14,23,21
hsr_layout,13,2,0,0,13,22,20
jp_nagar,13,2,0,0,11,16,18
electronic_city,13,2,0,0,10,14,14
hebbal,13,2,0,0,9,12,15
koramangala,14,2,0,0,18,16,15
indiranagar,14,2,0,0,15,13,9
whitefield,14,2,0,0,12,9,10
marathahalli,14,2,0,0,14,11,10
hsr_layout,14,2,0,0,13,12,7
jp_nagar,14,2,0,0,11,9,10
electronic_city,14,2,0,0,10,7,6
hebbal,14,2,0,0,9,7,7
koramangala,15,2,0,0,18,14,10
indiranagar,15,2,0,0,15,11,13
whitefield,15,2,0,0,12,8,8
marathahalli,15,2,0,0,14,11,7
hsr_layout,15,2,0,0,13,12,8
jp_nagar,15,2,0,0,11,8,8
electronic_city,15,2,0,0,10,6,6
hebbal,15,2,0,0,9,7,4
koramangala,16,2,0,0,18,13,14
indiranagar,16,2,0,0,15,13,12
whitefield,16,2,0,0,12,8,8
marathahalli,16,2,0,0,14,10,12
hsr_layout,16,2,0,0,13,11,12
jp_nagar,16,2,0,0,11,9,9
electronic_city,16,2,0,0,10,8,10
hebbal,16,2,0,0,9,6,5
koramangala,17,2,0,0,18,14,13
indiranagar,17,2,0,0,15,10,13
whitefield,17,2,0,0,12,11,11
marathahalli,17,2,0,0,14,11,11
hsr_layout,17,2,0,0,13,8,11
jp_nagar,17,2,0,0,11,8,7
electronic_city,17,2,0,0,10,6,7
hebbal,17,2,0,0,9,7,5
koramangala,18,2,0,0,18,15,18
indiranagar,18,2,0,0,15,9,10
whitefield,18,2,0,0,12,11,7
marathahalli,18,2,0,0,14,13,9
hsr_layout,18,2,0,0,13,10,10
jp_nagar,18,2,0,0,11,10,7
electronic_city,18,2,0,0,10,7,7
hebbal,18,2,0,0,9,5,5
koramangala,19,2,0,0,18,39,33
indiranagar,19,2,0,0,15,25,27
whitefield,19,2,0,0,12,26,25
marathahalli,19,2,0,0,14,24,30
hsr_layout,19,2,0,0,13,28,24
jp_nagar,19,2,0,0,11,18,20
electronic_city,19,2,0,0,10,15,14
hebbal,19,2,0,0,9,14,12
koramangala,20,2,0,0,18,33,37
indiranagar,20,2,0,0,15,23,30
whitefield,20,2,0,0,12,26,19
marathahalli,20,2,0,0,14,31,24
hsr_layout,20,2,0,0,13,20,26
jp_nagar,20,2,0,0,11,17,22
electronic_city,20,2,0,0,10,15,16
hebbal,20,2,0,0,9,15,11
koramangala,21,2,0,0,18,37,33
indiranagar,21,2,0,0,15,26,30
whitefield,21,2,0,0,12,18,19
marathahalli,21,2,0,0,14,30,25
hsr_layout,21,2,0,0,13,19,27
jp_nagar,21,2,0,0,11,21,20
electronic_city,21,2,0,0,10,15,15
hebbal,21,2,0,0,9,14,15
koramangala,22,2,0,0,18,16,11
indiranagar,22,2,0,0,15,10,9
whitefield,22,2,0,0,12,10,9
marathahalli,22,2,0,0,14,11,10
hsr_layout,22,2,0,0,13,10,11
jp_nagar,22,2,0,0,11,8,8
electronic_city,22,2,0,0,10,7,7
hebbal,22,2,0,0,9,6,5
koramangala,23,2,0,0,18,11,16
indiranagar,23,2,0,0,15,11,13
whitefield,23,2,0,0,12,8,10
marathahalli,23,2,0,0,14,9,13
hsr_layout,23,2,0,0,13,9,9
jp_nagar,23,2,0,0,11,7,9
electronic_city,23,2,0,0,10,9,6
hebbal,23,2,0,0,9,6,9
koramangala,0,3,0,0,18,2,1
indiranagar,0,3,0,0,15,2,2
whitefield,0,3,0,0,12,2,2
marathahalli,0,3,0,0,14,2,2
hsr_layout,0,3,0,0,13,2,2
jp_nagar,0,3,0,0,11,2,3
electronic_city,0,3,0,0,10,1,0
hebbal,0,3,0,0,9,1,0
koramangala,1,3,0,0,18,3,3
indiranagar,1,3,0,0,15,3,0
whitefield,1,3,0,0,12,2,7
marathahalli,1,3,0,0,14,2,2
hsr_layout,1,3,0,0,13,3,1
jp_nagar,1,3,0,0,11,2,1
electronic_city,1,3,0,0,10,2,1
hebbal,1,3,0,0,9,2,1
koramangala,2,3,0,0,18,3,4
indiranagar,2,3,0,0,15,3,1
whitefield,2,3,0,0,12,2,1
marathahalli,2,3,0,0,14,3,4
hsr_layout,2,3,0,0,13,2,4
jp_nagar,2,3,0,0,11,2,2
electronic_city,2,3,0,0,10,1,0
hebbal,2,3,0,0,9,1,1
koramangala,3,3,0,0,18,3,5
indiranagar,3,3,0,0,15,2,4
whitefield,3,3,0,0,12,2,3
marathahalli,3,3,0,0,14,2,4
hsr_layout,3,3,0,0,13,2,2
jp_nagar,3,3,0,0,11,2,2
electronic_city,3,3,0,0,10,2,0
hebbal,3,3,0,0,9,2,1
koramangala,4,3,0,0,18,4,4
indiranagar,4,3,0,0,15,2,1
whitefield,4,3,0,0,12,2,0
marathahalli,4,3,0,0,14,3,3
hsr_layout,4,3,0,0,13,2,1
jp_nagar,4,3,0,0,11,2,2
electronic_city,4,3,0,0,10,2,1
hebbal,4,3,0,0,9,2,3
koramangala,5,3,0,0,18,3,1
indiranagar,5,3,0,0,15,2,3
whitefield,5,3,0,0,12,2,0
marathahalli,5,3,0,0,14,2,0
hsr_layout,5,3,0,0,13,2,2
jp_nagar,5,3,0,0,11,1,1
electronic_city,5,3,0,0,10,1,0
hebbal,5,3,0,0,9,1,0
koramangala,6,3,0,0,18,14,14
indiranagar,6,3,0,0,15,12,12
whitefield,6,3,0,0,12,10,9
marathahalli,6,3,0,0,14,9,10
hsr_layout,6,3,0,0,13,8,11
jp_nagar,6,3,0,0,11,7,8
electronic_city,6,3,0,0,10,6,4
hebbal,6,3,0,0,9,8,4
koramangala,7,3,0,0,18,25,19
indiranagar,7,3,0,0,15,14,18
whitefield,7,3,0,0,12,15,14
marathahalli,7,3,0,0,14,19,20
hsr_layout,7,3,0,0,13,18,14
jp_nagar,7,3,0,0,11,13,12
electronic_city,7,3,0,0,10,14,7
hebbal,7,3,0,0,9,12,10
koramangala,8,3,0,0,18,22,24
indiranagar,8,3,0,0,15,16,13
whitefield,8,3,0,0,12,17,12
marathahalli,8,3,0,0,14,16,13
hsr_layout,8,3,0,0,13,13,15
jp_nagar,8,3,0,0,11,15,9
electronic_city,8,3,0,0,10,11,11
hebbal,8,3,0,0,9,12,10
koramangala,9,3,0,0,18,20,19
indiranagar,9,3,0,0,15,18,18
whitefield,9,3,0,0,12,12,14
marathahalli,9,3,0,0,14,18,12
hsr_layout,9,3,0,0,13,16,14
jp_nagar,9,3,0,0,11,13,14
electronic_city,9,3,0,0,10,10,11
hebbal,9,3,0,0,9,9,11
koramangala,10,3,0,0,18,12,13
indiranagar,10,3,0,0,15,12,14
whitefield,10,3,0,0,12,7,7
marathahalli,10,3,0,0,14,10,8
hsr_layout,10,3,0,0,13,10,11
jp_nagar,10,3,0,0,11,7,10
electronic_city,10,3,0,0,10,7,8
hebbal,10,3,0,0,9,6,5
koramangala,11,3,0,0,18,25,29
indiranagar,11,3,0,0,15,26,24
whitefield,11,3,0,0,12,17,20
marathahalli,11,3,0,0,14,20,24
hsr_layout,11,3,0,0,13,21,17
jp_nagar,11,3,0,0,11,19,17
electronic_city,11,3,0,0,10,18,16
hebbal,11,3,0,0,9,16,13
koramangala,12,3,0,0,18,26,29
indiranagar,12,3,0,0,15,24,21
whitefield,12,3,0,0,12,19,15
marathahalli,12,3,0,0,14,25,22
hsr_layout,12,3,0,0,13,20,20
jp_nagar,12,3,0,0,11,18,16
electronic_city,12,3,0,0,10,13,15
hebbal,12,3,0,0,9,14,12
koramangala,13,3,0,0,18,23,20
indiranagar,13,3,0,0,15,22,22
whitefield,13,3,0,0,12,17,17
marathahalli,13,3,0,0,14,21,23
hsr_layout,13,3,0,0,13,17,18
jp_nagar,13,3,0,0,11,17,16
electronic_city,13,3,0,0,10,14,16
hebbal,13,3,0,0,9,11,14
koramangala,14,3,0,0,18,14,11
indiranagar,14,3,0,0,15,10,8
whitefield,14,3,0,0,12,8,8
marathahalli,14,3,0,0,14,10,11
hsr_layout,14,3,0,0,13,10,8
jp_nagar,14,3,0,0,11,8,8
electronic_city,14,3,0,0,10,8,6
hebbal,14,3,0,0,9,8,7
koramangala,15,3,0,0,18,16,13
indiranagar,15,3,0,0,15,10,7
whitefield,15,3,0,0,12,10,9
marathahalli,15,3,0,0,14,9,8
hsr_layout,15,3,0,0,13,8,5
jp_nagar,15,3,0,0,11,7,7
electronic_city,15,3,0,0,10,7,11
hebbal,15,3,0,0,9,6,8
koramangala,16,3,0,0,18,13,14
indiranagar,16,3,0,0,15,12,12
whitefield,16,3,0,0,12,8,8
marathahalli,16,3,0,0,14,13,9
hsr_layout,16,3,0,0,13,11,10
jp_nagar,16,3,0,0,11,8,7
electronic_city,16,3,0,0,10,6,6
hebbal,16,3,0,0,9,6,4
koramangala,17,3,0,0,18,12,16
indiranagar,17,3,0,0,15,13,11
whitefield,17,3,0,0,12,8,7
marathahalli,17,3,0,0,14,9,9
hsr_layout,17,3,0,0,13,10,10
jp_nagar,17,3,0,0,11,7,8
electronic_city,17,3,0,0,10,6,7
hebbal,17,3,0,0,9,8,6
koramangala,18,3,0,0,18,13,14
indiranagar,18,3,0,0,15,12,11
whitefield,18,3,0,0,12,9,7
marathahalli,18,3,0,0,14,10,12
hsr_layout,18,3,0,0,13,8,10
jp_nagar,18,3,0,0,11,8,8
electronic_city,18,3,0,0,10,8,6
hebbal,18,3,0,0,9,8,4
koramangala,19,3,0,0,18,30,30
indiranagar,19,3,0,0,15,27,29
whitefield,19,3,0,0,12,22,25
marathahalli,19,3,0,0,14,21,23
hsr_layout,19,3,0,0,13,21,22
jp_nagar,19,3,0,0,11,16,18
electronic_city,19,3,0,0,10,21,15
hebbal,19,3,0,0,9,17,14
koramangala,20,3,0,0,18,38,36
indiranagar,20,3,0,0,15,22,26
whitefield,20,3,0,0,12,22,21
marathahalli,20,3,0,0,14,21,27
hsr_layout,20,3,0,0,13,26,22
jp_nagar,20,3,0,0,11,21,21
electronic_city,20,3,0,0,10,18,20
hebbal,20,3,0,0,9,13,16
koramangala,21,3,0,0,18,29,34
indiranagar,21,3,0,0,15,26,24
whitefield,21,3,0,0,12,19,24
marathahalli,21,3,0,0,14,25,27
hsr_layout,21,3,0,0,13,22,24
jp_nagar,21,3,0,0,11,21,20
electronic_city,21,3,0,0,10,22,17
hebbal,21,3,0,0,9,18,18
koramangala,22,3,0,0,18,15,18
indiranagar,22,3,0,0,15,10,11
whitefield,22,3,0,0,12,10,11
marathahalli,22,3,0,0,14,13,8
hsr_layout,22,3,0,0,13,9,12
jp_nagar,22,3,0,0,11,9,9
electronic_city,22,3,0,0,10,9,9
hebbal,22,3,0,0,9,5,6
koramangala,23,3,0,0,18,13,13
indiranagar,23,3,0,0,15,13,8
whitefield,23,3,0,0,12,10,7
marathahalli,23,3,0,0,14,10,14
hsr_layout,23,3,0,0,13,9,9
jp_nagar,23,3,0,0,11,10,10
electronic_city,23,3,0,0,10,8,10
hebbal,23,3,0,0,9,6,6
koramangala,0,4,0,0,18,2,4
indiranagar,0,4,0,0,15,2,0
whitefield,0,4,0,0,12,2,0
marathahalli,0,4,0,0,14,3,0
hsr_layout,0,4,0,0,13,2,0
jp_nagar,0,4,0,0,11,2,2
electronic_city,0,4,0,0,10,1,1
hebbal,0,4,0,0,9,1,1
koramangala,1,4,0,0,18,3,3
indiranagar,1,4,0,0,15,2,0
whitefield,1,4,0,0,12,2,0
marathahalli,1,4,0,0,14,2,2
hsr_layout,1,4,0,0,13,2,1
jp_nagar,1,4,0,0,11,2,0
electronic_city,1,4,0,0,10,1,2
hebbal,1,4,0,0,9,1,3
koramangala,2,4,0,0,18,2,5
indiranagar,2,4,0,0,15,3,3
whitefield,2,4,0,0,12,2,2
marathahalli,2,4,0,0,14,2,5
hsr_layout,2,4,0,0,13,2,1
jp_nagar,2,4,0,0,11,1,3
electronic_city,2,4,0,0,10,1,1
hebbal,2,4,0,0,9,1,2
koramangala,3,4,0,0,18,3,4
indiranagar,3,4,0,0,15,3,4
whitefield,3,4,0,0,12,2,2
marathahalli,3,4,0,0,14,2,0
hsr_layout,3,4,0,0,13,2,4
jp_nagar,3,4,0,0,11,2,0
electronic_city,3,4,0,0,10,2,2
hebbal,3,4,0,0,9,1,0
koramangala,4,4,0,0,18,3,5
indiranagar,4,4,0,0,15,3,3
whitefield,4,4,0,0,12,2,2
marathahalli,4,4,0,0,14,3,2
hsr_layout,4,4,0,0,13,2,2
jp_nagar,4,4,0,0,11,2,0
electronic_city,4,4,0,0,10,2,1
hebbal,4,4,0,0,9,1,0
koramangala,5,4,0,0,18,4,3
indiranagar,5,4,0,0,15,3,0
whitefield,5,4,0,0,12,2,0
marathahalli,5,4,0,0,14,2,5
hsr_layout,5,4,0,0,13,2,3
jp_nagar,5,4,0,0,11,2,1
electronic_city,5,4,0,0,10,1,2
hebbal,5,4,0,0,9,1,0
koramangala,6,4,0,0,18,17,16
indiranagar,6,4,0,0,15,11,11
whitefield,6,4,0,0,12,10,10
marathahalli,6,4,0,0,14,12,10
hsr_layout,6,4,0,0,13,12,8
jp_nagar,6,4,0,0,11,8,8
electronic_city,6,4,0,0,10,7,6
hebbal,6,4,0,0,9,8,7
koramangala,7,4,0,0,18,23,22
indiranagar,7,4,0,0,15,14,17
whitefield,7,4,0,0,12,12,13
marathahalli,7,4,0,0,14,16,12
hsr_layout,7,4,0,0,13,16,13
jp_nagar,7,4,0,0,11,13,12
electronic_city,7,4,0,0,10,10,12
hebbal,7,4,0,0,9,8,10
koramangala,8,4,0,0,18,18,21
indiranagar,8,4,0,0,15,17,18
whitefield,8,4,0,0,12,14,12
marathahalli,8,4,0,0,14,15,12
hsr_layout,8,4,0,0,13,15,15
jp_nagar,8,4,0,0,11,11,12
electronic_city,8,4,0,0,10,13,10
hebbal,8,4,0,0,9,11,8
koramangala,9,4,0,0,18,24,25
indiranagar,9,4,0,0,15,20,17
whitefield,9,4,0,0,12,16,13
marathahalli,9,4,0,0,14,16,18
hsr_layout,9,4,0,0,13,17,14
jp_nagar,9,4,0,0,11,14,17
electronic_city,9,4,0,0,10,9,12
hebbal,9,4,0,0,9,12,10
koramangala,10,4,0,0,18,14,13
indiranagar,10,4,0,0,15,11,13
whitefield,10,4,0,0,12,8,8
marathahalli,10,4,0,0,14,11,10
hsr_layout,10,4,0,0,13,11,9
jp_nagar,10,4,0,0,11,7,6
electronic_city,10,4,0,0,10,8,7
hebbal,10,4,0,0,9,8,6
koramangala,11,4,0,0,18,25,26
indiranagar,11,4,0,0,15,26,19
whitefield,11,4,0,0,12,15,19
marathahalli,11,4,0,0,14,24,24
hsr_layout,11,4,0,0,13,22,20
jp_nagar,11,4,0,0,11,16,16
electronic_city,11,4,0,0,10,12,13
hebbal,11,4,0,0,9,15,15
koramangala,12,4,0,0,18,32,30
indiranagar,12,4,0,0,15,26,24
whitefield,12,4,0,0,12,15,16
marathahalli,12,4,0,0,14,19,25
hsr_layout,12,4,0,0,13,17,21
jp_nagar,12,4,0,0,11,20,20
electronic_city,12,4,0,0,10,17,15
hebbal,12,4,0,0,9,14,11
koramangala,13,4,0,0,18,27,29
indiranagar,13,4,0,0,15,28,21
whitefield,13,4,0,0,12,16,18
marathahalli,13,4,0,0,14,21,21
hsr_layout,13,4,0,0,13,21,20
jp_nagar,13,4,0,0,11,19,17
electronic_city,13,4,0,0,10,19,18
hebbal,13,4,0,0,9,13,14
koramangala,14,4,0,0,18,15,18
indiranagar,14,4,0,0,15,11,13
whitefield,14,4,0,0,12,10,9
marathahalli,14,4,0,0,14,13,12
hsr_layout,14,4,0,0,13,11,9
jp_nagar,14,4,0,0,11,7,9
electronic_city,14,4,0,0,10,9,6
hebbal,14,4,0,0,9,7,6
koramangala,15,4,0,0,18,16,12
indiranagar,15,4,0,0,15,12,11
whitefield,15,4,0,0,12,8,11
marathahalli,15,4,0,0,14,9,4
hsr_layout,15,4,0,0,13,11,11
jp_nagar,15,4,0,0,11,7,8
electronic_city,15,4,0,0,10,7,8
hebbal,15,4,0,0,9,7,6
koramangala,16,4,0,0,18,14,15
indiranagar,16,4,0,0,15,13,11
whitefield,16,4,0,0,12,11,10
marathahalli,16,4,0,0,14,11,10
hsr_layout,16,4,0,0,13,10,11
jp_nagar,16,4,0,0,11,7,10
electronic_city,16,4,0,0,10,6,3
hebbal,16,4,0,0,9,6,4
koramangala,17,4,0,0,18,13,18
indiranagar,17,4,0,0,15,11,13
whitefield,17,4,0,0,12,10,8
marathahalli,17,4,0,0,14,11,8
hsr_layout,17,4,0,0,13,10,7
jp_nagar,17,4,0,0,11,8,7
electronic_city,17,4,0,0,10,8,9
hebbal,17,4,0,0,9,7,5
koramangala,18,4,0,0,18,16,14
indiranagar,18,4,0,0,15,11,9
whitefield,18,4,0,0,12,8,11
marathahalli,18,4,0,0,14,10,9
hsr_layout,18,4,0,0,13,8,10
jp_nagar,18,4,0,0,11,7,6
electronic_city,18,4,0,0,10,8,5
hebbal,18,4,0,0,9,6,7
koramangala,19,4,0,0,18,36,33
indiranagar,19,4,0,0,15,25,33
whitefield,19,4,0,0,12,22,16
marathahalli,19,4,0,0,14,26,23
hsr_layout,19,4,0,0,13,29,24
jp_nagar,19,4,0,0,11,20,17
electronic_city,19,4,0,0,10,19,18
hebbal,19,4,0,0,9,16,14
koramangala,20,4,0,0,18,37,32
indiranagar,20,4,0,0,15,30,24
whitefield,20,4,0,0,12,18,27
marathahalli,20,4,0,0,14,28,29
hsr_layout,20,4,0,0,13,23,29
jp_nagar,20,4,0,0,11,18,18
electronic_city,20,4,0,0,10,17,20
hebbal,20,4,0,0,9,17,11
koramangala,21,4,0,0,18,33,29
indiranagar,21,4,0,0,15,27,28
whitefield,21,4,0,0,12,20,20
marathahalli,21,4,0,0,14,28,30
hsr_layout,21,4,0,0,13,24,25
jp_nagar,21,4,0,0,11,19,20
electronic_city,21,4,0,0,10,15,20
hebbal,21,4,0,0,9,18,14
koramangala,22,4,0,0,18,11,14
indiranagar,22,4,0,0,15,12,9
whitefield,22,4,0,0,12,9,9
marathahalli,22,4,0,0,14,11,7
hsr_layout,22,4,0,0,13,11,11
jp_nagar,22,4,0,0,11,7,9
electronic_city,22,4,0,0,10,7,4
hebbal,22,4,0,0,9,8,8
koramangala,23,4,0,0,18,15,14
indiranagar,23,4,0,0,15,12,13
whitefield,23,4,0,0,12,8,6
marathahalli,23,4,0,0,14,10,12
hsr_layout,23,4,0,0,13,8,10
jp_nagar,23,4,0,0,11,10,7
electronic_city,23,4,0,0,10,7,10
hebbal,23,4,0,0,9,6,7
koramangala,0,5,1,0,18,4,6
indiranagar,0,5,1,0,15,3,3
whitefield,0,5,1,0,12,3,3
marathahalli,0,5,1,0,14,4,0
hsr_layout,0,5,1,0,13,3,3
jp_nagar,0,5,1,0,11,3,1
electronic_city,0,5,1,0,10,3,0
hebbal,0,5,1,0,9,2,4
koramangala,1,5,1,0,18,5,3
indiranagar,1,5,1,0,15,4,1
whitefield,1,5,1,0,12,2,1
marathahalli,1,5,1,0,14,3,1
hsr_layout,1,5,1,0,13,3,5
jp_nagar,1,5,1,0,11,3,0
electronic_city,1,5,1,0,10,2,2
hebbal,1,5,1,0,9,1,4
koramangala,2,5,1,0,18,5,3
indiranagar,2,5,1,0,15,3,4
whitefield,2,5,1,0,12,3,1
marathahalli,2,5,1,0,14,4,6
hsr_layout,2,5,1,0,13,3,4
jp_nagar,2,5,1,0,11,3,1
electronic_city,2,5,1,0,10,2,0
hebbal,2,5,1,0,9,2,1
koramangala,3,5,1,0,18,5,4
indiranagar,3,5,1,0,15,4,5
whitefield,3,5,1,0,12,3,1
marathahalli,3,5,1,0,14,3,3
hsr_layout,3,5,1,0,13,3,2
jp_nagar,3,5,1,0,11,2,1
electronic_city,3,5,1,0,10,2,1
hebbal,3,5,1,0,9,2,1
koramangala,4,5,1,0,18,4,6
indiranagar,4,5,1,0,15,3,4
whitefield,4,5,1,0,12,2,2
marathahalli,4,5,1,0,14,4,0
hsr_layout,4,5,1,0,13,2,3
jp_nagar,4,5,1,0,11,3,0
electronic_city,4,5,1,0,10,2,2
hebbal,4,5,1,0,9,2,4
koramangala,5,5,1,0,18,5,2
indiranagar,5,5,1,0,15,4,2
whitefield,5,5,1,0,12,3,1
marathahalli,5,5,1,0,14,2,4
hsr_layout,5,5,1,0,13,3,3
jp_nagar,5,5,1,0,11,2,4
electronic_city,5,5,1,0,10,2,2
hebbal,5,5,1,0,9,1,2
koramangala,6,5,1,0,18,17,20
indiranagar,6,5,1,0,15,13,14
whitefield,6,5,1,0,12,13,11
marathahalli,6,5,1,0,14,14,12
hsr_layout,6,5,1,0,13,10,12
jp_nagar,6,5,1,0,11,11,13
electronic_city,6,5,1,0,10,11,10
hebbal,6,5,1,0,9,10,7
koramangala,7,5,1,0,18,32,31
indiranagar,7,5,1,0,15,20,20
whitefield,7,5,1,0,12,18,16
marathahalli,7,5,1,0,14,20,25
hsr_layout,7,5,1,0,13,21,17
jp_nagar,7,5,1,0,11,17,17
electronic_city,7,5,1,0,10,13,15
hebbal,7,5,1,0,9,12,14
koramangala,8,5,1,0,18,28,24
indiranagar,8,5,1,0,15,24,24
whitefield,8,5,1,0,12,20,16
marathahalli,8,5,1,0,14,18,22
hsr_layout,8,5,1,0,13,16,22
jp_nagar,8,5,1,0,11,17,14
electronic_city,8,5,1,0,10,16,12
hebbal,8,5,1,0,9,12,13
koramangala,9,5,1,0,18,25,26
indiranagar,9,5,1,0,15,21,26
whitefield,9,5,1,0,12,21,20
marathahalli,9,5,1,0,14,21,20
hsr_layout,9,5,1,0,13,16,24
jp_nagar,9,5,1,0,11,18,19
electronic_city,9,5,1,0,10,16,10
hebbal,9,5,1,0,9,13,14
koramangala,10,5,1,0,18,17,22
indiranagar,10,5,1,0,15,17,14
whitefield,10,5,1,0,12,12,13
marathahalli,10,5,1,0,14,13,12
hsr_layout,10,5,1,0,13,11,12
jp_nagar,10,5,1,0,11,10,9
electronic_city,10,5,1,0,10,11,13
hebbal,10,5,1,0,9,10,5
koramangala,11,5,1,0,18,33,40
indiranagar,11,5,1,0,15,35,35
whitefield,11,5,1,0,12,23,25
marathahalli,11,5,1,0,14,32,25
hsr_layout,11,5,1,0,13,21,30
jp_nagar,11,5,1,0,11,18,18
electronic_city,11,5,1,0,10,17,19
hebbal,11,5,1,0,9,19,16
koramangala,12,5,1,0,18,36,34
indiranagar,12,5,1,0,15,25,36
whitefield,12,5,1,0,12,28,23
marathahalli,12,5,1,0,14,23,27
hsr_layout,12,5,1,0,13,32,23
jp_nagar,12,5,1,0,11,24,23
electronic_city,12,5,1,0,10,19,23
hebbal,12,5,1,0,9,19,17
koramangala,13,5,1,0,18,40,39
indiranagar,13,5,1,0,15,27,35
whitefield,13,5,1,0,12,27,25
marathahalli,13,5,1,0,14,28,25
hsr_layout,13,5,1,0,13,29,25
jp_nagar,13,5,1,0,11,23,20
electronic_city,13,5,1,0,10,20,23
hebbal,13,5,1,0,9,16,17
koramangala,14,5,1,0,18,19,16
indiranagar,14,5,1,0,15,14,18
whitefield,14,5,1,0,12,13,13
marathahalli,14,5,1,0,14,14,14
hsr_layout,14,5,1,0,13,12,11
jp_nagar,14,5,1,0,11,9,10
electronic_city,14,5,1,0,10,11,8
hebbal,14,5,1,0,9,10,9
koramangala,15,5,1,0,18,15,17
indiranagar,15,5,1,0,15,15,11
whitefield,15,5,1,0,12,13,8
marathahalli,15,5,1,0,14,16,14
hsr_layout,15,5,1,0,13,15,12
jp_nagar,15,5,1,0,11,11,10
electronic_city,15,5,1,0,10,8,12
hebbal,15,5,1,0,9,11,10
koramangala,16,5,1,0,18,16,18
indiranagar,16,5,1,0,15,13,15
whitefield,16,5,1,0,12,13,12
marathahalli,16,5,1,0,14,11,14
hsr_layout,16,5,1,0,13,13,13
jp_nagar,16,5,1,0,11,11,11
electronic_city,16,5,1,0,10,10,11
hebbal,16,5,1,0,9,10,6
koramangala,17,5,1,0,18,18,16
indiranagar,17,5,1,0,15,13,16
whitefield,17,5,1,0,12,12,12
marathahalli,17,5,1,0,14,15,13
hsr_layout,17,5,1,0,13,11,15
jp_nagar,17,5,1,0,11,13,12
electronic_city,17,5,1,0,10,8,10
hebbal,17,5,1,0,9,8,4
koramangala,18,5,1,0,18,18,17
indiranagar,18,5,1,0,15,15,17
whitefield,18,5,1,0,12,10,12
marathahalli,18,5,1,0,14,12,15
hsr_layout,18,5,1,0,13,11,13
jp_nagar,18,5,1,0,11,12,8
electronic_city,18,5,1,0,10,10,10
hebbal,18,5,1,0,9,10,11
koramangala,19,5,1,0,18,52,36
indiranagar,19,5,1,0,15,33,35
whitefield,19,5,1,0,12,33,29
marathahalli,19,5,1,0,14,29,28
hsr_layout,19,5,1,0,13,33,31
jp_nagar,19,5,1,0,11,23,25
electronic_city,19,5,1,0,10,25,26
hebbal,19,5,1,0,9,20,21
koramangala,20,5,1,0,18,38,45
indiranagar,20,5,1,0,15,43,35
whitefield,20,5,1,0,12,27,32
marathahalli,20,5,1,0,14,40,36
hsr_layout,20,5,1,0,13,29,33
jp_nagar,20,5,1,0,11,22,29
electronic_city,20,5,1,0,10,23,24
hebbal,20,5,1,0,9,22,21
koramangala,21,5,1,0,18,52,39
indiranagar,21,5,1,0,15,43,40
whitefield,21,5,1,0,12,33,27
marathahalli,21,5,1,0,14,28,34
hsr_layout,21,5,1,0,13,26,28
jp_nagar,21,5,1,0,11,32,28
electronic_city,21,5,1,0,10,20,26
hebbal,21,5,1,0,9,20,18
koramangala,22,5,1,0,18,20,15
indiranagar,22,5,1,0,15,14,14
whitefield,22,5,1,0,12,10,13
marathahalli,22,5,1,0,14,14,19
hsr_layout,22,5,1,0,13,12,11
jp_nagar,22,5,1,0,11,9,9
electronic_city,22,5,1,0,10,8,8
hebbal,22,5,1,0,9,8,7
koramangala,23,5,1,0,18,20,15
indiranagar,23,5,1,0,15,16,13
whitefield,23,5,1,0,12,12,10
marathahalli,23,5,1,0,14,11,14
hsr_layout,23,5,1,0,13,13,15
jp_nagar,23,5,1,0,11,10,9
electronic_city,23,5,1,0,10,9,7
hebbal,23,5,1,0,9,8,8
koramangala,0,6,1,0,18,4,3
indiranagar,0,6,1,0,15,3,6
whitefield,0,6,1,0,12,3,2
marathahalli,0,6,1,0,14,4,0
hsr_layout,0,6,1,0,13,2,1
jp_nagar,0,6,1,0,11,2,1
electronic_city,0,6,1,0,10,2,2
hebbal,0,6,1,0,9,2,0
koramangala,1,6,1,0,18,4,3
indiranagar,1,6,1,0,15,3,2
whitefield,1,6,1,0,12,3,1
marathahalli,1,6,1,0,14,3,3
hsr_layout,1,6,1,0,13,3,4
jp_nagar,1,6,1,0,11,3,4
electronic_city,1,6,1,0,10,2,2
hebbal,1,6,1,0,9,2,1
koramangala,2,6,1,0,18,4,6
indiranagar,2,6,1,0,15,3,3
whitefield,2,6,1,0,12,2,3
marathahalli,2,6,1,0,14,4,2
hsr_layout,2,6,1,0,13,3,2
jp_nagar,2,6,1,0,11,2,2
electronic_city,2,6,1,0,10,2,5
hebbal,2,6,1,0,9,2,2
koramangala,3,6,1,0,18,4,4
indiranagar,3,6,1,0,15,3,2
whitefield,3,6,1,0,12,2,2
marathahalli,3,6,1,0,14,3,6
hsr_layout,3,6,1,0,13,3,2
jp_nagar,3,6,1,0,11,2,4
electronic_city,3,6,1,0,10,2,1
hebbal,3,6,1,0,9,2,2
koramangala,4,6,1,0,18,4,5
indiranagar,4,6,1,0,15,3,2
whitefield,4,6,1,0,12,2,1
marathahalli,4,6,1,0,14,3,6
hsr_layout,4,6,1,0,13,3,4
jp_nagar,4,6,1,0,11,2,3
electronic_city,4,6,1,0,10,2,3
hebbal,4,6,1,0,9,2,2
koramangala,5,6,1,0,18,4,8
indiranagar,5,6,1,0,15,4,3
whitefield,5,6,1,0,12,3,2
marathahalli,5,6,1,0,14,3,1
hsr_layout,5,6,1,0,13,3,1
jp_nagar,5,6,1,0,11,2,0
electronic_city,5,6,1,0,10,2,3
hebbal,5,6,1,0,9,2,0
koramangala,6,6,1,0,18,15,20
indiranagar,6,6,1,0,15,12,9
whitefield,6,6,1,0,12,11,10
marathahalli,6,6,1,0,14,15,11
hsr_layout,6,6,1,0,13,13,14
jp_nagar,6,6,1,0,11,13,12
electronic_city,6,6,1,0,10,11,8
hebbal,6,6,1,0,9,10,10
koramangala,7,6,1,0,18,32,27
indiranagar,7,6,1,0,15,20,26
whitefield,7,6,1,0,12,17,17
marathahalli,7,6,1,0,14,25,20
hsr_layout,7,6,1,0,13,24,15
jp_nagar,7,6,1,0,11,17,14
electronic_city,7,6,1,0,10,15,14
hebbal,7,6,1,0,9,16,14
koramangala,8,6,1,0,18,22,24
indiranagar,8,6,1,0,15,25,14
whitefield,8,6,1,0,12,22,16
marathahalli,8,6,1,0,14,19,19
hsr_layout,8,6,1,0,13,18,17
jp_nagar,8,6,1,0,11,19,13
electronic_city,8,6,1,0,10,15,13
hebbal,8,6,1,0,9,15,11
koramangala,9,6,1,0,18,25,25
indiranagar,9,6,1,0,15,23,22
whitefield,9,6,1,0,12,20,16
marathahalli,9,6,1,0,14,24,26
hsr_layout,9,6,1,0,13,17,16
jp_nagar,9,6,1,0,11,18,16
electronic_city,9,6,1,0,10,14,13
hebbal,9,6,1,0,9,13,11
koramangala,10,6,1,0,18,18,17
indiranagar,10,6,1,0,15,15,18
whitefield,10,6,1,0,12,11,11
marathahalli,10,6,1,0,14,15,13
hsr_layout,10,6,1,0,13,11,15
jp_nagar,10,6,1,0,11,10,12
electronic_city,10,6,1,0,10,11,8
hebbal,10,6,1,0,9,8,7
koramangala,11,6,1,0,18,33,39
indiranagar,11,6,1,0,15,37,31
whitefield,11,6,1,0,12,28,25
marathahalli,11,6,1,0,14,30,25
hsr_layout,11,6,1,0,13,22,27
jp_nagar,11,6,1,0,11,26,22
electronic_city,11,6,1,0,10,19,21
hebbal,11,6,1,0,9,16,16
koramangala,12,6,1,0,18,30,41
indiranagar,12,6,1,0,15,26,25
whitefield,12,6,1,0,12,28,23
marathahalli,12,6,1,0,14,25,27
hsr_layout,12,6,1,0,13,25,31
jp_nagar,12,6,1,0,11,19,20
electronic_city,12,6,1,0,10,19,20
hebbal,12,6,1,0,9,22,18
koramangala,13,6,1,0,18,41,39
indiranagar,13,6,1,0,15,34,27
whitefield,13,6,1,0,12,20,25
marathahalli,13,6,1,0,14,23,28
hsr_layout,13,6,1,0,13,22,29
jp_nagar,13,6,1,0,11,24,23
electronic_city,13,6,1,0,10,16,21
hebbal,13,6,1,0,9,15,18
koramangala,14,6,1,0,18,15,20
indiranagar,14,6,1,0,15,13,14
whitefield,14,6,1,0,12,11,12
marathahalli,14,6,1,0,14,13,12
hsr_layout,14,6,1,0,13,14,14
jp_nagar,14,6,1,0,11,10,9
electronic_city,14,6,1,0,10,9,10
hebbal,14,6,1,0,9,9,9
koramangala,15,6,1,0,18,21,22
indiranagar,15,6,1,0,15,16,15
whitefield,15,6,1,0,12,11,11
marathahalli,15,6,1,0,14,17,19
hsr_layout,15,6,1,0,13,11,11
jp_nagar,15,6,1,0,11,12,12
electronic_city,15,6,1,0,10,10,11
hebbal,15,6,1,0,9,8,6
koramangala,16,6,1,0,18,21,18
indiranagar,16,6,1,0,15,16,12
whitefield,16,6,1,0,12,11,14
marathahalli,16,6,1,0,14,13,11
hsr_layout,16,6,1,0,13,15,11
jp_nagar,16,6,1,0,11,9,8
electronic_city,16,6,1,0,10,8,11
hebbal,16,6,1,0,9,9,8
koramangala,17,6,1,0,18,18,18
indiranagar,17,6,1,0,15,16,12
whitefield,17,6,1,0,12,13,10
marathahalli,17,6,1,0,14,11,14
hsr_layout,17,6,1,0,13,12,17
jp_nagar,17,6,1,0,11,11,12
electronic_city,17,6,1,0,10,11,9
hebbal,17,6,1,0,9,10,9
koramangala,18,6,1,0,18,21,17
indiranagar,18,6,1,0,15,12,15
whitefield,18,6,1,0,12,10,15
marathahalli,18,6,1,0,14,14,13
hsr_layout,18,6,1,0,13,14,13
jp_nagar,18,6,1,0,11,11,11
electronic_city,18,6,1,0,10,8,9
hebbal,18,6,1,0,9,9,8
koramangala,19,6,1,0,18,51,47
indiranagar,19,6,1,0,15,41,43
whitefield,19,6,1,0,12,26,25
marathahalli,19,6,1,0,14,29,33
hsr_layout,19,6,1,0,13,34,27
jp_nagar,19,6,1,0,11,22,25
electronic_city,19,6,1,0,10,22,24
hebbal,19,6,1,0,9,19,22
koramangala,20,6,1,0,18,39,46
indiranagar,20,6,1,0,15,30,35
whitefield,20,6,1,0,12,26,29
marathahalli,20,6,1,0,14,38,29
hsr_layout,20,6,1,0,13,26,28
jp_nagar,20,6,1,0,11,27,28
electronic_city,20,6,1,0,10,19,26
hebbal,20,6,1,0,9,20,23
koramangala,21,6,1,0,18,46,47
indiranagar,21,6,1,0,15,35,30
whitefield,21,6,1,0,12,26,26
marathahalli,21,6,1,0,14,27,39
hsr_layout,21,6,1,0,13,25,33
jp_nagar,21,6,1,0,11,25,29
electronic_city,21,6,1,0,10,22,26
hebbal,21,6,1,0,9,23,25
koramangala,22,6,1,0,18,20,18
indiranagar,22,6,1,0,15,14,13
whitefield,22,6,1,0,12,12,10
marathahalli,22,6,1,0,14,14,13
hsr_layout,22,6,1,0,13,12,12
jp_nagar,22,6,1,0,11,10,13
electronic_city,22,6,1,0,10,11,10
hebbal,22,6,1,0,9,9,9
koramangala,23,6,1,0,18,20,18
indiranagar,23,6,1,0,15,12,12
whitefield,23,6,1,0,12,10,13
marathahalli,23,6,1,0,14,14,10
hsr_layout,23,6,1,0,13,11,11
jp_nagar,23,6,1,0,11,11,9
electronic_city,23,6,1,0,10,9,8
hebbal,23,6,1,0,9,10,8
koramangala,0,0,0,0,18,3,5
indiranagar,0,0,0,0,15,2,1
whitefield,0,0,0,0,12,2,3
marathahalli,0,0,0,0,14,2,2
hsr_layout,0,0,0,0,13,2,0
jp_nagar,0,0,0,0,11,2,0
electronic_city,0,0,0,0,10,2,1
hebbal,0,0,0,0,9,1,2
koramangala,1,0,0,0,18,3,3
indiranagar,1,0,0,0,15,2,1
whitefield,1,0,0,0,12,2,1
marathahalli,1,0,0,0,14,2,5
hsr_layout,1,0,0,0,13,3,2
jp_nagar,1,0,0,0,11,1,1
electronic_city,1,0,0,0,10,1,2
hebbal,1,0,0,0,9,1,2
koramangala,2,0,0,0,18,3,2
indiranagar,2,0,0,0,15,2,2
whitefield,2,0,0,0,12,2,1
marathahalli,2,0,0,0,14,3,4
hsr_layout,2,0,0,0,13,3,2
jp_nagar,2,0,0,0,11,2,2
electronic_city,2,0,0,0,10,1,0
hebbal,2,0,0,0,9,2,0
koramangala,3,0,0,0,18,3,4
indiranagar,3,0,0,0,15,2,1
whitefield,3,0,0,0,12,2,2
marathahalli,3,0,0,0,14,2,1
hsr_layout,3,0,0,0,13,2,3
jp_nagar,3,0,0,0,11,2,1
electronic_city,3,0,0,0,10,1,0
hebbal,3,0,0,0,9,1,2
koramangala,4,0,0,0,18,3,4
indiranagar,4,0,0,0,15,2,2
whitefield,4,0,0,0,12,2,4
marathahalli,4,0,0,0,14,2,2
hsr_layout,4,0,0,0,13,2,0
jp_nagar,4,0,0,0,11,1,2
electronic_city,4,0,0,0,10,2,0
hebbal,4,0,0,0,9,1,1
koramangala,5,0,0,0,18,3,2
indiranagar,5,0,0,0,15,2,2
whitefield,5,0,0,0,12,2,0
marathahalli,5,0,0,0,14,2,3
hsr_layout,5,0,0,0,13,2,0
jp_nagar,5,0,0,0,11,1,0
electronic_city,5,0,0,0,10,2,2
hebbal,5,0,0,0,9,1,3
koramangala,6,0,0,0,18,17,11
indiranagar,6,0,0,0,15,10,13
whitefield,6,0,0,0,12,11,11
marathahalli,6,0,0,0,14,10,11
hsr_layout,6,0,0,0,13,8,8
jp_nagar,6,0,0,0,11,8,6
electronic_city,6,0,0,0,10,7,3
hebbal,6,0,0,0,9,6,5
koramangala,7,0,0,0,18,23,19
indiranagar,7,0,0,0,15,17,17
whitefield,7,0,0,0,12,15,13
marathahalli,7,0,0,0,14,17,14
hsr_layout,7,0,0,0,13,14,14
jp_nagar,7,0,0,0,11,13,16
electronic_city,7,0,0,0,10,13,9
hebbal,7,0,0,0,9,12,10
koramangala,8,0,0,0,18,17,18
indiranagar,8,0,0,0,15,16,19
whitefield,8,0,0,0,12,14,14
marathahalli,8,0,0,0,14,19,18
hsr_layout,8,0,0,0,13,13,17
jp_nagar,8,0,0,0,11,14,12
electronic_city,8,0,0,0,10,9,10
hebbal,8,0,0,0,9,10,10
koramangala,9,0,0,0,18,22,19
indiranagar,9,0,0,0,15,16,19
whitefield,9,0,0,0,12,15,17
marathahalli,9,0,0,0,14,14,19
hsr_layout,9,0,0,0,13,17,12
jp_nagar,9,0,0,0,11,15,10
electronic_city,9,0,0,0,10,12,8
hebbal,9,0,0,0,9,8,9
koramangala,10,0,0,0,18,12,9
indiranagar,10,0,0,0,15,13,8
whitefield,10,0,0,0,12,10,7
marathahalli,10,0,0,0,14,11,9
hsr_layout,10,0,0,0,13,10,9
jp_nagar,10,0,0,0,11,7,8
electronic_city,10,0,0,0,10,8,5
hebbal,10,0,0,0,9,7,4
koramangala,11,0,0,0,18,29,33
indiranagar,11,0,0,0,15,23,22
whitefield,11,0,0,0,12,21,18
marathahalli,11,0,0,0,14,21,22
hsr_layout,11,0,0,0,13,23,19
jp_nagar,11,0,0,0,11,18,17
electronic_city,11,0,0,0,10,15,14
hebbal,11,0,0,0,9,15,15
koramangala,12,0,0,0,18,23,25
indiranagar,12,0,0,0,15,27,22
whitefield,12,0,0,0,12,16,18
marathahalli,12,0,0,0,14,25,24
hsr_layout,12,0,0,0,13,24,18
jp_nagar,12,0,0,0,11,19,17
electronic_city,12,0,0,0,10,16,12
hebbal,12,0,0,0,9,16,16
koramangala,13,0,0,0,18,28,28
indiranagar,13,0,0,0,15,25,27
whitefield,13,0,0,0,12,22,18
marathahalli,13,0,0,0,14,21,20
hsr_layout,13,0,0,0,13,24,20
jp_nagar,13,0,0,0,11,14,19
electronic_city,13,0,0,0,10,19,16
hebbal,13,0,0,0,9,13,15
koramangala,14,0,0,0,18,15,16
indiranagar,14,0,0,0,15,10,10
whitefield,14,0,0,0,12,10,5
marathahalli,14,0,0,0,14,13,10
hsr_layout,14,0,0,0,13,8,7
jp_nagar,14,0,0,0,11,7,10
electronic_city,14,0,0,0,10,8,9
hebbal,14,0,0,0,9,8,5
koramangala,15,0,0,0,18,14,15
indiranagar,15,0,0,0,15,12,9
whitefield,15,0,0,0,12,8,10
marathahalli,15,0,0,0,14,11,10
hsr_layout,15,0,0,0,13,10,9
jp_nagar,15,0,0,0,11,9,6
electronic_city,15,0,0,0,10,7,9
hebbal,15,0,0,0,9,7,7
koramangala,16,0,0,0,18,12,14
indiranagar,16,0,0,0,15,9,14
whitefield,16,0,0,0,12,9,5
marathahalli,16,0,0,0,14,9,11
hsr_layout,16,0,0,0,13,9,11
jp_nagar,16,0,0,0,11,7,6
electronic_city,16,0,0,0,10,6,7
hebbal,16,0,0,0,9,6,7
koramangala,17,0,0,0,18,13,11
indiranagar,17,0,0,0,15,12,12
whitefield,17,0,0,0,12,10,7
marathahalli,17,0,0,0,14,11,10
hsr_layout,17,0,0,0,13,11,12
jp_nagar,17,0,0,0,11,8,6
electronic_city,17,0,0,0,10,8,9
hebbal,17,0,0,0,9,6,7
koramangala,18,0,0,0,18,15,14
indiranagar,18,0,0,0,15,10,13
whitefield,18,0,0,0,12,7,9
marathahalli,18,0,0,0,14,12,11
hsr_layout,18,0,0,0,13,11,11
jp_nagar,18,0,0,0,11,9,14
electronic_city,18,0,0,0,10,9,7
hebbal,18,0,0,0,9,7,6
koramangala,19,0,0,0,18,29,38
indiranagar,19,0,0,0,15,32,31
whitefield,19,0,0,0,12,24,23
marathahalli,19,0,0,0,14,21,26
hsr_layout,19,0,0,0,13,23,28
jp_nagar,19,0,0,0,11,18,20
electronic_city,19,0,0,0,10,21,17
hebbal,19,0,0,0,9,17,14
koramangala,20,0,0,0,18,28,34
indiranagar,20,0,0,0,15,31,30
whitefield,20,0,0,0,12,18,22
marathahalli,20,0,0,0,14,26,26
hsr_layout,20,0,0,0,13,26,20
jp_nagar,20,0,0,0,11,24,17
electronic_city,20,0,0,0,10,19,21
hebbal,20,0,0,0,9,15,18
koramangala,21,0,0,0,18,35,30
indiranagar,21,0,0,0,15,29,32
whitefield,21,0,0,0,12,18,25
marathahalli,21,0,0,0,14,27,29
hsr_layout,21,0,0,0,13,26,22
jp_nagar,21,0,0,0,11,22,21
electronic_city,21,0,0,0,10,17,17
hebbal,21,0,0,0,9,20,16
koramangala,22,0,0,0,18,14,11
indiranagar,22,0,0,0,15,10,11
whitefield,22,0,0,0,12,9,10
marathahalli,22,0,0,0,14,10,12
hsr_layout,22,0,0,0,13,8,9
jp_nagar,22,0,0,0,11,7,8
electronic_city,22,0,0,0,10,6,9
hebbal,22,0,0,0,9,6,5
koramangala,23,0,0,0,18,15,18
indiranagar,23,0,0,0,15,14,9
whitefield,23,0,0,0,12,10,10
marathahalli,23,0,0,0,14,12,11
hsr_layout,23,0,0,0,13,11,9
jp_nagar,23,0,0,0,11,10,7
electronic_city,23,0,0,0,10,7,7
hebbal,23,0,0,0,9,8,3
koramangala,0,1,0,0,18,3,2
indiranagar,0,1,0,0,15,2,1
whitefield,0,1,0,0,12,2,1
marathahalli,0,1,0,0,14,2,0
hsr_layout,0,1,0,0,13,2,3
jp_nagar,0,1,0,0,11,2,4
electronic_city,0,1,0,0,10,2,2
hebbal,0,1,0,0,9,1,2
koramangala,1,1,0,0,18,3,3
indiranagar,1,1,0,0,15,2,2
whitefield,1,1,0,0,12,2,0
marathahalli,1,1,0,0,14,3,2
hsr_layout,1,1,0,0,13,2,2
jp_nagar,1,1,0,0,11,2,0
electronic_city,1,1,0,0,10,1,2
hebbal,1,1,0,0,9,1,1
koramangala,2,1,0,0,18,4,1
indiranagar,2,1,0,0,15,2,1
whitefield,2,1,0,0,12,2,3
marathahalli,2,1,0,0,14,3,3
hsr_layout,2,1,0,0,13,2,2
jp_nagar,2,1,0,0,11,2,4
electronic_city,2,1,0,0,10,1,4
hebbal,2,1,0,0,9,2,1
koramangala,3,1,0,0,18,3,1
indiranagar,3,1,0,0,15,3,0
whitefield,3,1,0,0,12,2,1
marathahalli,3,1,0,0,14,2,4
hsr_layout,3,1,0,0,13,2,4
jp_nagar,3,1,0,0,11,2,2
electronic_city,3,1,0,0,10,2,2
hebbal,3,1,0,0,9,1,0
koramangala,4,1,0,0,18,3,3
indiranagar,4,1,0,0,15,2,4
whitefield,4,1,0,0,12,2,0
marathahalli,4,1,0,0,14,3,2
hsr_layout,4,1,0,0,13,2,3
jp_nagar,4,1,0,0,11,2,2
electronic_city,4,1,0,0,10,2,0
hebbal,4,1,0,0,9,1,0
koramangala,5,1,0,0,18,3,2
indiranagar,5,1,0,0,15,2,1
whitefield,5,1,0,0,12,2,0
marathahalli,5,1,0,0,14,2,3
hsr_layout,5,1,0,0,13,2,2
jp_nagar,5,1,0,0,11,1,3
electronic_city,5,1,0,0,10,1,0
hebbal,5,1,0,0,9,2,0
koramangala,6,1,0,0,18,13,15
indiranagar,6,1,0,0,15,10,10
whitefield,6,1,0,0,12,9,10
marathahalli,6,1,0,0,14,12,10
hsr_layout,6,1,0,0,13,9,9
jp_nagar,6,1,0,0,11,8,8
electronic_city,6,1,0,0,10,6,5
hebbal,6,1,0,0,9,5,7
koramangala,7,1,0,0,18,20,21
indiranagar,7,1,0,0,15,18,18
whitefield,7,1,0,0,12,17,15
marathahalli,7,1,0,0,14,17,17
hsr_layout,7,1,0,0,13,17,16
jp_nagar,7,1,0,0,11,13,11
electronic_city,7,1,0,0,10,14,12
hebbal,7,1,0,0,9,12,8
koramangala,8,1,0,0,18,20,20
indiranagar,8,1,0,0,15,20,16
whitefield,8,1,0,0,12,13,14
marathahalli,8,1,0,0,14,14,18
hsr_layout,8,1,0,0,13,15,12
jp_nagar,8,1,0,0,11,12,14
electronic_city,8,1,0,0,10,12,9
hebbal,8,1,0,0,9,11,11
koramangala,9,1,0,0,18,20,21
indiranagar,9,1,0,0,15,18,18
whitefield,9,1,0,0,12,16,16
marathahalli,9,1,0,0,14,18,16
hsr_layout,9,1,0,0,13,14,16
jp_nagar,9,1,0,0,11,15,9
electronic_city,9,1,0,0,10,12,11
hebbal,9,1,0,0,9,9,9
koramangala,10,1,0,0,18,15,15
indiranagar,10,1,0,0,15,13,13
whitefield,10,1,0,0,12,11,10
marathahalli,10,1,0,0,14,10,8
hsr_layout,10,1,0,0,13,11,10
jp_nagar,10,1,0,0,11,10,5
electronic_city,10,1,0,0,10,9,5
hebbal,10,1,0,0,9,7,7
koramangala,11,1,0,0,18,33,32
indiranagar,11,1,0,0,15,23,19
whitefield,11,1,0,0,12,19,18
marathahalli,11,1,0,0,14,21,22
hsr_layout,11,1,0,0,13,22,17
jp_nagar,11,1,0,0,11,19,20
electronic_city,11,1,0,0,10,12,12
hebbal,11,1,0,0,9,14,12
koramangala,12,1,0,0,18,29,29
indiranagar,12,1,0,0,15,20,21
whitefield,12,1,0,0,12,16,20
marathahalli,12,1,0,0,14,23,20
hsr_layout,12,1,0,0,13,20,19
jp_nagar,12,1,0,0,11,14,19
electronic_city,12,1,0,0,10,18,16
hebbal,12,1,0,0,9,16,18
koramangala,13,1,0,0,18,32,30
indiranagar,13,1,0,0,15,25,24
whitefield,13,1,0,0,12,17,16
marathahalli,13,1,0,0,14,18,23
hsr_layout,13,1,0,0,13,22,21
jp_nagar,13,1,0,0,11,15,16
electronic_city,13,1,0,0,10,13,15
hebbal,13,1,0,0,9,14,11
koramangala,14,1,0,0,18,13,15
indiranagar,14,1,0,0,15,11,11
whitefield,14,1,0,0,12,8,7
marathahalli,14,1,0,0,14,12,13
hsr_layout,14,1,0,0,13,10,7
jp_nagar,14,1,0,0,11,10,8
electronic_city,14,1,0,0,10,6,8
hebbal,14,1,0,0,9,8,5
koramangala,15,1,0,0,18,16,12
indiranagar,15,1,0,0,15,13,8
whitefield,15,1,0,0,12,10,11
marathahalli,15,1,0,0,14,12,8
hsr_layout,15,1,0,0,13,10,9
jp_nagar,15,1,0,0,11,8,8
electronic_city,15,1,0,0,10,7,8
hebbal,15,1,0,0,9,8,5
koramangala,16,1,0,0,18,11,14
indiranagar,16,1,0,0,15,11,12
whitefield,16,1,0,0,12,9,9
marathahalli,16,1,0,0,14,12,10
hsr_layout,16,1,0,0,13,8,7
jp_nagar,16,1,0,0,11,10,6
electronic_city,16,1,0,0,10,6,6
hebbal,16,1,0,0,9,7,8
koramangala,17,1,0,0,18,14,14
indiranagar,17,1,0,0,15,9,9
whitefield,17,1,0,0,12,8,6
marathahalli,17,1,0,0,14,13,12
hsr_layout,17,1,0,0,13,9,8
jp_nagar,17,1,0,0,11,8,8
electronic_city,17,1,0,0,10,7,10
hebbal,17,1,0,0,9,7,9
koramangala,18,1,0,0,18,15,10
indiranagar,18,1,0,0,15,12,12
whitefield,18,1,0,0,12,8,6
marathahalli,18,1,0,0,14,10,9
hsr_layout,18,1,0,0,13,10,11
jp_nagar,18,1,0,0,11,10,7
electronic_city,18,1,0,0,10,7,7
hebbal,18,1,0,0,9,7,7
koramangala,19,1,0,0,18,32,33
indiranagar,19,1,0,0,15,27,28
whitefield,19,1,0,0,12,26,21
marathahalli,19,1,0,0,14,31,23
hsr_layout,19,1,0,0,13,22,19
jp_nagar,19,1,0,0,11,21,25
electronic_city,19,1,0,0,10,22,17
hebbal,19,1,0,0,9,19,13
koramangala,20,1,0,0,18,34,37
indiranagar,20,1,0,0,15,27,25
whitefield,20,1,0,0,12,20,20
marathahalli,20,1,0,0,14,24,28
hsr_layout,20,1,0,0,13,23,25
jp_nagar,20,1,0,0,11,23,19
electronic_city,20,1,0,0,10,18,16
hebbal,20,1,0,0,9,19,13
koramangala,21,1,0,0,18,37,32
indiranagar,21,1,0,0,15,27,26
whitefield,21,1,0,0,12,22,16
marathahalli,21,1,0,0,14,30,21
hsr_layout,21,1,0,0,13,28,21
jp_nagar,21,1,0,0,11,19,22
electronic_city,21,1,0,0,10,18,15
hebbal,21,1,0,0,9,14,15
koramangala,22,1,0,0,18,14,13
indiranagar,22,1,0,0,15,13,9
whitefield,22,1,0,0,12,9,9
marathahalli,22,1,0,0,14,11,9
hsr_layout,22,1,0,0,13,11,13
jp_nagar,22,1,0,0,11,9,9
electronic_city,22,1,0,0,10,7,10
hebbal,22,1,0,0,9,6,4
koramangala,23,1,0,0,18,13,13
indiranagar,23,1,0,0,15,14,13
whitefield,23,1,0,0,12,10,9
marathahalli,23,1,0,0,14,10,14
hsr_layout,23,1,0,0,13,12,10
jp_nagar,23,1,0,0,11,7,7
electronic_city,23,1,0,0,10,9,8
hebbal,23,1,0,0,9,8,4
koramangala,0,2,0,1,18,5,3
indiranagar,0,2,0,1,15,3,3
whitefield,0,2,0,1,12,3,0
marathahalli,0,2,0,1,14,4,5
hsr_layout,0,2,0,1,13,3,1
jp_nagar,0,2,0,1,11,2,2
electronic_city,0,2,0,1,10,2,2
hebbal,0,2,0,1,9,2,4
koramangala,1,2,0,1,18,5,4
indiranagar,1,2,0,1,15,5,4
whitefield,1,2,0,1,12,2,4
marathahalli,1,2,0,1,14,3,4
hsr_layout,1,2,0,1,13,3,2
jp_nagar,1,2,0,1,11,2,0
electronic_city,1,2,0,1,10,3,2
hebbal,1,2,0,1,9,2,1
koramangala,2,2,0,1,18,5,6
indiranagar,2,2,0,1,15,4,5
whitefield,2,2,0,1,12,3,2
marathahalli,2,2,0,1,14,4,1
hsr_layout,2,2,0,1,13,3,3
jp_nagar,2,2,0,1,11,2,1
electronic_city,2,2,0,1,10,3,0
hebbal,2,2,0,1,9,2,0
koramangala,3,2,0,1,18,4,4
indiranagar,3,2,0,1,15,4,4
whitefield,3,2,0,1,12,3,1
marathahalli,3,2,0,1,14,4,3
hsr_layout,3,2,0,1,13,3,0
jp_nagar,3,2,0,1,11,2,3
electronic_city,3,2,0,1,10,2,1
hebbal,3,2,0,1,9,2,2
koramangala,4,2,0,1,18,5,4
indiranagar,4,2,0,1,15,4,5
whitefield,4,2,0,1,12,3,1
marathahalli,4,2,0,1,14,3,2
hsr_layout,4,2,0,1,13,4,3
jp_nagar,4,2,0,1,11,2,5
electronic_city,4,2,0,1,10,2,4
hebbal,4,2,0,1,9,2,1
koramangala,5,2,0,1,18,4,4
indiranagar,5,2,0,1,15,4,2
whitefield,5,2,0,1,12,3,1
marathahalli,5,2,0,1,14,3,2
hsr_layout,5,2,0,1,13,3,1
jp_nagar,5,2,0,1,11,2,2
electronic_city,5,2,0,1,10,3,1
hebbal,5,2,0,1,9,2,3
koramangala,6,2,0,1,18,22,21
indiranagar,6,2,0,1,15,14,16
whitefield,6,2,0,1,12,11,15
marathahalli,6,2,0,1,14,16,15
hsr_layout,6,2,0,1,13,14,13
jp_nagar,6,2,0,1,11,14,13
electronic_city,6,2,0,1,10,10,8
hebbal,6,2,0,1,9,11,8
koramangala,7,2,0,1,18,25,32
indiranagar,7,2,0,1,15,20,24
whitefield,7,2,0,1,12,19,16
marathahalli,7,2,0,1,14,27,20
hsr_layout,7,2,0,1,13,20,21
jp_nagar,7,2,0,1,11,17,18
electronic_city,7,2,0,1,10,19,17
hebbal,7,2,0,1,9,14,12
koramangala,8,2,0,1,18,25,29
indiranagar,8,2,0,1,15,23,26
whitefield,8,2,0,1,12,22,16
marathahalli,8,2,0,1,14,24,22
hsr_layout,8,2,0,1,13,25,22
jp_nagar,8,2,0,1,11,15,17
electronic_city,8,2,0,1,10,20,19
hebbal,8,2,0,1,9,14,13
koramangala,9,2,0,1,18,34,34
indiranagar,9,2,0,1,15,21,24
whitefield,9,2,0,1,12,22,17
marathahalli,9,2,0,1,14,23,23
hsr_layout,9,2,0,1,13,18,20
jp_nagar,9,2,0,1,11,18,20
electronic_city,9,2,0,1,10,14,16
hebbal,9,2,0,1,9,16,13
koramangala,10,2,0,1,18,24,21
indiranagar,10,2,0,1,15,13,14
whitefield,10,2,0,1,12,12,11
marathahalli,10,2,0,1,14,16,16
hsr_layout,10,2,0,1,13,12,14
jp_nagar,10,2,0,1,11,10,11
electronic_city,10,2,0,1,10,10,11
hebbal,10,2,0,1,9,11,10
koramangala,11,2,0,1,18,45,41
indiranagar,11,2,0,1,15,36,28
whitefield,11,2,0,1,12,22,23
marathahalli,11,2,0,1,14,31,28
hsr_layout,11,2,0,1,13,24,25
jp_nagar,11,2,0,1,11,26,18
electronic_city,11,2,0,1,10,20,22
hebbal,11,2,0,1,9,21,17
koramangala,12,2,0,1,18,45,47
indiranagar,12,2,0,1,15,31,27
whitefield,12,2,0,1,12,22,23
marathahalli,12,2,0,1,14,25,28
hsr_layout,12,2,0,1,13,24,30
jp_nagar,12,2,0,1,11,28,24
electronic_city,12,2,0,1,10,25,20
hebbal,12,2,0,1,9,21,20
koramangala,13,2,0,1,18,44,36
indiranagar,13,2,0,1,15,32,37
whitefield,13,2,0,1,12,26,30
marathahalli,13,2,0,1,14,28,35
hsr_layout,13,2,0,1,13,26,28
jp_nagar,13,2,0,1,11,27,22
electronic_city,13,2,0,1,10,23,17
hebbal,13,2,0,1,9,23,24
koramangala,14,2,0,1,18,20,17
indiranagar,14,2,0,1,15,13,19
whitefield,14,2,0,1,12,11,15
marathahalli,14,2,0,1,14,17,11
hsr_layout,14,2,0,1,13,14,12
jp_nagar,14,2,0,1,11,13,12
electronic_city,14,2,0,1,10,11,12
hebbal,14,2,0,1,9,8,8
koramangala,15,2,0,1,18,22,23
indiranagar,15,2,0,1,15,18,15
whitefield,15,2,0,1,12,11,13
marathahalli,15,2,0,1,14,13,15
hsr_layout,15,2,0,1,13,14,13
jp_nagar,15,2,0,1,11,13,13
electronic_city,15,2,0,1,10,9,9
hebbal,15,2,0,1,9,11,10
koramangala,16,2,0,1,18,21,14
indiranagar,16,2,0,1,15,18,18
whitefield,16,2,0,1,12,13,12
marathahalli,16,2,0,1,14,13,17
hsr_layout,16,2,0,1,13,15,11
jp_nagar,16,2,0,1,11,13,15
electronic_city,16,2,0,1,10,12,9
hebbal,16,2,0,1,9,10,8
koramangala,17,2,0,1,18,22,22
indiranagar,17,2,0,1,15,19,17
whitefield,17,2,0,1,12,13,14
marathahalli,17,2,0,1,14,16,15
hsr_layout,17,2,0,1,13,15,12
jp_nagar,17,2,0,1,11,10,13
electronic_city,17,2,0,1,10,11,10
hebbal,17,2,0,1,9,9,8
koramangala,18,2,0,1,18,20,13
indiranagar,18,2,0,1,15,18,17
whitefield,18,2,0,1,12,15,11
marathahalli,18,2,0,1,14,14,13
hsr_layout,18,2,0,1,13,12,15
jp_nagar,18,2,0,1,11,10,9
electronic_city,18,2,0,1,10,11,14
hebbal,18,2,0,1,9,10,9
koramangala,19,2,0,1,18,41,48
indiranagar,19,2,0,1,15,40,32
whitefield,19,2,0,1,12,30,29
marathahalli,19,2,0,1,14,30,42
hsr_layout,19,2,0,1,13,39,33
jp_nagar,19,2,0,1,11,28,29
electronic_city,19,2,0,1,10,24,26
hebbal,19,2,0,1,9,23,25
koramangala,20,2,0,1,18,51,46
indiranagar,20,2,0,1,15,37,41
whitefield,20,2,0,1,12,25,34
marathahalli,20,2,0,1,14,39,43
hsr_layout,20,2,0,1,13,35,32
jp_nagar,20,2,0,1,11,27,32
electronic_city,20,2,0,1,10,23,24
hebbal,20,2,0,1,9,22,23
koramangala,21,2,0,1,18,45,49
indiranagar,21,2,0,1,15,35,42
whitefield,21,2,0,1,12,32,38
marathahalli,21,2,0,1,14,36,38
hsr_layout,21,2,0,1,13,32,38
jp_nagar,21,2,0,1,11,34,30
electronic_city,21,2,0,1,10,30,23
hebbal,21,2,0,1,9,22,29
koramangala,22,2,0,1,18,19,19
indiranagar,22,2,0,1,15,19,18
whitefield,22,2,0,1,12,10,11
marathahalli,22,2,0,1,14,13,16
hsr_layout,22,2,0,1,13,12,13
jp_nagar,22,2,0,1,11,14,11
electronic_city,22,2,0,1,10,11,9
hebbal,22,2,0,1,9,9,10
koramangala,23,2,0,1,18,22,19
indiranagar,23,2,0,1,15,14,13
whitefield,23,2,0,1,12,12,14
marathahalli,23,2,0,1,14,17,16
hsr_layout,23,2,0,1,13,14,15
jp_nagar,23,2,0,1,11,13,10
electronic_city,23,2,0,1,10,11,11
hebbal,23,2,0,1,9,10,9
koramangala,0,3,0,0,18,3,2
indiranagar,0,3,0,0,15,3,2
whitefield,0,3,0,0,12,2,0
marathahalli,0,3,0,0,14,2,2
hsr_layout,0,3,0,0,13,2,2
jp_nagar,0,3,0,0,11,2,2
electronic_city,0,3,0,0,10,1,2
hebbal,0,3,0,0,9,1,1
koramangala,1,3,0,0,18,3,3
indiranagar,1,3,0,0,15,2,3
whitefield,1,3,0,0,12,2,3
marathahalli,1,3,0,0,14,2,0
hsr_layout,1,3,0,0,13,2,0
jp_nagar,1,3,0,0,11,2,4
electronic_city,1,3,0,0,10,2,0
hebbal,1,3,0,0,9,2,0
koramangala,2,3,0,0,18,3,4
indiranagar,2,3,0,0,15,3,2
whitefield,2,3,0,0,12,2,1
marathahalli,2,3,0,0,14,3,3
hsr_layout,2,3,0,0,13,2,1
jp_nagar,2,3,0,0,11,1,2
electronic_city,2,3,0,0,10,1,0
hebbal,2,3,0,0,9,1,2
koramangala,3,3,0,0,18,3,5
indiranagar,3,3,0,0,15,3,1
whitefield,3,3,0,0,12,2,0
marathahalli,3,3,0,0,14,2,1
hsr_layout,3,3,0,0,13,2,1
jp_nagar,3,3,0,0,11,2,2
electronic_city,3,3,0,0,10,1,0
hebbal,3,3,0,0,9,1,0
koramangala,4,3,0,0,18,3,3
indiranagar,4,3,0,0,15,2,3
whitefield,4,3,0,0,12,2,1
marathahalli,4,3,0,0,14,2,1
hsr_layout,4,3,0,0,13,2,6
jp_nagar,4,3,0,0,11,2,3
electronic_city,4,3,0,0,10,1,1
hebbal,4,3,0,0,9,1,2
koramangala,5,3,0,0,18,4,2
indiranagar,5,3,0,0,15,3,4
whitefield,5,3,0,0,12,2,2
marathahalli,5,3,0,0,14,3,2
hsr_layout,5,3,0,0,13,2,1
jp_nagar,5,3,0,0,11,2,0
electronic_city,5,3,0,0,10,2,3
hebbal,5,3,0,0,9,1,0
koramangala,6,3,0,0,18,15,10
indiranagar,6,3,0,0,15,11,11
whitefield,6,3,0,0,12,10,7
marathahalli,6,3,0,0,14,12,10
hsr_layout,6,3,0,0,13,10,11
jp_nagar,6,3,0,0,11,7,10
electronic_city,6,3,0,0,10,9,7
hebbal,6,3,0,0,9,8,5
koramangala,7,3,0,0,18,21,19
indiranagar,7,3,0,0,15,20,17
whitefield,7,3,0,0,12,12,9
marathahalli,7,3,0,0,14,18,15
hsr_layout,7,3,0,0,13,15,13
jp_nagar,7,3,0,0,11,11,15
electronic_city,7,3,0,0,10,10,10
hebbal,7,3,0,0,9,10,10
koramangala,8,3,0,0,18,19,20
indiranagar,8,3,0,0,15,15,16
whitefield,8,3,0,0,12,14,17
marathahalli,8,3,0,0,14,16,16
hsr_layout,8,3,0,0,13,16,10
jp_nagar,8,3,0,0,11,10,15
electronic_city,8,3,0,0,10,12,11
hebbal,8,3,0,0,9,8,8
koramangala,9,3,0,0,18,25,21
indiranagar,9,3,0,0,15,14,18
whitefield,9,3,0,0,12,16,16
marathahalli,9,3,0,0,14,15,16
hsr_layout,9,3,0,0,13,15,15
jp_nagar,9,3,0,0,11,14,10
electronic_city,9,3,0,0,10,11,8
hebbal,9,3,0,0,9,10,12
koramangala,10,3,0,0,18,12,10
indiranagar,10,3,0,0,15,11,12
whitefield,10,3,0,0,12,9,7
marathahalli,10,3,0,0,14,13,11
hsr_layout,10,3,0,0,13,9,11
jp_nagar,10,3,0,0,11,8,5
electronic_city,10,3,0,0,10,7,7
hebbal,10,3,0,0,9,8,6
koramangala,11,3,0,0,18,26,30
indiranagar,11,3,0,0,15,20,27
whitefield,11,3,0,0,12,20,20
marathahalli,11,3,0,0,14,21,22
hsr_layout,11,3,0,0,13,21,21
jp_nagar,11,3,0,0,11,19,16
electronic_city,11,3,0,0,10,13,18
hebbal,11,3,0,0,9,16,16
koramangala,12,3,0,0,18,34,29
indiranagar,12,3,0,0,15,27,25
whitefield,12,3,0,0,12,20,20
marathahalli,12,3,0,0,14,25,23
hsr_layout,12,3,0,0,13,20,24
jp_nagar,12,3,0,0,11,17,16
electronic_city,12,3,0,0,10,13,13
hebbal,12,3,0,0,9,13,16
koramangala,13,3,0,0,18,27,26
indiranagar,13,3,0,0,15,24,23
whitefield,13,3,0,0,12,18,13
marathahalli,13,3,0,0,14,23,23
hsr_layout,13,3,0,0,13,23,23
jp_nagar,13,3,0,0,11,14,16
electronic_city,13,3,0,0,10,16,16
hebbal,13,3,0,0,9,12,12
koramangala,14,3,0,0,18,14,12
indiranagar,14,3,0,0,15,9,13
whitefield,14,3,0,0,12,10,9
marathahalli,14,3,0,0,14,12,7
hsr_layout,14,3,0,0,13,9,7
jp_nagar,14,3,0,0,11,7,10
electronic_city,14,3,0,0,10,8,7
hebbal,14,3,0,0,9,7,9
koramangala,15,3,0,0,18,14,17
indiranagar,15,3,0,0,15,12,10
whitefield,15,3,0,0,12,9,12
marathahalli,15,3,0,0,14,10,10
hsr_layout,15,3,0,0,13,12,8
jp_nagar,15,3,0,0,11,8,7
electronic_city,15,3,0,0,10,8,4
hebbal,15,3,0,0,9,7,9
koramangala,16,3,0,0,18,13,18
indiranagar,16,3,0,0,15,11,9
whitefield,16,3,0,0,12,9,8
marathahalli,16,3,0,0,14,10,11
hsr_layout,16,3,0,0,13,12,9
jp_nagar,16,3,0,0,11,9,5
electronic_city,16,3,0,0,10,8,7
hebbal,16,3,0,0,9,7,7
koramangala,17,3,0,0,18,15,12
indiranagar,17,3,0,0,15,10,10
whitefield,17,3,0,0,12,9,11
marathahalli,17,3,0,0,14,13,10
hsr_layout,17,3,0,0,13,8,11
jp_nagar,17,3,0,0,11,9,9
electronic_city,17,3,0,0,10,9,8
hebbal,17,3,0,0,9,7,5
koramangala,18,3,0,0,18,15,15
indiranagar,18,3,0,0,15,12,12
whitefield,18,3,0,0,12,9,6
marathahalli,18,3,0,0,14,13,12
hsr_layout,18,3,0,0,13,10,12
jp_nagar,18,3,0,0,11,7,6
electronic_city,18,3,0,0,10,8,8
hebbal,18,3,0,0,9,7,6
koramangala,19,3,0,0,18,34,37
indiranagar,19,3,0,0,15,27,26
whitefield,19,3,0,0,12,24,20
marathahalli,19,3,0,0,14,30,23
hsr_layout,19,3,0,0,13,29,23
jp_nagar,19,3,0,0,11,16,20
electronic_city,19,3,0,0,10,20,21
hebbal,19,3,0,0,9,19,15
koramangala,20,3,0,0,18,35,36
indiranagar,20,3,0,0,15,26,30
whitefield,20,3,0,0,12,24,22
marathahalli,20,3,0,0,14,22,27
hsr_layout,20,3,0,0,13,25,25
jp_nagar,20,3,0,0,11,21,17
electronic_city,20,3,0,0,10,16,17
hebbal,20,3,0,0,9,15,18
koramangala,21,3,0,0,18,38,33
indiranagar,21,3,0,0,15,27,24
whitefield,21,3,0,0,12,22,21
marathahalli,21,3,0,0,14,29,29
hsr_layout,21,3,0,0,13,24,29
jp_nagar,21,3,0,0,11,18,23
electronic_city,21,3,0,0,10,20,20
hebbal,21,3,0,0,9,19,16
koramangala,22,3,0,0,18,12,10
indiranagar,22,3,0,0,15,12,10
whitefield,22,3,0,0,12,9,12
marathahalli,22,3,0,0,14,11,12
hsr_layout,22,3,0,0,13,12,8
jp_nagar,22,3,0,0,11,9,6
electronic_city,22,3,0,0,10,7,5
hebbal,22,3,0,0,9,8,3
koramangala,23,3,0,0,18,11,14
indiranagar,23,3,0,0,15,12,12
whitefield,23,3,0,0,12,7,8
marathahalli,23,3,0,0,14,12,9
hsr_layout,23,3,0,0,13,10,13
jp_nagar,23,3,0,0,11,7,6
electronic_city,23,3,0,0,10,8,8
hebbal,23,3,0,0,9,6,4
koramangala,0,4,0,0,18,3,3
indiranagar,0,4,0,0,15,2,3
whitefield,0,4,0,0,12,2,2
marathahalli,0,4,0,0,14,2,2
hsr_layout,0,4,0,0,13,2,2
jp_nagar,0,4,0,0,11,2,0
electronic_city,0,4,0,0,10,1,1
hebbal,0,4,0,0,9,1,2
koramangala,1,4,0,0,18,3,3
indiranagar,1,4,0,0,15,2,3
whitefield,1,4,0,0,12,2,0
marathahalli,1,4,0,0,14,2,0
hsr_layout,1,4,0,0,13,2,0
jp_nagar,1,4,0,0,11,1,3
electronic_city,1,4,0,0,10,2,3
hebbal,1,4,0,0,9,1,2
koramangala,2,4,0,0,18,2,3
indiranagar,2,4,0,0,15,3,0
whitefield,2,4,0,0,12,2,0
marathahalli,2,4,0,0,14,2,2
hsr_layout,2,4,0,0,13,2,2
jp_nagar,2,4,0,0,11,2,1
electronic_city,2,4,0,0,10,2,2
hebbal,2,4,0,0,9,1,1
koramangala,3,4,0,0,18,4,4
indiranagar,3,4,0,0,15,2,2
whitefield,3,4,0,0,12,2,3
marathahalli,3,4,0,0,14,3,1
hsr_layout,3,4,0,0,13,2,0
jp_nagar,3,4,0,0,11,2,0
electronic_city,3,4,0,0,10,1,1
hebbal,3,4,0,0,9,2,2
koramangala,4,4,0,0,18,3,2
indiranagar,4,4,0,0,15,3,2
whitefield,4,4,0,0,12,2,0
marathahalli,4,4,0,0,14,2,3
hsr_layout,4,4,0,0,13,2,1
jp_nagar,4,4,0,0,11,2,1
electronic_city,4,4,0,0,10,2,3
hebbal,4,4,0,0,9,1,1
koramangala,5,4,0,0,18,3,1
indiranagar,5,4,0,0,15,2,0
whitefield,5,4,0,0,12,2,1
marathahalli,5,4,0,0,14,3,0
hsr_layout,5,4,0,0,13,2,2
jp_nagar,5,4,0,0,11,2,1
electronic_city,5,4,0,0,10,1,2
hebbal,5,4,0,0,9,1,0
koramangala,6,4,0,0,18,14,17
indiranagar,6,4,0,0,15,10,15
whitefield,6,4,0,0,12,10,8
marathahalli,6,4,0,0,14,13,12
hsr_layout,6,4,0,0,13,10,9
jp_nagar,6,4,0,0,11,9,7
electronic_city,6,4,0,0,10,7,5
hebbal,6,4,0,0,9,6,5
koramangala,7,4,0,0,18,19,22
indiranagar,7,4,0,0,15,15,15
whitefield,7,4,0,0,12,15,13
marathahalli,7,4,0,0,14,19,14
hsr_layout,7,4,0,0,13,14,14
jp_nagar,7,4,0,0,11,15,10
electronic_city,7,4,0,0,10,14,14
hebbal,7,4,0,0,9,9,9
koramangala,8,4,0,0,18,24,19
indiranagar,8,4,0,0,15,15,14
whitefield,8,4,0,0,12,14,14
marathahalli,8,4,0,0,14,16,14
hsr_layout,8,4,0,0,13,13,17
jp_nagar,8,4,0,0,11,12,12
electronic_city,8,4,0,0,10,9,12
hebbal,8,4,0,0,9,9,7
koramangala,9,4,0,0,18,17,23
indiranagar,9,4,0,0,15,16,17
whitefield,9,4,0,0,12,13,8
marathahalli,9,4,0,0,14,14,16
hsr_layout,9,4,0,0,13,13,14
jp_nagar,9,4,0,0,11,12,11
electronic_city,9,4,0,0,10,12,11
hebbal,9,4,0,0,9,10,11
koramangala,10,4,0,0,18,16,10
indiranagar,10,4,0,0,15,12,14
whitefield,10,4,0,0,12,10,10
marathahalli,10,4,0,0,14,9,9
hsr_layout,10,4,0,0,13,11,12
jp_nagar,10,4,0,0,11,9,8
electronic_city,10,4,0,0,10,7,8
hebbal,10,4,0,0,9,7,3
koramangala,11,4,0,0,18,27,35
indiranagar,11,4,0,0,15,23,18
whitefield,11,4,0,0,12,19,22
marathahalli,11,4,0,0,14,21,17
hsr_layout,11,4,0,0,13,19,19
jp_nagar,11,4,0,0,11,19,17
electronic_city,11,4,0,0,10,14,18
hebbal,11,4,0,0,9,12,13
koramangala,12,4,0,0,18,30,32
indiranagar,12,4,0,0,15,21,24
whitefield,12,4,0,0,12,17,17
marathahalli,12,4,0,0,14,18,21
hsr_layout,12,4,0,0,13,22,18
jp_nagar,12,4,0,0,11,15,17
electronic_city,12,4,0,0,10,15,17
hebbal,12,4,0,0,9,16,12
koramangala,13,4,0,0,18,34,30
indiranagar,13,4,0,0,15,26,25
whitefield,13,4,0,0,12,17,16
marathahalli,13,4,0,0,14,25,26
hsr_layout,13,4,0,0,13,22,20
jp_nagar,13,4,0,0,11,18,15
electronic_city,13,4,0,0,10,13,18
hebbal,13,4,0,0,9,14,13
koramangala,14,4,0,0,18,13,15
indiranagar,14,4,0,0,15,12,9
whitefield,14,4,0,0,12,7,8
marathahalli,14,4,0,0,14,9,8
hsr_layout,14,4,0,0,13,9,8
jp_nagar,14,4,0,0,11,9,7
electronic_city,14,4,0,0,10,6,6
hebbal,14,4,0,0,9,8,7
koramangala,15,4,0,0,18,11,13
indiranagar,15,4,0,0,15,11,9
whitefield,15,4,0,0,12,10,7
marathahalli,15,4,0,0,14,11,7
hsr_layout,15,4,0,0,13,9,7
jp_nagar,15,4,0,0,11,10,9
electronic_city,15,4,0,0,10,7,7
hebbal,15,4,0,0,9,6,5
koramangala,16,4,0,0,18,14,14
indiranagar,16,4,0,0,15,12,8
whitefield,16,4,0,0,12,7,10
marathahalli,16,4,0,0,14,10,11
hsr_layout,16,4,0,0,13,9,8
jp_nagar,16,4,0,0,11,8,8
electronic_city,16,4,0,0,10,7,9
hebbal,16,4,0,0,9,7,4
koramangala,17,4,0,0,18,11,12
indiranagar,17,4,0,0,15,9,10
whitefield,17,4,0,0,12,10,5
marathahalli,17,4,0,0,14,13,8
hsr_layout,17,4,0,0,13,8,8
jp_nagar,17,4,0,0,11,8,7
electronic_city,17,4,0,0,10,8,6
hebbal,17,4,0,0,9,5,5
koramangala,18,4,0,0,18,16,15
indiranagar,18,4,0,0,15,11,10
whitefield,18,4,0,0,12,9,11
marathahalli,18,4,0,0,14,12,8
hsr_layout,18,4,0,0,13,9,8
jp_nagar,18,4,0,0,11,10,11
electronic_city,18,4,0,0,10,7,6
hebbal,18,4,0,0,9,8,5
koramangala,19,4,0,0,18,27,27
indiranagar,19,4,0,0,15,27,29
whitefield,19,4,0,0,12,20,22
marathahalli,19,4,0,0,14,27,24
hsr_layout,19,4,0,0,13,22,22
jp_nagar,19,4,0,0,11,18,23
electronic_city,19,4,0,0,10,18,19
hebbal,19,4,0,0,9,16,21
koramangala,20,4,0,0,18,33,29
indiranagar,20,4,0,0,15,27,27
whitefield,20,4,0,0,12,21,26
marathahalli,20,4,0,0,14,30,29
hsr_layout,20,4,0,0,13,27,23
jp_nagar,20,4,0,0,11,22,23
electronic_city,20,4,0,0,10,21,19
hebbal,20,4,0,0,9,16,14
koramangala,21,4,0,0,18,30,30
indiranagar,21,4,0,0,15,29,28
whitefield,21,4,0,0,12,25,27
marathahalli,21,4,0,0,14,24,29
hsr_layout,21,4,0,0,13,24,30
jp_nagar,21,4,0,0,11,25,18
electronic_city,21,4,0,0,10,21,18
hebbal,21,4,0,0,9,15,19
koramangala,22,4,0,0,18,11,11
indiranagar,22,4,0,0,15,13,10
whitefield,22,4,0,0,12,10,12
marathahalli,22,4,0,0,14,11,10
hsr_layout,22,4,0,0,13,9,8
jp_nagar,22,4,0,0,11,10,9
electronic_city,22,4,0,0,10,6,9
hebbal,22,4,0,0,9,8,8
koramangala,23,4,0,0,18,13,13
indiranagar,23,4,0,0,15,13,12
whitefield,23,4,0,0,12,9,8
marathahalli,23,4,0,0,14,9,13
hsr_layout,23,4,0,0,13,12,10
jp_nagar,23,4,0,0,11,8,11
electronic_city,23,4,0,0,10,7,6
hebbal,23,4,0,0,9,6,6
koramangala,0,5,1,0,18,5,3
indiranagar,0,5,1,0,15,3,1
whitefield,0,5,1,0,12,2,1
marathahalli,0,5,1,0,14,4,3
hsr_layout,0,5,1,0,13,3,3
jp_nagar,0,5,1,0,11,2,5
electronic_city,0,5,1,0,10,2,2
hebbal,0,5,1,0,9,2,3
koramangala,1,5,1,0,18,5,4
indiranagar,1,5,1,0,15,4,6
whitefield,1,5,1,0,12,3,6
marathahalli,1,5,1,0,14,3,3
hsr_layout,1,5,1,0,13,2,1
jp_nagar,1,5,1,0,11,2,1
electronic_city,1,5,1,0,10,2,2
hebbal,1,5,1,0,9,2,2
koramangala,2,5,1,0,18,4,5
indiranagar,2,5,1,0,15,3,4
whitefield,2,5,1,0,12,2,3
marathahalli,2,5,1,0,14,4,2
hsr_layout,2,5,1,0,13,3,3
jp_nagar,2,5,1,0,11,2,5
electronic_city,2,5,1,0,10,2,3
hebbal,2,5,1,0,9,2,2
koramangala,3,5,1,0,18,5,6
indiranagar,3,5,1,0,15,4,2
whitefield,3,5,1,0,12,3,2
marathahalli,3,5,1,0,14,3,1
hsr_layout,3,5,1,0,13,3,2
jp_nagar,3,5,1,0,11,3,1
electronic_city,3,5,1,0,10,2,3
hebbal,3,5,1,0,9,2,1
koramangala,4,5,1,0,18,3,2
indiranagar,4,5,1,0,15,4,6
whitefield,4,5,1,0,12,2,2
marathahalli,4,5,1,0,14,4,3
hsr_layout,4,5,1,0,13,3,3
jp_nagar,4,5,1,0,11,3,0
electronic_city,4,5,1,0,10,3,3
hebbal,4,5,1,0,9,2,2
koramangala,5,5,1,0,18,4,6
indiranagar,5,5,1,0,15,3,1
whitefield,5,5,1,0,12,3,3
marathahalli,5,5,1,0,14,4,3
hsr_layout,5,5,1,0,13,2,3
jp_nagar,5,5,1,0,11,2,0
electronic_city,5,5,1,0,10,2,2
hebbal,5,5,1,0,9,2,0
koramangala,6,5,1,0,18,18,20
indiranagar,6,5,1,0,15,14,11
whitefield,6,5,1,0,12,13,8
marathahalli,6,5,1,0,14,12,17
hsr_layout,6,5,1,0,13,14,13
jp_nagar,6,5,1,0,11,11,7
electronic_city,6,5,1,0,10,9,10
hebbal,6,5,1,0,9,8,8
koramangala,7,5,1,0,18,31,27
indiranagar,7,5,1,0,15,27,21
whitefield,7,5,1,0,12,22,25
marathahalli,7,5,1,0,14,20,22
hsr_layout,7,5,1,0,13,20,24
jp_nagar,7,5,1,0,11,20,16
electronic_city,7,5,1,0,10,16,12
hebbal,7,5,1,0,9,13,14
koramangala,8,5,1,0,18,22,29
indiranagar,8,5,1,0,15,27,19
whitefield,8,5,1,0,12,16,14
marathahalli,8,5,1,0,14,21,23
hsr_layout,8,5,1,0,13,16,23
jp_nagar,8,5,1,0,11,19,13
electronic_city,8,5,1,0,10,18,18
hebbal,8,5,1,0,9,16,14
koramangala,9,5,1,0,18,29,26
indiranagar,9,5,1,0,15,23,24
whitefield,9,5,1,0,12,18,20
marathahalli,9,5,1,0,14,22,20
hsr_layout,9,5,1,0,13,22,17
jp_nagar,9,5,1,0,11,19,17
electronic_city,9,5,1,0,10,16,15
hebbal,9,5,1,0,9,12,15
koramangala,10,5,1,0,18,18,18
indiranagar,10,5,1,0,15,14,12
whitefield,10,5,1,0,12,12,11
marathahalli,10,5,1,0,14,16,13
hsr_layout,10,5,1,0,13,13,13
jp_nagar,10,5,1,0,11,9,10
electronic_city,10,5,1,0,10,8,9
hebbal,10,5,1,0,9,8,9
koramangala,11,5,1,0,18,32,31
indiranagar,11,5,1,0,15,33,33
whitefield,11,5,1,0,12,26,21
marathahalli,11,5,1,0,14,31,30
hsr_layout,11,5,1,0,13,24,29
jp_nagar,11,5,1,0,11,18,20
electronic_city,11,5,1,0,10,20,19
hebbal,11,5,1,0,9,21,16
koramangala,12,5,1,0,18,42,32
indiranagar,12,5,1,0,15,30,35
whitefield,12,5,1,0,12,23,23
marathahalli,12,5,1,0,14,32,28
hsr_layout,12,5,1,0,13,26,26
jp_nagar,12,5,1,0,11,22,23
electronic_city,12,5,1,0,10,23,16
hebbal,12,5,1,0,9,20,17
koramangala,13,5,1,0,18,37,39
indiranagar,13,5,1,0,15,28,30
whitefield,13,5,1,0,12,29,22
marathahalli,13,5,1,0,14,23,33
hsr_layout,13,5,1,0,13,27,24
jp_nagar,13,5,1,0,11,26,22
electronic_city,13,5,1,0,10,18,21
hebbal,13,5,1,0,9,19,15
koramangala,14,5,1,0,18,20,19
indiranagar,14,5,1,0,15,14,21
whitefield,14,5,1,0,12,10,9
marathahalli,14,5,1,0,14,14,14
hsr_layout,14,5,1,0,13,14,11
jp_nagar,14,5,1,0,11,12,11
electronic_city,14,5,1,0,10,10,9
hebbal,14,5,1,0,9,7,9
koramangala,15,5,1,0,18,18,18
indiranagar,15,5,1,0,15,17,17
whitefield,15,5,1,0,12,10,11
marathahalli,15,5,1,0,14,13,14
hsr_layout,15,5,1,0,13,11,14
jp_nagar,15,5,1,0,11,9,10
electronic_city,15,5,1,0,10,9,8
hebbal,15,5,1,0,9,10,10
koramangala,16,5,1,0,18,18,14
indiranagar,16,5,1,0,15,14,19
whitefield,16,5,1,0,12,10,10
marathahalli,16,5,1,0,14,13,14
hsr_layout,16,5,1,0,13,15,13
jp_nagar,16,5,1,0,11,13,10
electronic_city,16,5,1,0,10,9,7
hebbal,16,5,1,0,9,7,7
koramangala,17,5,1,0,18,16,18
indiranagar,17,5,1,0,15,15,11
whitefield,17,5,1,0,12,10,8
marathahalli,17,5,1,0,14,16,10
hsr_layout,17,5,1,0,13,15,14
jp_nagar,17,5,1,0,11,13,13
electronic_city,17,5,1,0,10,12,12
hebbal,17,5,1,0,9,8,10
koramangala,18,5,1,0,18,21,19
indiranagar,18,5,1,0,15,13,15
whitefield,18,5,1,0,12,12,11
marathahalli,18,5,1,0,14,14,15
hsr_layout,18,5,1,0,13,11,15
jp_nagar,18,5,1,0,11,13,11
electronic_city,18,5,1,0,10,12,15
hebbal,18,5,1,0,9,8,10
koramangala,19,5,1,0,18,43,48
indiranagar,19,5,1,0,15,36,42
whitefield,19,5,1,0,12,26,27
marathahalli,19,5,1,0,14,31,35
hsr_layout,19,5,1,0,13,30,30
jp_nagar,19,5,1,0,11,31,24
electronic_city,19,5,1,0,10,21,27
hebbal,19,5,1,0,9,21,22
koramangala,20,5,1,0,18,41,43
indiranagar,20,5,1,0,15,40,35
whitefield,20,5,1,0,12,34,31
marathahalli,20,5,1,0,14,36,35
hsr_layout,20,5,1,0,13,33,33
jp_nagar,20,5,1,0,11,30,26
electronic_city,20,5,1,0,10,28,26
hebbal,20,5,1,0,9,23,18
koramangala,21,5,1,0,18,43,50
indiranagar,21,5,1,0,15,43,43
whitefield,21,5,1,0,12,32,30
marathahalli,21,5,1,0,14,27,28
hsr_layout,21,5,1,0,13,34,30
jp_nagar,21,5,1,0,11,26,24
electronic_city,21,5,1,0,10,28,20
hebbal,21,5,1,0,9,23,25
koramangala,22,5,1,0,18,21,16
indiranagar,22,5,1,0,15,14,15
whitefield,22,5,1,0,12,10,13
marathahalli,22,5,1,0,14,15,13
hsr_layout,22,5,1,0,13,14,10
jp_nagar,22,5,1,0,11,10,13
electronic_city,22,5,1,0,10,12,12
hebbal,22,5,1,0,9,10,8
koramangala,23,5,1,0,18,16,18
indiranagar,23,5,1,0,15,13,13
whitefield,23,5,1,0,12,14,10
marathahalli,23,5,1,0,14,16,9
hsr_layout,23,5,1,0,13,16,11
jp_nagar,23,5,1,0,11,11,10
electronic_city,23,5,1,0,10,11,13
hebbal,23,5,1,0,9,9,7
koramangala,0,6,1,0,18,4,6
indiranagar,0,6,1,0,15,4,1
whitefield,0,6,1,0,12,2,2
marathahalli,0,6,1,0,14,3,3
hsr_layout,0,6,1,0,13,3,1
jp_nagar,0,6,1,0,11,3,1
electronic_city,0,6,1,0,10,2,1
hebbal,0,6,1,0,9,2,1
koramangala,1,6,1,0,18,5,7
indiranagar,1,6,1,0,15,3,3
whitefield,1,6,1,0,12,3,2
marathahalli,1,6,1,0,14,3,3
hsr_layout,1,6,1,0,13,3,3
jp_nagar,1,6,1,0,11,2,2
electronic_city,1,6,1,0,10,2,1
hebbal,1,6,1,0,9,2,2
koramangala,2,6,1,0,18,4,5
indiranagar,2,6,1,0,15,4,5
whitefield,2,6,1,0,12,3,2
marathahalli,2,6,1,0,14,3,5
hsr_layout,2,6,1,0,13,3,2
jp_nagar,2,6,1,0,11,2,2
electronic_city,2,6,1,0,10,2,1
hebbal,2,6,1,0,9,2,1
koramangala,3,6,1,0,18,3,7
indiranagar,3,6,1,0,15,3,3
whitefield,3,6,1,0,12,2,3
marathahalli,3,6,1,0,14,3,0
hsr_layout,3,6,1,0,13,2,2
jp_nagar,3,6,1,0,11,3,2
electronic_city,3,6,1,0,10,2,0
hebbal,3,6,1,0,9,2,2
koramangala,4,6,1,0,18,4,3
indiranagar,4,6,1,0,15,4,3
whitefield,4,6,1,0,12,3,3
marathahalli,4,6,1,0,14,3,2
hsr_layout,4,6,1,0,13,3,2
jp_nagar,4,6,1,0,11,2,2
electronic_city,4,6,1,0,10,2,3
hebbal,4,6,1,0,9,2,2
koramangala,5,6,1,0,18,5,3
indiranagar,5,6,1,0,15,3,3
whitefield,5,6,1,0,12,3,4
marathahalli,5,6,1,0,14,3,5
hsr_layout,5,6,1,0,13,3,2
jp_nagar,5,6,1,0,11,3,3
electronic_city,5,6,1,0,10,2,4
hebbal,5,6,1,0,9,2,3
koramangala,6,6,1,0,18,16,19
indiranagar,6,6,1,0,15,15,15
whitefield,6,6,1,0,12,14,9
marathahalli,6,6,1,0,14,13,10
hsr_layout,6,6,1,0,13,12,11
jp_nagar,6,6,1,0,11,9,10
electronic_city,6,6,1,0,10,8,8
hebbal,6,6,1,0,9,7,10
koramangala,7,6,1,0,18,26,23
indiranagar,7,6,1,0,15,23,22
whitefield,7,6,1,0,12,20,20
marathahalli,7,6,1,0,14,19,22
hsr_layout,7,6,1,0,13,16,20
jp_nagar,7,6,1,0,11,19,15
electronic_city,7,6,1,0,10,16,16
hebbal,7,6,1,0,9,13,13
koramangala,8,6,1,0,18,29,25
indiranagar,8,6,1,0,15,26,23
whitefield,8,6,1,0,12,15,18
marathahalli,8,6,1,0,14,24,18
hsr_layout,8,6,1,0,13,20,23
jp_nagar,8,6,1,0,11,17,18
electronic_city,8,6,1,0,10,17,15
hebbal,8,6,1,0,9,16,13
koramangala,9,6,1,0,18,26,28
indiranagar,9,6,1,0,15,25,20
whitefield,9,6,1,0,12,22,23
marathahalli,9,6,1,0,14,25,22
hsr_layout,9,6,1,0,13,23,17
jp_nagar,9,6,1,0,11,18,21
electronic_city,9,6,1,0,10,14,11
hebbal,9,6,1,0,9,11,16
koramangala,10,6,1,0,18,18,17
indiranagar,10,6,1,0,15,18,16
whitefield,10,6,1,0,12,10,9
marathahalli,10,6,1,0,14,13,14
hsr_layout,10,6,1,0,13,13,14
jp_nagar,10,6,1,0,11,9,15
electronic_city,10,6,1,0,10,11,12
hebbal,10,6,1,0,9,9,11
koramangala,11,6,1,0,18,40,33
indiranagar,11,6,1,0,15,26,33
whitefield,11,6,1,0,12,19,22
marathahalli,11,6,1,0,14,24,24
hsr_layout,11,6,1,0,13,23,21
jp_nagar,11,6,1,0,11,23,20
electronic_city,11,6,1,0,10,23,20
hebbal,11,6,1,0,9,18,17
koramangala,12,6,1,0,18,43,35
indiranagar,12,6,1,0,15,33,33
whitefield,12,6,1,0,12,24,27
marathahalli,12,6,1,0,14,29,30
hsr_layout,12,6,1,0,13,28,20
jp_nagar,12,6,1,0,11,19,20
electronic_city,12,6,1,0,10,22,20
hebbal,12,6,1,0,9,21,20
koramangala,13,6,1,0,18,38,38
indiranagar,13,6,1,0,15,31,32
whitefield,13,6,1,0,12,20,26
marathahalli,13,6,1,0,14,23,30
hsr_layout,13,6,1,0,13,31,27
jp_nagar,13,6,1,0,11,21,19
electronic_city,13,6,1,0,10,20,17
hebbal,13,6,1,0,9,18,20
koramangala,14,6,1,0,18,20,15
indiranagar,14,6,1,0,15,17,12
whitefield,14,6,1,0,12,12,10
marathahalli,14,6,1,0,14,17,13
hsr_layout,14,6,1,0,13,14,13
jp_nagar,14,6,1,0,11,13,13
electronic_city,14,6,1,0,10,10,8
hebbal,14,6,1,0,9,9,5
koramangala,15,6,1,0,18,15,20
indiranagar,15,6,1,0,15,16,12
whitefield,15,6,1,0,12,9,11
marathahalli,15,6,1,0,14,14,14
hsr_layout,15,6,1,0,13,15,12
jp_nagar,15,6,1,0,11,9,10
electronic_city,15,6,1,0,10,9,9
hebbal,15,6,1,0,9,7,9
koramangala,16,6,1,0,18,20,18
indiranagar,16,6,1,0,15,12,14
whitefield,16,6,1,0,12,10,14
marathahalli,16,6,1,0,14,14,16
hsr_layout,16,6,1,0,13,14,14
jp_nagar,16,6,1,0,11,13,11
electronic_city,16,6,1,0,10,10,9
hebbal,16,6,1,0,9,8,10
koramangala,17,6,1,0,18,18,17
indiranagar,17,6,1,0,15,14,15
whitefield,17,6,1,0,12,12,13
marathahalli,17,6,1,0,14,13,16
hsr_layout,17,6,1,0,13,13,14
jp_nagar,17,6,1,0,11,13,9
electronic_city,17,6,1,0,10,10,9
hebbal,17,6,1,0,9,9,8
koramangala,18,6,1,0,18,15,19
indiranagar,18,6,1,0,15,17,15
whitefield,18,6,1,0,12,11,11
marathahalli,18,6,1,0,14,17,11
hsr_layout,18,6,1,0,13,11,14
jp_nagar,18,6,1,0,11,11,9
electronic_city,18,6,1,0,10,8,10
hebbal,18,6,1,0,9,7,10
koramangala,19,6,1,0,18,52,41
indiranagar,19,6,1,0,15,40,31
whitefield,19,6,1,0,12,32,30
marathahalli,19,6,1,0,14,34,29
hsr_layout,19,6,1,0,13,34,26
jp_nagar,19,6,1,0,11,27,27
electronic_city,19,6,1,0,10,20,23
hebbal,19,6,1,0,9,25,17
koramangala,20,6,1,0,18,40,47
indiranagar,20,6,1,0,15,31,40
whitefield,20,6,1,0,12,25,29
marathahalli,20,6,1,0,14,29,33
hsr_layout,20,6,1,0,13,36,30
jp_nagar,20,6,1,0,11,21,24
electronic_city,20,6,1,0,10,23,24
hebbal,20,6,1,0,9,18,26
koramangala,21,6,1,0,18,48,42
indiranagar,21,6,1,0,15,38,35
whitefield,21,6,1,0,12,26,32
marathahalli,21,6,1,0,14,33,34
hsr_layout,21,6,1,0,13,32,29
jp_nagar,21,6,1,0,11,25,23
electronic_city,21,6,1,0,10,21,21
hebbal,21,6,1,0,9,24,19
koramangala,22,6,1,0,18,18,21
indiranagar,22,6,1,0,15,12,14
whitefield,22,6,1,0,12,10,9
marathahalli,22,6,1,0,14,12,11
hsr_layout,22,6,1,0,13,15,14
jp_nagar,22,6,1,0,11,11,12
electronic_city,22,6,1,0,10,9,9
hebbal,22,6,1,0,9,9,11
koramangala,23,6,1,0,18,18,21
indiranagar,23,6,1,0,15,15,15
whitefield,23,6,1,0,12,12,10
marathahalli,23,6,1,0,14,12,13
hsr_layout,23,6,1,0,13,14,8
jp_nagar,23,6,1,0,11,9,11
electronic_city,23,6,1,0,10,11,11
hebbal,23,6,1,0,9,7,7
koramangala,0,0,0,0,18,3,5
indiranagar,0,0,0,0,15,2,1
whitefield,0,0,0,0,12,2,2
marathahalli,0,0,0,0,14,3,3
hsr_layout,0,0,0,0,13,2,6
jp_nagar,0,0,0,0,11,2,4
electronic_city,0,0,0,0,10,1,2
hebbal,0,0,0,0,9,2,0
koramangala,1,0,0,0,18,3,3
indiranagar,1,0,0,0,15,3,0
whitefield,1,0,0,0,12,1,3
marathahalli,1,0,0,0,14,2,2
hsr_layout,1,0,0,0,13,2,0
jp_nagar,1,0,0,0,11,2,2
electronic_city,1,0,0,0,10,2,0
hebbal,1,0,0,0,9,1,1
koramangala,2,0,0,0,18,3,1
indiranagar,2,0,0,0,15,2,2
whitefield,2,0,0,0,12,2,3
marathahalli,2,0,0,0,14,2,1
hsr_layout,2,0,0,0,13,2,1
jp_nagar,2,0,0,0,11,2,1
electronic_city,2,0,0,0,10,1,3
hebbal,2,0,0,0,9,1,0
koramangala,3,0,0,0,18,3,3
indiranagar,3,0,0,0,15,2,4
whitefield,3,0,0,0,12,2,2
marathahalli,3,0,0,0,14,2,2
hsr_layout,3,0,0,0,13,2,2
jp_nagar,3,0,0,0,11,2,2
electronic_city,3,0,0,0,10,2,2
hebbal,3,0,0,0,9,1,0
koramangala,4,0,0,0,18,3,0
indiranagar,4,0,0,0,15,3,4
whitefield,4,0,0,0,12,2,0
marathahalli,4,0,0,0,14,2,2
hsr_layout,4,0,0,0,13,2,1
jp_nagar,4,0,0,0,11,2,0
electronic_city,4,0,0,0,10,2,2
hebbal,4,0,0,0,9,1,1
koramangala,5,0,0,0,18,4,6
indiranagar,5,0,0,0,15,3,2
whitefield,5,0,0,0,12,2,4
marathahalli,5,0,0,0,14,2,2
hsr_layout,5,0,0,0,13,3,1
jp_nagar,5,0,0,0,11,2,3
electronic_city,5,0,0,0,10,2,1
hebbal,5,0,0,0,9,2,1
koramangala,6,0,0,0,18,11,12
indiranagar,6,0,0,0,15,13,11
whitefield,6,0,0,0,12,8,8
marathahalli,6,0,0,0,14,12,12
hsr_layout,6,0,0,0,13,9,10
jp_nagar,6,0,0,0,11,8,6
electronic_city,6,0,0,0,10,8,7
hebbal,6,0,0,0,9,7,7
koramangala,7,0,0,0,18,22,15
indiranagar,7,0,0,0,15,16,16
whitefield,7,0,0,0,12,13,12
marathahalli,7,0,0,0,14,18,17
hsr_layout,7,0,0,0,13,17,17
jp_nagar,7,0,0,0,11,12,12
electronic_city,7,0,0,0,10,13,12
hebbal,7,0,0,0,9,9,9
koramangala,8,0,0,0,18,18,24
indiranagar,8,0,0,0,15,16,22
whitefield,8,0,0,0,12,13,15
marathahalli,8,0,0,0,14,19,14
hsr_layout,8,0,0,0,13,14,15
jp_nagar,8,0,0,0,11,13,16
electronic_city,8,0,0,0,10,11,10
hebbal,8,0,0,0,9,9,10
koramangala,9,0,0,0,18,25,17
indiranagar,9,0,0,0,15,18,18
whitefield,9,0,0,0,12,16,14
marathahalli,9,0,0,0,14,13,16
hsr_layout,9,0,0,0,13,14,13
jp_nagar,9,0,0,0,11,11,13
electronic_city,9,0,0,0,10,14,15
hebbal,9,0,0,0,9,9,10
koramangala,10,0,0,0,18,17,11
indiranagar,10,0,0,0,15,13,8
whitefield,10,0,0,0,12,8,11
marathahalli,10,0,0,0,14,10,9
hsr_layout,10,0,0,0,13,8,8
jp_nagar,10,0,0,0,11,7,9
electronic_city,10,0,0,0,10,9,4
hebbal,10,0,0,0,9,7,6
koramangala,11,0,0,0,18,23,31
indiranagar,11,0,0,0,15,23,22
whitefield,11,0,0,0,12,18,16
marathahalli,11,0,0,0,14,20,22
hsr_layout,11,0,0,0,13,19,21
jp_nagar,11,0,0,0,11,14,18
electronic_city,11,0,0,0,10,18,15
hebbal,11,0,0,0,9,14,17
koramangala,12,0,0,0,18,27,27
indiranagar,12,0,0,0,15,24,25
whitefield,12,0,0,0,12,17,15
marathahalli,12,0,0,0,14,18,18
hsr_layout,12,0,0,0,13,22,15
jp_nagar,12,0,0,0,11,14,20
electronic_city,12,0,0,0,10,18,14
hebbal,12,0,0,0,9,14,16
koramangala,13,0,0,0,18,28,32
indiranagar,13,0,0,0,15,26,22
whitefield,13,0,0,0,12,19,17
marathahalli,13,0,0,0,14,20,21
hsr_layout,13,0,0,0,13,18,26
jp_nagar,13,0,0,0,11,14,18
electronic_city,13,0,0,0,10,13,18
hebbal,13,0,0,0,9,14,14
koramangala,14,0,0,0,18,15,14
indiranagar,14,0,0,0,15,14,12
whitefield,14,0,0,0,12,7,7
marathahalli,14,0,0,0,14,10,9
hsr_layout,14,0,0,0,13,12,8
jp_nagar,14,0,0,0,11,8,7
electronic_city,14,0,0,0,10,7,7
hebbal,14,0,0,0,9,6,7
koramangala,15,0,0,0,18,13,14
indiranagar,15,0,0,0,15,11,12
whitefield,15,0,0,0,12,8,7
marathahalli,15,0,0,0,14,9,11
hsr_layout,15,0,0,0,13,10,8
jp_nagar,15,0,0,0,11,9,8
electronic_city,15,0,0,0,10,7,8
hebbal,15,0,0,0,9,8,5
koramangala,16,0,0,0,18,13,14
indiranagar,16,0,0,0,15,12,6
whitefield,16,0,0,0,12,10,9
marathahalli,16,0,0,0,14,9,8
hsr_layout,16,0,0,0,13,8,11
jp_nagar,16,0,0,0,11,8,7
electronic_city,16,0,0,0,10,7,9
hebbal,16,0,0,0,9,6,6
koramangala,17,0,0,0,18,13,16
indiranagar,17,0,0,0,15,13,11
whitefield,17,0,0,0,12,9,7
marathahalli,17,0,0,0,14,13,8
hsr_layout,17,0,0,0,13,11,10
jp_nagar,17,0,0,0,11,8,6
electronic_city,17,0,0,0,10,9,4
hebbal,17,0,0,0,9,6,9
koramangala,18,0,0,0,18,16,16
indiranagar,18,0,0,0,15,11,11
whitefield,18,0,0,0,12,8,9
marathahalli,18,0,0,0,14,13,12
hsr_layout,18,0,0,0,13,9,7
jp_nagar,18,0,0,0,11,7,9
electronic_city,18,0,0,0,10,9,5
hebbal,18,0,0,0,9,8,9
koramangala,19,0,0,0,18,32,31
indiranagar,19,0,0,0,15,23,32
whitefield,19,0,0,0,12,25,22
marathahalli,19,0,0,0,14,22,28
hsr_layout,19,0,0,0,13,20,22
jp_nagar,19,0,0,0,11,16,23
electronic_city,19,0,0,0,10,19,21
hebbal,19,0,0,0,9,20,16
koramangala,20,0,0,0,18,30,30
indiranagar,20,0,0,0,15,25,29
whitefield,20,0,0,0,12,24,24
marathahalli,20,0,0,0,14,22,26
hsr_layout,20,0,0,0,13,29,26
jp_nagar,20,0,0,0,11,19,18
electronic_city,20,0,0,0,10,21,20
hebbal,20,0,0,0,9,15,18
koramangala,21,0,0,0,18,33,36
indiranagar,21,0,0,0,15,23,25
whitefield,21,0,0,0,12,21,25
marathahalli,21,0,0,0,14,27,21
hsr_layout,21,0,0,0,13,22,23
jp_nagar,21,0,0,0,11,23,16
electronic_city,21,0,0,0,10,15,24
hebbal,21,0,0,0,9,16,14
koramangala,22,0,0,0,18,11,12
indiranagar,22,0,0,0,15,14,11
whitefield,22,0,0,0,12,10,7
marathahalli,22,0,0,0,14,9,8
hsr_layout,22,0,0,0,13,8,11
jp_nagar,22,0,0,0,11,9,7
electronic_city,22,0,0,0,10,7,7
hebbal,22,0,0,0,9,7,8
koramangala,23,0,0,0,18,14,11
indiranagar,23,0,0,0,15,10,13
whitefield,23,0,0,0,12,7,9
marathahalli,23,0,0,0,14,11,13
hsr_layout,23,0,0,0,13,9,11
jp_nagar,23,0,0,0,11,9,5
electronic_city,23,0,0,0,10,8,4
hebbal,23,0,0,0,9,7,5
koramangala,0,1,0,0,18,4,4
indiranagar,0,1,0,0,15,2,1
whitefield,0,1,0,0,12,2,0
marathahalli,0,1,0,0,14,2,2
hsr_layout,0,1,0,0,13,2,1
jp_nagar,0,1,0,0,11,2,0
electronic_city,0,1,0,0,10,2,4
hebbal,0,1,0,0,9,1,2
koramangala,1,1,0,0,18,3,2
indiranagar,1,1,0,0,15,2,2
whitefield,1,1,0,0,12,2,0
marathahalli,1,1,0,0,14,3,0
hsr_layout,1,1,0,0,13,2,3
jp_nagar,1,1,0,0,11,1,0
electronic_city,1,1,0,0,10,2,1
hebbal,1,1,0,0,9,1,0
koramangala,2,1,0,0,18,2,1
indiranagar,2,1,0,0,15,3,2
whitefield,2,1,0,0,12,1,2
marathahalli,2,1,0,0,14,2,4
hsr_layout,2,1,0,0,13,2,4
jp_nagar,2,1,0,0,11,2,0
electronic_city,2,1,0,0,10,2,2
hebbal,2,1,0,0,9,1,0
koramangala,3,1,0,0,18,3,6
indiranagar,3,1,0,0,15,2,3
whitefield,3,1,0,0,12,2,2
marathahalli,3,1,0,0,14,2,2
hsr_layout,3,1,0,0,13,2,4
jp_nagar,3,1,0,0,11,2,2
electronic_city,3,1,0,0,10,2,4
hebbal,3,1,0,0,9,1,0
koramangala,4,1,0,0,18,3,3
indiranagar,4,1,0,0,15,3,1
whitefield,4,1,0,0,12,2,4
marathahalli,4,1,0,0,14,2,5
hsr_layout,4,1,0,0,13,2,2
jp_nagar,4,1,0,0,11,1,4
electronic_city,4,1,0,0,10,2,3
hebbal,4,1,0,0,9,1,1
koramangala,5,1,0,0,18,4,6
indiranagar,5,1,0,0,15,3,1
whitefield,5,1,0,0,12,2,1
marathahalli,5,1,0,0,14,2,4
hsr_layout,5,1,0,0,13,2,1
jp_nagar,5,1,0,0,11,2,2
electronic_city,5,1,0,0,10,1,3
hebbal,5,1,0,0,9,1,1
koramangala,6,1,0,0,18,13,11
indiranagar,6,1,0,0,15,10,11
whitefield,6,1,0,0,12,10,7
marathahalli,6,1,0,0,14,11,12
hsr_layout,6,1,0,0,13,11,12
jp_nagar,6,1,0,0,11,9,9
electronic_city,6,1,0,0,10,7,8
hebbal,6,1,0,0,9,7,7
koramangala,7,1,0,0,18,20,16
indiranagar,7,1,0,0,15,15,20
whitefield,7,1,0,0,12,13,15
marathahalli,7,1,0,0,14,15,13
hsr_layout,7,1,0,0,13,15,19
jp_nagar,7,1,0,0,11,15,11
electronic_city,7,1,0,0,10,9,8
hebbal,7,1,0,0,9,10,10
koramangala,8,1,0,0,18,21,19
indiranagar,8,1,0,0,15,18,18
whitefield,8,1,0,0,12,15,12
marathahalli,8,1,0,0,14,16,18
hsr_layout,8,1,0,0,13,16,15
jp_nagar,8,1,0,0,11,14,8
electronic_city,8,1,0,0,10,13,11
hebbal,8,1,0,0,9,12,8
koramangala,9,1,0,0,18,20,22
indiranagar,9,1,0,0,15,19,17
whitefield,9,1,0,0,12,15,10
marathahalli,9,1,0,0,14,14,14
hsr_layout,9,1,0,0,13,16,15
jp_nagar,9,1,0,0,11,15,13
electronic_city,9,1,0,0,10,10,11
hebbal,9,1,0,0,9,9,8
koramangala,10,1,0,0,18,17,15
indiranagar,10,1,0,0,15,11,9
whitefield,10,1,0,0,12,9,8
marathahalli,10,1,0,0,14,12,6
hsr_layout,10,1,0,0,13,9,12
jp_nagar,10,1,0,0,11,8,9
electronic_city,10,1,0,0,10,9,6
hebbal,10,1,0,0,9,8,4
koramangala,11,1,0,0,18,29,26
indiranagar,11,1,0,0,15,21,23
whitefield,11,1,0,0,12,16,18
marathahalli,11,1,0,0,14,26,27
hsr_layout,11,1,0,0,13,18,16
jp_nagar,11,1,0,0,11,20,19
electronic_city,11,1,0,0,10,16,14
hebbal,11,1,0,0,9,12,14
koramangala,12,1,0,0,18,31,32
indiranagar,12,1,0,0,15,26,22
whitefield,12,1,0,0,12,18,17
marathahalli,12,1,0,0,14,22,18
hsr_layout,12,1,0,0,13,21,24
jp_nagar,12,1,0,0,11,17,13
electronic_city,12,1,0,0,10,15,18
hebbal,12,1,0,0,9,11,16
koramangala,13,1,0,0,18,24,30
indiranagar,13,1,0,0,15,23,27
whitefield,13,1,0,0,12,20,17
marathahalli,13,1,0,0,14,19,20
hsr_layout,13,1,0,0,13,19,18
jp_nagar,13,1,0,0,11,18,13
electronic_city,13,1,0,0,10,18,15
hebbal,13,1,0,0,9,11,10
koramangala,14,1,0,0,18,13,13
indiranagar,14,1,0,0,15,10,9
whitefield,14,1,0,0,12,9,4
marathahalli,14,1,0,0,14,12,10
hsr_layout,14,1,0,0,13,10,14
jp_nagar,14,1,0,0,11,7,8
electronic_city,14,1,0,0,10,6,7
hebbal,14,1,0,0,9,7,5
koramangala,15,1,0,0,18,16,14
indiranagar,15,1,0,0,15,12,13
whitefield,15,1,0,0,12,10,7
marathahalli,15,1,0,0,14,11,10
hsr_layout,15,1,0,0,13,10,13
jp_nagar,15,1,0,0,11,9,4
electronic_city,15,1,0,0,10,9,7
hebbal,15,1,0,0,9,7,7
koramangala,16,1,0,0,18,15,15
indiranagar,16,1,0,0,15,11,13
whitefield,16,1,0,0,12,9,8
marathahalli,16,1,0,0,14,11,10
hsr_layout,16,1,0,0,13,9,9
jp_nagar,16,1,0,0,11,10,6
electronic_city,16,1,0,0,10,7,5
hebbal,16,1,0,0,9,8,3
koramangala,17,1,0,0,18,14,11
indiranagar,17,1,0,0,15,11,10
whitefield,17,1,0,0,12,9,8
marathahalli,17,1,0,0,14,12,8
hsr_layout,17,1,0,0,13,8,10
jp_nagar,17,1,0,0,11,7,8
electronic_city,17,1,0,0,10,6,8
hebbal,17,1,0,0,9,8,5
koramangala,18,1,0,0,18,11,11
indiranagar,18,1,0,0,15,10,10
whitefield,18,1,0,0,12,8,7
marathahalli,18,1,0,0,14,11,12
hsr_layout,18,1,0,0,13,10,14
jp_nagar,18,1,0,0,11,8,7
electronic_city,18,1,0,0,10,8,6
hebbal,18,1,0,0,9,8,6
koramangala,19,1,0,0,18,32,34
indiranagar,19,1,0,0,15,30,26
whitefield,19,1,0,0,12,25,19
marathahalli,19,1,0,0,14,21,25
hsr_layout,19,1,0,0,13,25,29
jp_nagar,19,1,0,0,11,22,20
electronic_city,19,1,0,0,10,16,19
hebbal,19,1,0,0,9,18,19
koramangala,20,1,0,0,18,38,33
indiranagar,20,1,0,0,15,34,25
whitefield,20,1,0,0,12,21,23
marathahalli,20,1,0,0,14,23,25
hsr_layout,20,1,0,0,13,27,20
jp_nagar,20,1,0,0,11,24,23
electronic_city,20,1,0,0,10,21,19
hebbal,20,1,0,0,9,18,14
koramangala,21,1,0,0,18,33,36
indiranagar,21,1,0,0,15,29,22
whitefield,21,1,0,0,12,18,22
marathahalli,21,1,0,0,14,26,25
hsr_layout,21,1,0,0,13,19,23
jp_nagar,21,1,0,0,11,18,22
electronic_city,21,1,0,0,10,21,17
hebbal,21,1,0,0,9,19,12
koramangala,22,1,0,0,18,15,16
indiranagar,22,1,0,0,15,13,12
whitefield,22,1,0,0,12,10,12
marathahalli,22,1,0,0,14,10,12
hsr_layout,22,1,0,0,13,9,11
jp_nagar,22,1,0,0,11,7,9
electronic_city,22,1,0,0,10,7,7
hebbal,22,1,0,0,9,6,5
koramangala,23,1,0,0,18,14,13
indiranagar,23,1,0,0,15,11,11
whitefield,23,1,0,0,12,9,9
marathahalli,23,1,0,0,14,10,11
hsr_layout,23,1,0,0,13,12,9
jp_nagar,23,1,0,0,11,9,11
electronic_city,23,1,0,0,10,9,7
hebbal,23,1,0,0,9,6,8
koramangala,0,2,0,0,18,3,7
indiranagar,0,2,0,0,15,2,3
whitefield,0,2,0,0,12,2,3
marathahalli,0,2,0,0,14,2,1
hsr_layout,0,2,0,0,13,2,2
jp_nagar,0,2,0,0,11,2,0
electronic_city,0,2,0,0,10,2,2
hebbal,0,2,0,0,9,1,1
koramangala,1,2,0,0,18,4,3
indiranagar,1,2,0,0,15,3,3
whitefield,1,2,0,0,12,2,0
marathahalli,1,2,0,0,14,3,4
hsr_layout,1,2,0,0,13,2,3
jp_nagar,1,2,0,0,11,2,1
electronic_city,1,2,0,0,10,1,1
hebbal,1,2,0,0,9,1,1
koramangala,2,2,0,0,18,3,5
indiranagar,2,2,0,0,15,3,2
whitefield,2,2,0,0,12,2,2
marathahalli,2,2,0,0,14,2,3
hsr_layout,2,2,0,0,13,2,4
jp_nagar,2,2,0,0,11,2,1
electronic_city,2,2,0,0,10,2,0
hebbal,2,2,0,0,9,2,3
koramangala,3,2,0,0,18,3,3
indiranagar,3,2,0,0,15,3,3
whitefield,3,2,0,0,12,2,0
marathahalli,3,2,0,0,14,3,2
hsr_layout,3,2,0,0,13,2,4
jp_nagar,3,2,0,0,11,2,0
electronic_city,3,2,0,0,10,2,1
hebbal,3,2,0,0,9,1,1
koramangala,4,2,0,0,18,3,2
indiranagar,4,2,0,0,15,3,2
whitefield,4,2,0,0,12,2,2
marathahalli,4,2,0,0,14,3,2
hsr_layout,4,2,0,0,13,2,3
jp_nagar,4,2,0,0,11,2,4
electronic_city,4,2,0,0,10,2,0
hebbal,4,2,0,0,9,1,1
koramangala,5,2,0,0,18,3,4
indiranagar,5,2,0,0,15,3,5
whitefield,5,2,0,0,12,2,3
marathahalli,5,2,0,0,14,2,2
hsr_layout,5,2,0,0,13,2,2
jp_nagar,5,2,0,0,11,2,3
electronic_city,5,2,0,0,10,2,0
hebbal,5,2,0,0,9,1,2
koramangala,6,2,0,0,18,14,16
indiranagar,6,2,0,0,15,13,11
whitefield,6,2,0,0,12,8,10
marathahalli,6,2,0,0,14,13,9
hsr_layout,6,2,0,0,13,9,7
jp_nagar,6,2,0,0,11,9,10
electronic_city,6,2,0,0,10,6,7
hebbal,6,2,0,0,9,8,6
koramangala,7,2,0,0,18,19,20
indiranagar,7,2,0,0,15,21,14
whitefield,7,2,0,0,12,15,14
marathahalli,7,2,0,0,14,17,19
hsr_layout,7,2,0,0,13,16,15
jp_nagar,7,2,0,0,11,14,11
electronic_city,7,2,0,0,10,12,12
hebbal,7,2,0,0,9,10,9
koramangala,8,2,0,0,18,21,18
indiranagar,8,2,0,0,15,19,16
whitefield,8,2,0,0,12,15,16
marathahalli,8,2,0,0,14,13,17
hsr_layout,8,2,0,0,13,14,16
jp_nagar,8,2,0,0,11,15,12
electronic_city,8,2,0,0,10,11,13
hebbal,8,2,0,0,9,9,12
koramangala,9,2,0,0,18,22,19
indiranagar,9,2,0,0,15,19,15
whitefield,9,2,0,0,12,17,12
marathahalli,9,2,0,0,14,19,15
hsr_layout,9,2,0,0,13,13,15
jp_nagar,9,2,0,0,11,13,10
electronic_city,9,2,0,0,10,12,9
hebbal,9,2,0,0,9,11,7
koramangala,10,2,0,0,18,12,12
indiranagar,10,2,0,0,15,11,6
whitefield,10,2,0,0,12,11,8
marathahalli,10,2,0,0,14,11,9
hsr_layout,10,2,0,0,13,12,7
jp_nagar,10,2,0,0,11,9,10
electronic_city,10,2,0,0,10,7,6
hebbal,10,2,0,0,9,8,10
koramangala,11,2,0,0,18,30,29
indiranagar,11,2,0,0,15,21,20
whitefield,11,2,0,0,12,17,20
marathahalli,11,2,0,0,14,20,18
hsr_layout,11,2,0,0,13,21,13
jp_nagar,11,2,0,0,11,18,12
electronic_city,11,2,0,0,10,13,15
hebbal,11,2,0,0,9,13,17
koramangala,12,2,0,0,18,26,32
indiranagar,12,2,0,0,15,22,20
whitefield,12,2,0,0,12,17,17
marathahalli,12,2,0,0,14,21,25
hsr_layout,12,2,0,0,13,24,20
jp_nagar,12,2,0,0,11,20,14
electronic_city,12,2,0,0,10,15,12
hebbal,12,2,0,0,9,11,10
koramangala,13,2,0,0,18,26,33
indiranagar,13,2,0,0,15,26,23
whitefield,13,2,0,0,12,21,20
marathahalli,13,2,0,0,14,18,17
hsr_layout,13,2,0,0,13,21,17
jp_nagar,13,2,0,0,11,18,14
electronic_city,13,2,0,0,10,16,15
hebbal,13,2,0,0,9,15,14
koramangala,14,2,0,0,18,16,11
indiranagar,14,2,0,0,15,11,9
whitefield,14,2,0,0,12,11,9
marathahalli,14,2,0,0,14,9,12
hsr_layout,14,2,0,0,13,11,10
jp_nagar,14,2,0,0,11,9,6
electronic_city,14,2,0,0,10,7,2
hebbal,14,2,0,0,9,7,5
koramangala,15,2,0,0,18,11,11
indiranagar,15,2,0,0,15,11,13
whitefield,15,2,0,0,12,8,13
marathahalli,15,2,0,0,14,9,11
hsr_layout,15,2,0,0,13,11,14
jp_nagar,15,2,0,0,11,8,8
electronic_city,15,2,0,0,10,8,7
hebbal,15,2,0,0,9,6,7
koramangala,16,2,0,0,18,12,14
indiranagar,16,2,0,0,15,11,15
whitefield,16,2,0,0,12,9,8
marathahalli,16,2,0,0,14,10,12
hsr_layout,16,2,0,0,13,8,7
jp_nagar,16,2,0,0,11,9,10
electronic_city,16,2,0,0,10,7,9
hebbal,16,2,0,0,9,7,7
koramangala,17,2,0,0,18,12,14
indiranagar,17,2,0,0,15,13,12
whitefield,17,2,0,0,12,8,10
marathahalli,17,2,0,0,14,9,11
hsr_layout,17,2,0,0,13,9,9
jp_nagar,17,2,0,0,11,7,6
electronic_city,17,2,0,0,10,8,7
hebbal,17,2,0,0,9,7,9
koramangala,18,2,0,0,18,11,13
indiranagar,18,2,0,0,15,14,10
whitefield,18,2,0,0,12,8,7
marathahalli,18,2,0,0,14,11,11
hsr_layout,18,2,0,0,13,9,8
jp_nagar,18,2,0,0,11,8,7
electronic_city,18,2,0,0,10,6,7
hebbal,18,2,0,0,9,6,5
koramangala,19,2,0,0,18,36,37
indiranagar,19,2,0,0,15,31,31
whitefield,19,2,0,0,12,23,22
marathahalli,19,2,0,0,14,30,28
hsr_layout,19,2,0,0,13,21,28
jp_nagar,19,2,0,0,11,23,20
electronic_city,19,2,0,0,10,16,20
hebbal,19,2,0,0,9,15,15
koramangala,20,2,0,0,18,29,38
indiranagar,20,2,0,0,15,23,23
whitefield,20,2,0,0,12,23,25
marathahalli,20,2,0,0,14,26,28
hsr_layout,20,2,0,0,13,24,21
jp_nagar,20,2,0,0,11,20,16
electronic_city,20,2,0,0,10,17,17
hebbal,20,2,0,0,9,17,15
koramangala,21,2,0,0,18,39,37
indiranagar,21,2,0,0,15,32,29
whitefield,21,2,0,0,12,18,19
marathahalli,21,2,0,0,14,22,27
hsr_layout,21,2,0,0,13,27,26
jp_nagar,21,2,0,0,11,16,17
electronic_city,21,2,0,0,10,22,18
hebbal,21,2,0,0,9,17,14
koramangala,22,2,0,0,18,13,13
indiranagar,22,2,0,0,15,11,11
whitefield,22,2,0,0,12,8,13
marathahalli,22,2,0,0,14,10,11
hsr_layout,22,2,0,0,13,11,13
jp_nagar,22,2,0,0,11,9,6
electronic_city,22,2,0,0,10,7,7
hebbal,22,2,0,0,9,6,4
koramangala,23,2,0,0,18,15,14
indiranagar,23,2,0,0,15,14,12
whitefield,23,2,0,0,12,9,8
marathahalli,23,2,0,0,14,11,12
hsr_layout,23,2,0,0,13,10,9
jp_nagar,23,2,0,0,11,7,6
electronic_city,23,2,0,0,10,8,7
hebbal,23,2,0,0,9,6,5
koramangala,0,3,0,0,18,3,4
indiranagar,0,3,0,0,15,2,2
whitefield,0,3,0,0,12,2,1
marathahalli,0,3,0,0,14,2,2
hsr_layout,0,3,0,0,13,2,1
jp_nagar,0,3,0,0,11,2,0
electronic_city,0,3,0,0,10,1,0
hebbal,0,3,0,0,9,1,2
koramangala,1,3,0,0,18,3,0
indiranagar,1,3,0,0,15,3,4
whitefield,1,3,0,0,12,2,1
marathahalli,1,3,0,0,14,2,0
hsr_layout,1,3,0,0,13,2,3
jp_nagar,1,3,0,0,11,1,4
electronic_city,1,3,0,0,10,2,3
hebbal,1,3,0,0,9,1,1
koramangala,2,3,0,0,18,3,5
indiranagar,2,3,0,0,15,2,0
whitefield,2,3,0,0,12,2,1
marathahalli,2,3,0,0,14,3,0
hsr_layout,2,3,0,0,13,2,3
jp_nagar,2,3,0,0,11,1,0
electronic_city,2,3,0,0,10,1,3
hebbal,2,3,0,0,9,1,1
koramangala,3,3,0,0,18,3,2
indiranagar,3,3,0,0,15,3,1
whitefield,3,3,0,0,12,2,3
marathahalli,3,3,0,0,14,2,0
hsr_layout,3,3,0,0,13,3,2
jp_nagar,3,3,0,0,11,1,0
electronic_city,3,3,0,0,10,1,1
hebbal,3,3,0,0,9,1,0
koramangala,4,3,0,0,18,3,1
indiranagar,4,3,0,0,15,2,1
whitefield,4,3,0,0,12,2,2
marathahalli,4,3,0,0,14,2,0
hsr_layout,4,3,0,0,13,2,0
jp_nagar,4,3,0,0,11,2,0
electronic_city,4,3,0,0,10,1,0
hebbal,4,3,0,0,9,1,2
koramangala,5,3,0,0,18,3,5
indiranagar,5,3,0,0,15,3,1
whitefield,5,3,0,0,12,2,5
marathahalli,5,3,0,0,14,2,1
hsr_layout,5,3,0,0,13,2,3
jp_nagar,5,3,0,0,11,2,0
electronic_city,5,3,0,0,10,2,0
hebbal,5,3,0,0,9,1,0
koramangala,6,3,0,0,18,13,14
indiranagar,6,3,0,0,15,9,10
whitefield,6,3,0,0,12,9,9
marathahalli,6,3,0,0,14,11,9
hsr_layout,6,3,0,0,13,12,7
jp_nagar,6,3,0,0,11,9,5
electronic_city,6,3,0,0,10,6,8
hebbal,6,3,0,0,9,6,7
koramangala,7,3,0,0,18,21,22
indiranagar,7,3,0,0,15,20,17
whitefield,7,3,0,0,12,15,18
marathahalli,7,3,0,0,14,17,17
hsr_layout,7,3,0,0,13,14,13
jp_nagar,7,3,0,0,11,13,12
electronic_city,7,3,0,0,10,13,12
hebbal,7,3,0,0,9,11,11
koramangala,8,3,0,0,18,23,18
indiranagar,8,3,0,0,15,17,20
whitefield,8,3,0,0,12,15,15
marathahalli,8,3,0,0,14,17,14
hsr_layout,8,3,0,0,13,14,14
jp_nagar,8,3,0,0,11,11,13
electronic_city,8,3,0,0,10,10,13
hebbal,8,3,0,0,9,12,9
koramangala,9,3,0,0,18,24,16
indiranagar,9,3,0,0,15,20,15
whitefield,9,3,0,0,12,14,14
marathahalli,9,3,0,0,14,17,14
hsr_layout,9,3,0,0,13,15,12
jp_nagar,9,3,0,0,11,14,13
electronic_city,9,3,0,0,10,13,11
hebbal,9,3,0,0,9,10,9
koramangala,10,3,0,0,18,15,17
indiranagar,10,3,0,0,15,13,11
whitefield,10,3,0,0,12,9,8
marathahalli,10,3,0,0,14,12,12
hsr_layout,10,3,0,0,13,10,6
jp_nagar,10,3,0,0,11,7,7
electronic_city,10,3,0,0,10,7,9
hebbal,10,3,0,0,9,7,5
koramangala,11,3,0,0,18,26,27
indiranagar,11,3,0,0,15,24,24
whitefield,11,3,0,0,12,21,20
marathahalli,11,3,0,0,14,21,20
hsr_layout,11,3,0,0,13,17,20
jp_nagar,11,3,0,0,11,15,12
electronic_city,11,3,0,0,10,16,14
hebbal,11,3,0,0,9,14,12
koramangala,12,3,0,0,18,27,25
indiranagar,12,3,0,0,15,20,22
whitefield,12,3,0,0,12,19,12
marathahalli,12,3,0,0,14,18,23
hsr_layout,12,3,0,0,13,17,22
jp_nagar,12,3,0,0,11,16,20
electronic_city,12,3,0,0,10,13,14
hebbal,12,3,0,0,9,13,12
koramangala,13,3,0,0,18,28,24
indiranagar,13,3,0,0,15,28,21
whitefield,13,3,0,0,12,17,18
marathahalli,13,3,0,0,14,20,23
hsr_layout,13,3,0,0,13,20,23
jp_nagar,13,3,0,0,11,15,18
electronic_city,13,3,0,0,10,15,16
hebbal,13,3,0,0,9,15,12
koramangala,14,3,0,0,18,16,12
indiranagar,14,3,0,0,15,13,10
whitefield,14,3,0,0,12,8,11
marathahalli,14,3,0,0,14,10,11
hsr_layout,14,3,0,0,13,12,12
jp_nagar,14,3,0,0,11,10,5
electronic_city,14,3,0,0,10,9,7
hebbal,14,3,0,0,9,8,7
koramangala,15,3,0,0,18,14,16
indiranagar,15,3,0,0,15,11,11
whitefield,15,3,0,0,12,10,6
marathahalli,15,3,0,0,14,9,9
hsr_layout,15,3,0,0,13,11,8
jp_nagar,15,3,0,0,11,10,7
electronic_city,15,3,0,0,10,8,8
hebbal,15,3,0,0,9,6,5
koramangala,16,3,0,0,18,12,11
indiranagar,16,3,0,0,15,11,7
whitefield,16,3,0,0,12,10,8
marathahalli,16,3,0,0,14,12,15
hsr_layout,16,3,0,0,13,11,10
jp_nagar,16,3,0,0,11,8,8
electronic_city,16,3,0,0,10,7,7
hebbal,16,3,0,0,9,8,5
koramangala,17,3,0,0,18,12,16
indiranagar,17,3,0,0,15,10,10
whitefield,17,3,0,0,12,11,9
marathahalli,17,3,0,0,14,13,10
hsr_layout,17,3,0,0,13,10,12
jp_nagar,17,3,0,0,11,8,9
electronic_city,17,3,0,0,10,7,8
hebbal,17,3,0,0,9,6,5
koramangala,18,3,0,0,18,14,14
indiranagar,18,3,0,0,15,9,10
whitefield,18,3,0,0,12,8,9
marathahalli,18,3,0,0,14,13,13
hsr_layout,18,3,0,0,13,10,8
jp_nagar,18,3,0,0,11,7,10
electronic_city,18,3,0,0,10,9,8
hebbal,18,3,0,0,9,8,7
koramangala,19,3,0,0,18,36,31
indiranagar,19,3,0,0,15,34,35
whitefield,19,3,0,0,12,23,19
marathahalli,19,3,0,0,14,30,28
hsr_layout,19,3,0,0,13,20,23
jp_nagar,19,3,0,0,11,19,25
electronic_city,19,3,0,0,10,17,14
hebbal,19,3,0,0,9,17,14
koramangala,20,3,0,0,18,38,34
indiranagar,20,3,0,0,15,24,28
whitefield,20,3,0,0,12,27,19
marathahalli,20,3,0,0,14,29,22
hsr_layout,20,3,0,0,13,21,27
jp_nagar,20,3,0,0,11,23,20
electronic_city,20,3,0,0,10,22,17
hebbal,20,3,0,0,9,18,15
koramangala,21,3,0,0,18,30,29
indiranagar,21,3,0,0,15,26,26
whitefield,21,3,0,0,12,21,20
marathahalli,21,3,0,0,14,22,26
hsr_layout,21,3,0,0,13,22,19
jp_nagar,21,3,0,0,11,18,18
electronic_city,21,3,0,0,10,20,22
hebbal,21,3,0,0,9,19,18
koramangala,22,3,0,0,18,16,11
indiranagar,22,3,0,0,15,11,13
whitefield,22,3,0,0,12,8,7
marathahalli,22,3,0,0,14,12,9
hsr_layout,22,3,0,0,13,11,11
jp_nagar,22,3,0,0,11,7,8
electronic_city,22,3,0,0,10,7,8
hebbal,22,3,0,0,9,7,6
koramangala,23,3,0,0,18,14,11
indiranagar,23,3,0,0,15,13,10
whitefield,23,3,0,0,12,9,6
marathahalli,23,3,0,0,14,12,10
hsr_layout,23,3,0,0,13,10,12
jp_nagar,23,3,0,0,11,8,7
electronic_city,23,3,0,0,10,7,5
hebbal,23,3,0,0,9,8,5
koramangala,0,4,0,0,18,3,1
indiranagar,0,4,0,0,15,3,2
whitefield,0,4,0,0,12,2,1
marathahalli,0,4,0,0,14,3,4
hsr_layout,0,4,0,0,13,2,3
jp_nagar,0,4,0,0,11,1,1
electronic_city,0,4,0,0,10,2,3
hebbal,0,4,0,0,9,1,1
koramangala,1,4,0,0,18,3,3
indiranagar,1,4,0,0,15,2,2
whitefield,1,4,0,0,12,2,3
marathahalli,1,4,0,0,14,2,4
hsr_layout,1,4,0,0,13,2,3
jp_nagar,1,4,0,0,11,1,2
electronic_city,1,4,0,0,10,1,3
hebbal,1,4,0,0,9,2,1
koramangala,2,4,0,0,18,4,1
indiranagar,2,4,0,0,15,3,5
whitefield,2,4,0,0,12,2,4
marathahalli,2,4,0,0,14,3,1
hsr_layout,2,4,0,0,13,2,1
jp_nagar,2,4,0,0,11,2,2
electronic_city,2,4,0,0,10,2,2
hebbal,2,4,0,0,9,1,0
koramangala,3,4,0,0,18,3,2
indiranagar,3,4,0,0,15,3,3
whitefield,3,4,0,0,12,2,2
marathahalli,3,4,0,0,14,2,3
hsr_layout,3,4,0,0,13,2,2
jp_nagar,3,4,0,0,11,1,1
electronic_city,3,4,0,0,10,1,3
hebbal,3,4,0,0,9,2,1
koramangala,4,4,0,0,18,2,2
indiranagar,4,4,0,0,15,2,2
whitefield,4,4,0,0,12,2,0
marathahalli,4,4,0,0,14,2,1
hsr_layout,4,4,0,0,13,2,3
jp_nagar,4,4,0,0,11,2,2
electronic_city,4,4,0,0,10,1,3
hebbal,4,4,0,0,9,1,0
koramangala,5,4,0,0,18,3,3
indiranagar,5,4,0,0,15,3,3
whitefield,5,4,0,0,12,2,5
marathahalli,5,4,0,0,14,2,2
hsr_layout,5,4,0,0,13,2,0
jp_nagar,5,4,0,0,11,2,3
electronic_city,5,4,0,0,10,2,4
hebbal,5,4,0,0,9,1,0
koramangala,6,4,0,0,18,16,13
indiranagar,6,4,0,0,15,11,14
whitefield,6,4,0,0,12,9,11
marathahalli,6,4,0,0,14,10,10
hsr_layout,6,4,0,0,13,9,9
jp_nagar,6,4,0,0,11,10,7
electronic_city,6,4,0,0,10,7,8
hebbal,6,4,0,0,9,7,8
koramangala,7,4,0,0,18,23,19
indiranagar,7,4,0,0,15,18,16
whitefield,7,4,0,0,12,16,14
marathahalli,7,4,0,0,14,13,15
hsr_layout,7,4,0,0,13,15,17
jp_nagar,7,4,0,0,11,13,12
electronic_city,7,4,0,0,10,11,11
hebbal,7,4,0,0,9,11,12
koramangala,8,4,0,0,18,20,19
indiranagar,8,4,0,0,15,16,13
whitefield,8,4,0,0,12,16,18
marathahalli,8,4,0,0,14,15,14
hsr_layout,8,4,0,0,13,18,14
jp_nagar,8,4,0,0,11,14,12
electronic_city,8,4,0,0,10,13,12
hebbal,8,4,0,0,9,11,9
koramangala,9,4,0,0,18,23,19
indiranagar,9,4,0,0,15,14,21
whitefield,9,4,0,0,12,13,14
marathahalli,9,4,0,0,14,15,15
hsr_layout,9,4,0,0,13,16,12
jp_nagar,9,4,0,0,11,14,8
electronic_city,9,4,0,0,10,10,12
hebbal,9,4,0,0,9,9,10
koramangala,10,4,0,0,18,16,14
indiranagar,10,4,0,0,15,10,11
whitefield,10,4,0,0,12,8,6
marathahalli,10,4,0,0,14,9,10
hsr_layout,10,4,0,0,13,9,7
jp_nagar,10,4,0,0,11,7,8
electronic_city,10,4,0,0,10,7,9
hebbal,10,4,0,0,9,7,6
koramangala,11,4,0,0,18,24,29
indiranagar,11,4,0,0,15,24,19
whitefield,11,4,0,0,12,21,19
marathahalli,11,4,0,0,14,19,24
hsr_layout,11,4,0,0,13,21,18
jp_nagar,11,4,0,0,11,20,15
electronic_city,11,4,0,0,10,19,15
hebbal,11,4,0,0,9,15,13
koramangala,12,4,0,0,18,27,25
indiranagar,12,4,0,0,15,23,24
whitefield,12,4,0,0,12,16,16
marathahalli,12,4,0,0,14,18,22
hsr_layout,12,4,0,0,13,20,16
jp_nagar,12,4,0,0,11,19,15
electronic_city,12,4,0,0,10,14,15
hebbal,12,4,0,0,9,15,14
koramangala,13,4,0,0,18,27,29
indiranagar,13,4,0,0,15,24,25
whitefield,13,4,0,0,12,18,20
marathahalli,13,4,0,0,14,23,22
hsr_layout,13,4,0,0,13,19,20
jp_nagar,13,4,0,0,11,20,16
electronic_city,13,4,0,0,10,16,16
hebbal,13,4,0,0,9,13,16
koramangala,14,4,0,0,18,15,12
indiranagar,14,4,0,0,15,11,10
whitefield,14,4,0,0,12,11,12
marathahalli,14,4,0,0,14,12,10
hsr_layout,14,4,0,0,13,10,6
jp_nagar,14,4,0,0,11,9,6
electronic_city,14,4,0,0,10,9,8
hebbal,14,4,0,0,9,6,4
koramangala,15,4,0,0,18,16,18
indiranagar,15,4,0,0,15,13,10
whitefield,15,4,0,0,12,9,10
marathahalli,15,4,0,0,14,9,10
hsr_layout,15,4,0,0,13,8,7
jp_nagar,15,4,0,0,11,9,5
electronic_city,15,4,0,0,10,7,6
hebbal,15,4,0,0,9,7,8
koramangala,16,4,0,0,18,13,11
indiranagar,16,4,0,0,15,10,12
whitefield,16,4,0,0,12,10,7
marathahalli,16,4,0,0,14,10,12
hsr_layout,16,4,0,0,13,9,11
jp_nagar,16,4,0,0,11,8,10
electronic_city,16,4,0,0,10,6,9
hebbal,16,4,0,0,9,6,7
koramangala,17,4,0,0,18,15,11
indiranagar,17,4,0,0,15,13,9
whitefield,17,4,0,0,12,8,9
marathahalli,17,4,0,0,14,12,7
hsr_layout,17,4,0,0,13,11,10
jp_nagar,17,4,0,0,11,7,7
electronic_city,17,4,0,0,10,7,9
hebbal,17,4,0,0,9,8,7
koramangala,18,4,0,0,18,12,13
indiranagar,18,4,0,0,15,13,13
whitefield,18,4,0,0,12,11,8
marathahalli,18,4,0,0,14,12,12
hsr_layout,18,4,0,0,13,10,9
jp_nagar,18,4,0,0,11,9,9
electronic_city,18,4,0,0,10,7,7
hebbal,18,4,0,0,9,7,4
koramangala,19,4,0,0,18,29,38
indiranagar,19,4,0,0,15,25,25
whitefield,19,4,0,0,12,20,17
marathahalli,19,4,0,0,14,27,24
hsr_layout,19,4,0,0,13,29,24
jp_nagar,19,4,0,0,11,18,20
electronic_city,19,4,0,0,10,22,20
hebbal,19,4,0,0,9,15,16
koramangala,20,4,0,0,18,32,31
indiranagar,20,4,0,0,15,25,28
whitefield,20,4,0,0,12,23,22
marathahalli,20,4,0,0,14,30,24
hsr_layout,20,4,0,0,13,23,24
jp_nagar,20,4,0,0,11,18,24
electronic_city,20,4,0,0,10,16,17
hebbal,20,4,0,0,9,13,16
koramangala,21,4,0,0,18,28,35
indiranagar,21,4,0,0,15,25,26
whitefield,21,4,0,0,12,20,20
marathahalli,21,4,0,0,14,27,26
hsr_layout,21,4,0,0,13,20,24
jp_nagar,21,4,0,0,11,24,17
electronic_city,21,4,0,0,10,19,21
hebbal,21,4,0,0,9,14,16
koramangala,22,4,0,0,18,13,17
indiranagar,22,4,0,0,15,10,10
whitefield,22,4,0,0,12,9,8
marathahalli,22,4,0,0,14,12,8
hsr_layout,22,4,0,0,13,8,10
jp_nagar,22,4,0,0,11,7,7
electronic_city,22,4,0,0,10,8,6
hebbal,22,4,0,0,9,6,8
koramangala,23,4,0,0,18,12,14
indiranagar,23,4,0,0,15,13,12
whitefield,23,4,0,0,12,9,11
marathahalli,23,4,0,0,14,13,10
hsr_layout,23,4,0,0,13,11,11
jp_nagar,23,4,0,0,11,8,5
electronic_city,23,4,0,0,10,8,8
hebbal,23,4,0,0,9,8,6
koramangala,0,5,1,1,18,6,6
indiranagar,0,5,1,1,15,5,3
whitefield,0,5,1,1,12,5,4
marathahalli,0,5,1,1,14,5,6
hsr_layout,0,5,1,1,13,3,3
jp_nagar,0,5,1,1,11,3,5
electronic_city,0,5,1,1,10,3,3
hebbal,0,5,1,1,9,2,1
koramangala,1,5,1,1,18,5,4
indiranagar,1,5,1,1,15,6,6
whitefield,1,5,1,1,12,4,4
marathahalli,1,5,1,1,14,4,4
hsr_layout,1,5,1,1,13,4,3
jp_nagar,1,5,1,1,11,3,2
electronic_city,1,5,1,1,10,4,2
hebbal,1,5,1,1,9,2,1
koramangala,2,5,1,1,18,7,3
indiranagar,2,5,1,1,15,6,6
whitefield,2,5,1,1,12,3,5
marathahalli,2,5,1,1,14,5,3
hsr_layout,2,5,1,1,13,5,4
jp_nagar,2,5,1,1,11,4,2
electronic_city,2,5,1,1,10,4,3
hebbal,2,5,1,1,9,3,2
koramangala,3,5,1,1,18,6,5
indiranagar,3,5,1,1,15,6,7
whitefield,3,5,1,1,12,4,3
marathahalli,3,5,1,1,14,4,3
hsr_layout,3,5,1,1,13,4,3
jp_nagar,3,5,1,1,11,4,5
electronic_city,3,5,1,1,10,3,0
hebbal,3,5,1,1,9,3,0
koramangala,4,5,1,1,18,7,7
indiranagar,4,5,1,1,15,5,4
whitefield,4,5,1,1,12,3,4
marathahalli,4,5,1,1,14,5,7
hsr_layout,4,5,1,1,13,3,4
jp_nagar,4,5,1,1,11,4,1
electronic_city,4,5,1,1,10,2,2
hebbal,4,5,1,1,9,2,0
koramangala,5,5,1,1,18,5,6
indiranagar,5,5,1,1,15,6,5
whitefield,5,5,1,1,12,4,5
marathahalli,5,5,1,1,14,4,6
hsr_layout,5,5,1,1,13,5,3
jp_nagar,5,5,1,1,11,4,2
electronic_city,5,5,1,1,10,3,2
hebbal,5,5,1,1,9,3,1
koramangala,6,5,1,1,18,26,23
indiranagar,6,5,1,1,15,24,21
whitefield,6,5,1,1,12,17,17
marathahalli,6,5,1,1,14,21,20
hsr_layout,6,5,1,1,13,17,16
jp_nagar,6,5,1,1,11,14,18
electronic_city,6,5,1,1,10,12,13
hebbal,6,5,1,1,9,15,10
koramangala,7,5,1,1,18,43,44
indiranagar,7,5,1,1,15,38,33
whitefield,7,5,1,1,12,22,28
marathahalli,7,5,1,1,14,29,29
hsr_layout,7,5,1,1,13,33,26
jp_nagar,7,5,1,1,11,23,23
electronic_city,7,5,1,1,10,22,22
hebbal,7,5,1,1,9,16,17
koramangala,8,5,1,1,18,31,38
indiranagar,8,5,1,1,15,29,28
whitefield,8,5,1,1,12,24,26
marathahalli,8,5,1,1,14,29,33
hsr_layout,8,5,1,1,13,28,27
jp_nagar,8,5,1,1,11,28,21
electronic_city,8,5,1,1,10,20,22
hebbal,8,5,1,1,9,16,15
koramangala,9,5,1,1,18,35,35
indiranagar,9,5,1,1,15,30,28
whitefield,9,5,1,1,12,25,23
marathahalli,9,5,1,1,14,25,29
hsr_layout,9,5,1,1,13,26,29
jp_nagar,9,5,1,1,11,20,24
electronic_city,9,5,1,1,10,19,17
hebbal,9,5,1,1,9,19,20
koramangala,10,5,1,1,18,28,25
indiranagar,10,5,1,1,15,23,22
whitefield,10,5,1,1,12,14,15
marathahalli,10,5,1,1,14,17,19
hsr_layout,10,5,1,1,13,22,20
jp_nagar,10,5,1,1,11,18,11
electronic_city,10,5,1,1,10,14,13
hebbal,10,5,1,1,9,14,13
koramangala,11,5,1,1,18,48,47
indiranagar,11,5,1,1,15,45,39
whitefield,11,5,1,1,12,32,32
marathahalli,11,5,1,1,14,44,39
hsr_layout,11,5,1,1,13,34,35
jp_nagar,11,5,1,1,11,28,35
electronic_city,11,5,1,1,10,32,33
hebbal,11,5,1,1,9,23,21
koramangala,12,5,1,1,18,62,56
indiranagar,12,5,1,1,15,38,51
whitefield,12,5,1,1,12,37,36
marathahalli,12,5,1,1,14,37,47
hsr_layout,12,5,1,1,13,43,37
jp_nagar,12,5,1,1,11,30,31
electronic_city,12,5,1,1,10,23,34
hebbal,12,5,1,1,9,29,24
koramangala,13,5,1,1,18,61,54
indiranagar,13,5,1,1,15,37,42
whitefield,13,5,1,1,12,30,32
marathahalli,13,5,1,1,14,41,43
hsr_layout,13,5,1,1,13,37,35
jp_nagar,13,5,1,1,11,27,26
electronic_city,13,5,1,1,10,33,31
hebbal,13,5,1,1,9,25,28
koramangala,14,5,1,1,18,23,26
indiranagar,14,5,1,1,15,19,19
whitefield,14,5,1,1,12,19,14
marathahalli,14,5,1,1,14,21,22
hsr_layout,14,5,1,1,13,19,17
jp_nagar,14,5,1,1,11,17,13
electronic_city,14,5,1,1,10,11,17
hebbal,14,5,1,1,9,13,13
koramangala,15,5,1,1,18,30,25
indiranagar,15,5,1,1,15,22,19
whitefield,15,5,1,1,12,16,18
marathahalli,15,5,1,1,14,18,23
hsr_layout,15,5,1,1,13,20,17
jp_nagar,15,5,1,1,11,14,18
electronic_city,15,5,1,1,10,13,13
hebbal,15,5,1,1,9,15,14
koramangala,16,5,1,1,18,29,24
indiranagar,16,5,1,1,15,23,18
whitefield,16,5,1,1,12,17,16
marathahalli,16,5,1,1,14,22,20
hsr_layout,16,5,1,1,13,21,17
jp_nagar,16,5,1,1,11,18,17
electronic_city,16,5,1,1,10,13,12
hebbal,16,5,1,1,9,14,9
koramangala,17,5,1,1,18,24,23
indiranagar,17,5,1,1,15,18,21
whitefield,17,5,1,1,12,18,16
marathahalli,17,5,1,1,14,21,17
hsr_layout,17,5,1,1,13,18,18
jp_nagar,17,5,1,1,11,13,15
electronic_city,17,5,1,1,10,11,14
hebbal,17,5,1,1,9,15,14
koramangala,18,5,1,1,18,30,28
indiranagar,18,5,1,1,15,18,22
whitefield,18,5,1,1,12,15,16
marathahalli,18,5,1,1,14,21,21
hsr_layout,18,5,1,1,13,20,17
jp_nagar,18,5,1,1,11,13,14
electronic_city,18,5,1,1,10,12,12
hebbal,18,5,1,1,9,11,12
koramangala,19,5,1,1,18,53,60
indiranagar,19,5,1,1,15,56,54
whitefield,19,5,1,1,12,45,42
marathahalli,19,5,1,1,14,51,38
hsr_layout,19,5,1,1,13,37,35
jp_nagar,19,5,1,1,11,38,44
electronic_city,19,5,1,1,10,29,34
hebbal,19,5,1,1,9,28,31
koramangala,20,5,1,1,18,60,71
indiranagar,20,5,1,1,15,56,44
whitefield,20,5,1,1,12,47,48
marathahalli,20,5,1,1,14,53,53
hsr_layout,20,5,1,1,13,41,40
jp_nagar,20,5,1,1,11,41,41
electronic_city,20,5,1,1,10,30,34
hebbal,20,5,1,1,9,32,34
koramangala,21,5,1,1,18,55,65
indiranagar,21,5,1,1,15,57,53
whitefield,21,5,1,1,12,47,45
marathahalli,21,5,1,1,14,42,41
hsr_layout,21,5,1,1,13,39,45
jp_nagar,21,5,1,1,11,37,34
electronic_city,21,5,1,1,10,33,33
hebbal,21,5,1,1,9,37,27
koramangala,22,5,1,1,18,23,28
indiranagar,22,5,1,1,15,21,20
whitefield,22,5,1,1,12,15,18
marathahalli,22,5,1,1,14,22,15
hsr_layout,22,5,1,1,13,15,18
jp_nagar,22,5,1,1,11,13,12
electronic_city,22,5,1,1,10,17,16
hebbal,22,5,1,1,9,15,13
koramangala,23,5,1,1,18,31,25
indiranagar,23,5,1,1,15,22,22
whitefield,23,5,1,1,12,14,19
marathahalli,23,5,1,1,14,16,20
hsr_layout,23,5,1,1,13,16,19
jp_nagar,23,5,1,1,11,13,15
electronic_city,23,5,1,1,10,13,10
hebbal,23,5,1,1,9,14,10
koramangala,0,6,1,1,18,6,7
indiranagar,0,6,1,1,15,4,5
whitefield,0,6,1,1,12,4,1
marathahalli,0,6,1,1,14,5,1
hsr_layout,0,6,1,1,13,5,4
jp_nagar,0,6,1,1,11,4,5
electronic_city,0,6,1,1,10,3,0
hebbal,0,6,1,1,9,3,3
koramangala,1,6,1,1,18,7,7
indiranagar,1,6,1,1,15,6,7
whitefield,1,6,1,1,12,5,4
marathahalli,1,6,1,1,14,5,5
hsr_layout,1,6,1,1,13,4,0
jp_nagar,1,6,1,1,11,4,7
electronic_city,1,6,1,1,10,3,2
hebbal,1,6,1,1,9,2,1
koramangala,2,6,1,1,18,5,6
indiranagar,2,6,1,1,15,5,7
whitefield,2,6,1,1,12,3,7
marathahalli,2,6,1,1,14,5,4
hsr_layout,2,6,1,1,13,4,5
jp_nagar,2,6,1,1,11,4,4
electronic_city,2,6,1,1,10,3,1
hebbal,2,6,1,1,9,3,5
koramangala,3,6,1,1,18,7,4
indiranagar,3,6,1,1,15,6,7
whitefield,3,6,1,1,12,4,5
marathahalli,3,6,1,1,14,4,4
hsr_layout,3,6,1,1,13,5,6
jp_nagar,3,6,1,1,11,3,6
electronic_city,3,6,1,1,10,3,2
hebbal,3,6,1,1,9,2,1
koramangala,4,6,1,1,18,6,4
indiranagar,4,6,1,1,15,6,9
whitefield,4,6,1,1,12,3,2
marathahalli,4,6,1,1,14,4,6
hsr_layout,4,6,1,1,13,3,2
jp_nagar,4,6,1,1,11,4,5
electronic_city,4,6,1,1,10,3,1
hebbal,4,6,1,1,9,3,1
koramangala,5,6,1,1,18,5,4
indiranagar,5,6,1,1,15,6,4
whitefield,5,6,1,1,12,4,4
marathahalli,5,6,1,1,14,5,4
hsr_layout,5,6,1,1,13,4,4
jp_nagar,5,6,1,1,11,3,3
electronic_city,5,6,1,1,10,3,2
hebbal,5,6,1,1,9,3,2
koramangala,6,6,1,1,18,30,26
indiranagar,6,6,1,1,15,21,18
whitefield,6,6,1,1,12,17,13
marathahalli,6,6,1,1,14,23,21
hsr_layout,6,6,1,1,13,18,18
jp_nagar,6,6,1,1,11,15,17
electronic_city,6,6,1,1,10,15,13
hebbal,6,6,1,1,9,13,9
koramangala,7,6,1,1,18,33,48
indiranagar,7,6,1,1,15,29,31
whitefield,7,6,1,1,12,24,30
marathahalli,7,6,1,1,14,34,25
hsr_layout,7,6,1,1,13,26,21
jp_nagar,7,6,1,1,11,20,18
electronic_city,7,6,1,1,10,25,16
hebbal,7,6,1,1,9,23,21
koramangala,8,6,1,1,18,34,43
indiranagar,8,6,1,1,15,31,35
whitefield,8,6,1,1,12,23,23
marathahalli,8,6,1,1,14,35,34
hsr_layout,8,6,1,1,13,25,24
jp_nagar,8,6,1,1,11,27,26
electronic_city,8,6,1,1,10,26,20
hebbal,8,6,1,1,9,21,16
koramangala,9,6,1,1,18,43,43
indiranagar,9,6,1,1,15,29,29
whitefield,9,6,1,1,12,26,23
marathahalli,9,6,1,1,14,26,33
hsr_layout,9,6,1,1,13,31,26
jp_nagar,9,6,1,1,11,20,23
electronic_city,9,6,1,1,10,19,23
hebbal,9,6,1,1,9,20,20
koramangala,10,6,1,1,18,21,28
indiranagar,10,6,1,1,15,24,22
whitefield,10,6,1,1,12,16,18
marathahalli,10,6,1,1,14,19,25
hsr_layout,10,6,1,1,13,16,17
jp_nagar,10,6,1,1,11,14,16
electronic_city,10,6,1,1,10,12,15
hebbal,10,6,1,1,9,12,10
koramangala,11,6,1,1,18,58,54
indiranagar,11,6,1,1,15,38,38
whitefield,11,6,1,1,12,38,39
marathahalli,11,6,1,1,14,36,43
hsr_layout,11,6,1,1,13,33,38
jp_nagar,11,6,1,1,11,28,27
electronic_city,11,6,1,1,10,32,30
hebbal,11,6,1,1,9,29,27
koramangala,12,6,1,1,18,56,46
indiranagar,12,6,1,1,15,44,43
whitefield,12,6,1,1,12,29,31
marathahalli,12,6,1,1,14,47,35
hsr_layout,12,6,1,1,13,41,30
jp_nagar,12,6,1,1,11,28,30
electronic_city,12,6,1,1,10,32,30
hebbal,12,6,1,1,9,27,23
koramangala,13,6,1,1,18,58,47
indiranagar,13,6,1,1,15,39,40
whitefield,13,6,1,1,12,38,31
marathahalli,13,6,1,1,14,38,37
hsr_layout,13,6,1,1,13,38,41
jp_nagar,13,6,1,1,11,29,29
electronic_city,13,6,1,1,10,24,29
hebbal,13,6,1,1,9,28,28
koramangala,14,6,1,1,18,28,24
indiranagar,14,6,1,1,15,18,26
whitefield,14,6,1,1,12,17,16
marathahalli,14,6,1,1,14,16,25
hsr_layout,14,6,1,1,13,19,18
jp_nagar,14,6,1,1,11,18,14
electronic_city,14,6,1,1,10,13,14
hebbal,14,6,1,1,9,11,11
koramangala,15,6,1,1,18,27,28
indiranagar,15,6,1,1,15,19,24
whitefield,15,6,1,1,12,15,15
marathahalli,15,6,1,1,14,18,16
hsr_layout,15,6,1,1,13,19,17
jp_nagar,15,6,1,1,11,16,17
electronic_city,15,6,1,1,10,15,13
hebbal,15,6,1,1,9,12,11
koramangala,16,6,1,1,18,28,24
indiranagar,16,6,1,1,15,26,20
whitefield,16,6,1,1,12,19,15
marathahalli,16,6,1,1,14,21,18
hsr_layout,16,6,1,1,13,19,20
jp_nagar,16,6,1,1,11,17,19
electronic_city,16,6,1,1,10,12,13
hebbal,16,6,1,1,9,14,11
koramangala,17,6,1,1,18,22,26
indiranagar,17,6,1,1,15,20,22
whitefield,17,6,1,1,12,18,15
marathahalli,17,6,1,1,14,22,21
hsr_layout,17,6,1,1,13,20,19
jp_nagar,17,6,1,1,11,13,14
electronic_city,17,6,1,1,10,14,16
hebbal,17,6,1,1,9,14,10
koramangala,18,6,1,1,18,27,28
indiranagar,18,6,1,1,15,20,19
whitefield,18,6,1,1,12,20,15
marathahalli,18,6,1,1,14,20,20
hsr_layout,18,6,1,1,13,21,19
jp_nagar,18,6,1,1,11,16,15
electronic_city,18,6,1,1,10,14,13
hebbal,18,6,1,1,9,13,14
koramangala,19,6,1,1,18,49,62
indiranagar,19,6,1,1,15,45,46
whitefield,19,6,1,1,12,40,38
marathahalli,19,6,1,1,14,40,42
hsr_layout,19,6,1,1,13,49,41
jp_nagar,19,6,1,1,11,40,33
electronic_city,19,6,1,1,10,35,40
hebbal,19,6,1,1,9,27,31
koramangala,20,6,1,1,18,65,70
indiranagar,20,6,1,1,15,47,44
whitefield,20,6,1,1,12,42,40
marathahalli,20,6,1,1,14,53,47
hsr_layout,20,6,1,1,13,43,47
jp_nagar,20,6,1,1,11,36,31
electronic_city,20,6,1,1,10,28,32
hebbal,20,6,1,1,9,25,27
koramangala,21,6,1,1,18,71,51
indiranagar,21,6,1,1,15,44,56
whitefield,21,6,1,1,12,40,33
marathahalli,21,6,1,1,14,51,43
hsr_layout,21,6,1,1,13,49,42
jp_nagar,21,6,1,1,11,41,39
electronic_city,21,6,1,1,10,34,36
hebbal,21,6,1,1,9,35,30
koramangala,22,6,1,1,18,28,20
indiranagar,22,6,1,1,15,21,18
whitefield,22,6,1,1,12,15,18
marathahalli,22,6,1,1,14,19,20
hsr_layout,22,6,1,1,13,21,20
jp_nagar,22,6,1,1,11,13,11
electronic_city,22,6,1,1,10,14,15
hebbal,22,6,1,1,9,14,12
koramangala,23,6,1,1,18,28,24
indiranagar,23,6,1,1,15,24,17
whitefield,23,6,1,1,12,16,18
marathahalli,23,6,1,1,14,19,21
hsr_layout,23,6,1,1,13,21,20
jp_nagar,23,6,1,1,11,14,14
electronic_city,23,6,1,1,10,13,12
hebbal,23,6,1,1,9,15,11
koramangala,0,0,0,0,18,4,3
indiranagar,0,0,0,0,15,3,3
whitefield,0,0,0,0,12,2,2
marathahalli,0,0,0,0,14,2,2
hsr_layout,0,0,0,0,13,2,1
jp_nagar,0,0,0,0,11,2,2
electronic_city,0,0,0,0,10,1,1
hebbal,0,0,0,0,9,1,0
koramangala,1,0,0,0,18,3,3
indiranagar,1,0,0,0,15,3,0
whitefield,1,0,0,0,12,2,3
marathahalli,1,0,0,0,14,2,3
hsr_layout,1,0,0,0,13,2,3
jp_nagar,1,0,0,0,11,2,1
electronic_city,1,0,0,0,10,2,0
hebbal,1,0,0,0,9,1,0
koramangala,2,0,0,0,18,4,2
indiranagar,2,0,0,0,15,2,3
whitefield,2,0,0,0,12,2,0
marathahalli,2,0,0,0,14,2,2
hsr_layout,2,0,0,0,13,3,2
jp_nagar,2,0,0,0,11,2,1
electronic_city,2,0,0,0,10,2,2
hebbal,2,0,0,0,9,1,0
koramangala,3,0,0,0,18,3,1
indiranagar,3,0,0,0,15,2,2
whitefield,3,0,0,0,12,2,0
marathahalli,3,0,0,0,14,2,3
hsr_layout,3,0,0,0,13,2,0
jp_nagar,3,0,0,0,11,1,0
electronic_city,3,0,0,0,10,2,4
hebbal,3,0,0,0,9,1,2
koramangala,4,0,0,0,18,4,1
indiranagar,4,0,0,0,15,2,1
whitefield,4,0,0,0,12,2,2
marathahalli,4,0,0,0,14,2,2
hsr_layout,4,0,0,0,13,2,0
jp_nagar,4,0,0,0,11,1,3
electronic_city,4,0,0,0,10,2,2
hebbal,4,0,0,0,9,2,1
koramangala,5,0,0,0,18,2,5
indiranagar,5,0,0,0,15,2,2
whitefield,5,0,0,0,12,2,2
marathahalli,5,0,0,0,14,2,4
hsr_layout,5,0,0,0,13,2,3
jp_nagar,5,0,0,0,11,1,0
electronic_city,5,0,0,0,10,1,1
hebbal,5,0,0,0,9,1,0
koramangala,6,0,0,0,18,15,16
indiranagar,6,0,0,0,15,11,10
whitefield,6,0,0,0,12,8,6
marathahalli,6,0,0,0,14,13,9
hsr_layout,6,0,0,0,13,10,10
jp_nagar,6,0,0,0,11,9,9
electronic_city,6,0,0,0,10,8,7
hebbal,6,0,0,0,9,7,9
koramangala,7,0,0,0,18,17,21
indiranagar,7,0,0,0,15,18,15
whitefield,7,0,0,0,12,16,14
marathahalli,7,0,0,0,14,16,15
hsr_layout,7,0,0,0,13,13,13
jp_nagar,7,0,0,0,11,13,12
electronic_city,7,0,0,0,10,12,11
hebbal,7,0,0,0,9,12,10
koramangala,8,0,0,0,18,20,19
indiranagar,8,0,0,0,15,20,16
whitefield,8,0,0,0,12,13,12
marathahalli,8,0,0,0,14,14,13
hsr_layout,8,0,0,0,13,13,18
jp_nagar,8,0,0,0,11,10,10
electronic_city,8,0,0,0,10,11,11
hebbal,8,0,0,0,9,10,12
koramangala,9,0,0,0,18,18,19
indiranagar,9,0,0,0,15,14,18
whitefield,9,0,0,0,12,15,10
marathahalli,9,0,0,0,14,15,16
hsr_layout,9,0,0,0,13,16,13
jp_nagar,9,0,0,0,11,12,13
electronic_city,9,0,0,0,10,11,12
hebbal,9,0,0,0,9,10,10
koramangala,10,0,0,0,18,15,16
indiranagar,10,0,0,0,15,12,12
whitefield,10,0,0,0,12,9,10
marathahalli,10,0,0,0,14,9,12
hsr_layout,10,0,0,0,13,11,10
jp_nagar,10,0,0,0,11,7,7
electronic_city,10,0,0,0,10,7,9
hebbal,10,0,0,0,9,7,7
koramangala,11,0,0,0,18,24,31
indiranagar,11,0,0,0,15,28,25
whitefield,11,0,0,0,12,20,20
marathahalli,11,0,0,0,14,26,20
hsr_layout,11,0,0,0,13,20,24
jp_nagar,11,0,0,0,11,14,17
electronic_city,11,0,0,0,10,13,15
hebbal,11,0,0,0,9,12,11
koramangala,12,0,0,0,18,31,26
indiranagar,12,0,0,0,15,22,28
whitefield,12,0,0,0,12,15,22
marathahalli,12,0,0,0,14,25,24
hsr_layout,12,0,0,0,13,16,18
jp_nagar,12,0,0,0,11,21,17
electronic_city,12,0,0,0,10,18,12
hebbal,12,0,0,0,9,16,12
koramangala,13,0,0,0,18,29,28
indiranagar,13,0,0,0,15,20,22
whitefield,13,0,0,0,12,19,16
marathahalli,13,0,0,0,14,18,20
hsr_layout,13,0,0,0,13,24,23
jp_nagar,13,0,0,0,11,20,16
electronic_city,13,0,0,0,10,17,15
hebbal,13,0,0,0,9,15,16
koramangala,14,0,0,0,18,17,15
indiranagar,14,0,0,0,15,13,12
whitefield,14,0,0,0,12,9,8
marathahalli,14,0,0,0,14,9,7
hsr_layout,14,0,0,0,13,10,7
jp_nagar,14,0,0,0,11,9,8
electronic_city,14,0,0,0,10,9,7
hebbal,14,0,0,0,9,6,6
koramangala,15,0,0,0,18,15,10
indiranagar,15,0,0,0,15,12,14
whitefield,15,0,0,0,12,11,8
marathahalli,15,0,0,0,14,9,11
hsr_layout,15,0,0,0,13,11,11
jp_nagar,15,0,0,0,11,8,7
electronic_city,15,0,0,0,10,6,6
hebbal,15,0,0,0,9,6,3
koramangala,16,0,0,0,18,13,19
indiranagar,16,0,0,0,15,12,11
whitefield,16,0,0,0,12,10,11
marathahalli,16,0,0,0,14,13,10
hsr_layout,16,0,0,0,13,11,12
jp_nagar,16,0,0,0,11,9,11
electronic_city,16,0,0,0,10,8,6
hebbal,16,0,0,0,9,7,6
koramangala,17,0,0,0,18,13,12
indiranagar,17,0,0,0,15,10,6
whitefield,17,0,0,0,12,7,7
marathahalli,17,0,0,0,14,10,12
hsr_layout,17,0,0,0,13,10,8
jp_nagar,17,0,0,0,11,7,8
electronic_city,17,0,0,0,10,8,6
hebbal,17,0,0,0,9,6,7
koramangala,18,0,0,0,18,13,9
indiranagar,18,0,0,0,15,12,10
whitefield,18,0,0,0,12,10,13
marathahalli,18,0,0,0,14,10,9
hsr_layout,18,0,0,0,13,10,8
jp_nagar,18,0,0,0,11,8,10
electronic_city,18,0,0,0,10,7,9
hebbal,18,0,0,0,9,5,5
koramangala,19,0,0,0,18,35,37
indiranagar,19,0,0,0,15,31,30
whitefield,19,0,0,0,12,26,17
marathahalli,19,0,0,0,14,30,27
hsr_layout,19,0,0,0,13,24,22
jp_nagar,19,0,0,0,11,20,21
electronic_city,19,0,0,0,10,20,17
hebbal,19,0,0,0,9,19,14
koramangala,20,0,0,0,18,36,33
indiranagar,20,0,0,0,15,24,34
whitefield,20,0,0,0,12,18,20
marathahalli,20,0,0,0,14,27,21
hsr_layout,20,0,0,0,13,25,25
jp_nagar,20,0,0,0,11,23,20
electronic_city,20,0,0,0,10,22,19
hebbal,20,0,0,0,9,19,16
koramangala,21,0,0,0,18,35,33
indiranagar,21,0,0,0,15,27,25
whitefield,21,0,0,0,12,19,23
marathahalli,21,0,0,0,14,24,22
hsr_layout,21,0,0,0,13,23,26
jp_nagar,21,0,0,0,11,19,17
electronic_city,21,0,0,0,10,22,17
hebbal,21,0,0,0,9,16,16
koramangala,22,0,0,0,18,15,16
indiranagar,22,0,0,0,15,11,12
whitefield,22,0,0,0,12,8,10
marathahalli,22,0,0,0,14,12,8
hsr_layout,22,0,0,0,13,11,11
jp_nagar,22,0,0,0,11,7,8
electronic_city,22,0,0,0,10,7,8
hebbal,22,0,0,0,9,7,11
koramangala,23,0,0,0,18,15,13
indiranagar,23,0,0,0,15,12,11
whitefield,23,0,0,0,12,11,10
marathahalli,23,0,0,0,14,11,10
hsr_layout,23,0,0,0,13,11,11
jp_nagar,23,0,0,0,11,9,6
electronic_city,23,0,0,0,10,7,8
hebbal,23,0,0,0,9,7,6
koramangala,0,1,0,0,18,2,1
indiranagar,0,1,0,0,15,2,3
whitefield,0,1,0,0,12,2,0
marathahalli,0,1,0,0,14,3,2
hsr_layout,0,1,0,0,13,2,0
jp_nagar,0,1,0,0,11,1,0
electronic_city,0,1,0,0,10,2,0
hebbal,0,1,0,0,9,1,5
koramangala,1,1,0,0,18,3,0
indiranagar,1,1,0,0,15,3,3
whitefield,1,1,0,0,12,2,3
marathahalli,1,1,0,0,14,2,4
hsr_layout,1,1,0,0,13,2,3
jp_nagar,1,1,0,0,11,1,1
electronic_city,1,1,0,0,10,2,3
hebbal,1,1,0,0,9,1,2
koramangala,2,1,0,0,18,3,3
indiranagar,2,1,0,0,15,2,2
whitefield,2,1,0,0,12,2,1
marathahalli,2,1,0,0,14,2,0
hsr_layout,2,1,0,0,13,2,3
jp_nagar,2,1,0,0,11,2,3
electronic_city,2,1,0,0,10,1,0
hebbal,2,1,0,0,9,1,1
koramangala,3,1,0,0,18,3,2
indiranagar,3,1,0,0,15,3,2
whitefield,3,1,0,0,12,2,2
marathahalli,3,1,0,0,14,3,4
hsr_layout,3,1,0,0,13,2,0
jp_nagar,3,1,0,0,11,2,0
electronic_city,3,1,0,0,10,1,2
hebbal,3,1,0,0,9,1,0
koramangala,4,1,0,0,18,3,1
indiranagar,4,1,0,0,15,2,2
whitefield,4,1,0,0,12,2,1
marathahalli,4,1,0,0,14,3,4
hsr_layout,4,1,0,0,13,2,3
jp_nagar,4,1,0,0,11,1,3
electronic_city,4,1,0,0,10,1,2
hebbal,4,1,0,0,9,1,3
koramangala,5,1,0,0,18,4,2
indiranagar,5,1,0,0,15,3,2
whitefield,5,1,0,0,12,2,0
marathahalli,5,1,0,0,14,3,1
hsr_layout,5,1,0,0,13,2,3
jp_nagar,5,1,0,0,11,2,2
electronic_city,5,1,0,0,10,1,3
hebbal,5,1,0,0,9,1,0
koramangala,6,1,0,0,18,12,13
indiranagar,6,1,0,0,15,12,9
whitefield,6,1,0,0,12,8,10
marathahalli,6,1,0,0,14,10,10
hsr_layout,6,1,0,0,13,9,10
jp_nagar,6,1,0,0,11,8,9
electronic_city,6,1,0,0,10,6,6
hebbal,6,1,0,0,9,8,4
koramangala,7,1,0,0,18,18,20
indiranagar,7,1,0,0,15,19,17
whitefield,7,1,0,0,12,13,11
marathahalli,7,1,0,0,14,13,17
hsr_layout,7,1,0,0,13,15,15
jp_nagar,7,1,0,0,11,11,8
electronic_city,7,1,0,0,10,9,9
hebbal,7,1,0,0,9,10,9
koramangala,8,1,0,0,18,23,18
indiranagar,8,1,0,0,15,21,14
whitefield,8,1,0,0,12,17,11
marathahalli,8,1,0,0,14,16,14
hsr_layout,8,1,0,0,13,14,13
jp_nagar,8,1,0,0,11,11,12
electronic_city,8,1,0,0,10,11,10
hebbal,8,1,0,0,9,11,10
koramangala,9,1,0,0,18,17,23
indiranagar,9,1,0,0,15,14,17
whitefield,9,1,0,0,12,12,14
marathahalli,9,1,0,0,14,18,18
hsr_layout,9,1,0,0,13,14,12
jp_nagar,9,1,0,0,11,11,11
electronic_city,9,1,0,0,10,13,9
hebbal,9,1,0,0,9,9,9
koramangala,10,1,0,0,18,11,14
indiranagar,10,1,0,0,15,13,9
whitefield,10,1,0,0,12,8,12
marathahalli,10,1,0,0,14,9,9
hsr_layout,10,1,0,0,13,8,13
jp_nagar,10,1,0,0,11,7,9
electronic_city,10,1,0,0,10,7,8
hebbal,10,1,0,0,9,8,5
koramangala,11,1,0,0,18,26,30
indiranagar,11,1,0,0,15,22,27
whitefield,11,1,0,0,12,16,19
marathahalli,11,1,0,0,14,23,23
hsr_layout,11,1,0,0,13,23,20
jp_nagar,11,1,0,0,11,16,15
electronic_city,11,1,0,0,10,14,11
hebbal,11,1,0,0,9,14,14
koramangala,12,1,0,0,18,30,32
indiranagar,12,1,0,0,15,23,23
whitefield,12,1,0,0,12,21,20
marathahalli,12,1,0,0,14,25,19
hsr_layout,12,1,0,0,13,19,18
jp_nagar,12,1,0,0,11,17,19
electronic_city,12,1,0,0,10,16,12
hebbal,12,1,0,0,9,14,13
koramangala,13,1,0,0,18,23,28
indiranagar,13,1,0,0,15,24,25
whitefield,13,1,0,0,12,19,18
marathahalli,13,1,0,0,14,26,25
hsr_layout,13,1,0,0,13,23,14
jp_nagar,13,1,0,0,11,16,18
electronic_city,13,1,0,0,10,15,10
hebbal,13,1,0,0,9,14,17
koramangala,14,1,0,0,18,12,11
indiranagar,14,1,0,0,15,13,8
whitefield,14,1,0,0,12,7,8
marathahalli,14,1,0,0,14,9,9
hsr_layout,14,1,0,0,13,9,12
jp_nagar,14,1,0,0,11,8,8
electronic_city,14,1,0,0,10,9,7
hebbal,14,1,0,0,9,6,7
koramangala,15,1,0,0,18,12,12
indiranagar,15,1,0,0,15,14,13
whitefield,15,1,0,0,12,11,9
marathahalli,15,1,0,0,14,10,9
hsr_layout,15,1,0,0,13,10,13
jp_nagar,15,1,0,0,11,8,4
electronic_city,15,1,0,0,10,6,8
hebbal,15,1,0,0,9,6,5
koramangala,16,1,0,0,18,15,13
indiranagar,16,1,0,0,15,9,15
whitefield,16,1,0,0,12,9,9
marathahalli,16,1,0,0,14,9,11
hsr_layout,16,1,0,0,13,11,9
jp_nagar,16,1,0,0,11,10,8
electronic_city,16,1,0,0,10,8,9
hebbal,16,1,0,0,9,7,8
koramangala,17,1,0,0,18,16,13
indiranagar,17,1,0,0,15,13,11
whitefield,17,1,0,0,12,9,8
marathahalli,17,1,0,0,14,12,8
hsr_layout,17,1,0,0,13,9,10
jp_nagar,17,1,0,0,11,9,7
electronic_city,17,1,0,0,10,6,6
hebbal,17,1,0,0,9,8,10
koramangala,18,1,0,0,18,17,12
indiranagar,18,1,0,0,15,10,12
whitefield,18,1,0,0,12,11,9
marathahalli,18,1,0,0,14,13,9
hsr_layout,18,1,0,0,13,9,8
jp_nagar,18,1,0,0,11,7,6
electronic_city,18,1,0,0,10,7,8
hebbal,18,1,0,0,9,6,6
koramangala,19,1,0,0,18,38,30
indiranagar,19,1,0,0,15,32,26
whitefield,19,1,0,0,12,19,21
marathahalli,19,1,0,0,14,24,27
hsr_layout,19,1,0,0,13,24,19
jp_nagar,19,1,0,0,11,24,18
electronic_city,19,1,0,0,10,15,18
hebbal,19,1,0,0,9,15,19
koramangala,20,1,0,0,18,28,35
indiranagar,20,1,0,0,15,23,30
whitefield,20,1,0,0,12,24,20
marathahalli,20,1,0,0,14,25,28
hsr_layout,20,1,0,0,13,24,21
jp_nagar,20,1,0,0,11,20,17
electronic_city,20,1,0,0,10,17,15
hebbal,20,1,0,0,9,20,17
koramangala,21,1,0,0,18,35,31
indiranagar,21,1,0,0,15,33,23
whitefield,21,1,0,0,12,23,20
marathahalli,21,1,0,0,14,29,29
hsr_layout,21,1,0,0,13,21,29
jp_nagar,21,1,0,0,11,18,21
electronic_city,21,1,0,0,10,17,18
hebbal,21,1,0,0,9,17,15
koramangala,22,1,0,0,18,14,12
indiranagar,22,1,0,0,15,11,11
whitefield,22,1,0,0,12,10,7
marathahalli,22,1,0,0,14,9,12
hsr_layout,22,1,0,0,13,8,8
jp_nagar,22,1,0,0,11,9,10
electronic_city,22,1,0,0,10,7,6
hebbal,22,1,0,0,9,7,8
koramangala,23,1,0,0,18,15,13
indiranagar,23,1,0,0,15,10,12
whitefield,23,1,0,0,12,10,2
marathahalli,23,1,0,0,14,11,12
hsr_layout,23,1,0,0,13,11,11
jp_nagar,23,1,0,0,11,7,7
electronic_city,23,1,0,0,10,6,4
hebbal,23,1,0,0,9,6,5
koramangala,0,2,0,0,18,4,4
indiranagar,0,2,0,0,15,2,0
whitefield,0,2,0,0,12,2,1
marathahalli,0,2,0,0,14,2,4
hsr_layout,0,2,0,0,13,3,0
jp_nagar,0,2,0,0,11,1,2
electronic_city,0,2,0,0,10,2,4
hebbal,0,2,0,0,9,2,1
koramangala,1,2,0,0,18,4,3
indiranagar,1,2,0,0,15,3,3
whitefield,1,2,0,0,12,1,1
marathahalli,1,2,0,0,14,3,3
hsr_layout,1,2,0,0,13,2,1
jp_nagar,1,2,0,0,11,2,0
electronic_city,1,2,0,0,10,2,1
hebbal,1,2,0,0,9,1,0
koramangala,2,2,0,0,18,3,2
indiranagar,2,2,0,0,15,2,1
whitefield,2,2,0,0,12,2,3
marathahalli,2,2,0,0,14,2,3
hsr_layout,2,2,0,0,13,2,2
jp_nagar,2,2,0,0,11,1,1
electronic_city,2,2,0,0,10,2,0
hebbal,2,2,0,0,9,1,0
koramangala,3,2,0,0,18,3,4
indiranagar,3,2,0,0,15,3,4
whitefield,3,2,0,0,12,2,1
marathahalli,3,2,0,0,14,2,2
hsr_layout,3,2,0,0,13,2,2
jp_nagar,3,2,0,0,11,2,0
electronic_city,3,2,0,0,10,2,3
hebbal,3,2,0,0,9,1,2
koramangala,4,2,0,0,18,3,4
indiranagar,4,2,0,0,15,2,4
whitefield,4,2,0,0,12,2,0
marathahalli,4,2,0,0,14,3,2
hsr_layout,4,2,0,0,13,2,2
jp_nagar,4,2,0,0,11,2,2
electronic_city,4,2,0,0,10,1,2
hebbal,4,2,0,0,9,1,1
koramangala,5,2,0,0,18,3,7
indiranagar,5,2,0,0,15,2,2
whitefield,5,2,0,0,12,2,3
marathahalli,5,2,0,0,14,2,2
hsr_layout,5,2,0,0,13,2,3
jp_nagar,5,2,0,0,11,2,3
electronic_city,5,2,0,0,10,2,2
hebbal,5,2,0,0,9,2,4
koramangala,6,2,0,0,18,16,14
indiranagar,6,2,0,0,15,11,10
whitefield,6,2,0,0,12,9,8
marathahalli,6,2,0,0,14,9,12
hsr_layout,6,2,0,0,13,11,10
jp_nagar,6,2,0,0,11,10,10
electronic_city,6,2,0,0,10,7,6
hebbal,6,2,0,0,9,8,4
koramangala,7,2,0,0,18,20,21
indiranagar,7,2,0,0,15,19,16
whitefield,7,2,0,0,12,13,14
marathahalli,7,2,0,0,14,15,15
hsr_layout,7,2,0,0,13,12,13
jp_nagar,7,2,0,0,11,13,13
electronic_city,7,2,0,0,10,10,11
hebbal,7,2,0,0,9,9,9
koramangala,8,2,0,0,18,17,21
indiranagar,8,2,0,0,15,16,18
whitefield,8,2,0,0,12,12,15
marathahalli,8,2,0,0,14,17,14
hsr_layout,8,2,0,0,13,17,19
jp_nagar,8,2,0,0,11,14,13
electronic_city,8,2,0,0,10,11,10
hebbal,8,2,0,0,9,11,14
koramangala,9,2,0,0,18,17,21
indiranagar,9,2,0,0,15,20,17
whitefield,9,2,0,0,12,16,12
marathahalli,9,2,0,0,14,19,16
hsr_layout,9,2,0,0,13,14,15
jp_nagar,9,2,0,0,11,11,11
electronic_city,9,2,0,0,10,14,12
hebbal,9,2,0,0,9,9,9
koramangala,10,2,0,0,18,12,13
indiranagar,10,2,0,0,15,11,10
whitefield,10,2,0,0,12,7,10
marathahalli,10,2,0,0,14,12,9
hsr_layout,10,2,0,0,13,9,9
jp_nagar,10,2,0,0,11,10,9
electronic_city,10,2,0,0,10,6,5
hebbal,10,2,0,0,9,8,5
koramangala,11,2,0,0,18,32,31
indiranagar,11,2,0,0,15,27,23
whitefield,11,2,0,0,12,15,18
marathahalli,11,2,0,0,14,19,18
hsr_layout,11,2,0,0,13,18,19
jp_nagar,11,2,0,0,11,18,18
electronic_city,11,2,0,0,10,14,15
hebbal,11,2,0,0,9,13,11
koramangala,12,2,0,0,18,27,30
indiranagar,12,2,0,0,15,28,29
whitefield,12,2,0,0,12,18,18
marathahalli,12,2,0,0,14,18,22
hsr_layout,12,2,0,0,13,23,19
jp_nagar,12,2,0,0,11,17,17
electronic_city,12,2,0,0,10,16,14
hebbal,12,2,0,0,9,12,14
koramangala,13,2,0,0,18,32,30
indiranagar,13,2,0,0,15,26,23
whitefield,13,2,0,0,12,21,16
marathahalli,13,2,0,0,14,18,15
hsr_layout,13,2,0,0,13,20,15
jp_nagar,13,2,0,0,11,19,11
electronic_city,13,2,0,0,10,18,15
hebbal,13,2,0,0,9,13,16
koramangala,14,2,0,0,18,13,16
indiranagar,14,2,0,0,15,11,10
whitefield,14,2,0,0,12,8,9
marathahalli,14,2,0,0,14,10,13
hsr_layout,14,2,0,0,13,10,7
jp_nagar,14,2,0,0,11,7,5
electronic_city,14,2,0,0,10,9,6
hebbal,14,2,0,0,9,7,9
koramangala,15,2,0,0,18,14,17
indiranagar,15,2,0,0,15,9,13
whitefield,15,2,0,0,12,9,8
marathahalli,15,2,0,0,14,11,11
hsr_layout,15,2,0,0,13,8,10
jp_nagar,15,2,0,0,11,7,6
electronic_city,15,2,0,0,10,8,3
hebbal,15,2,0,0,9,7,6
koramangala,16,2,0,0,18,12,14
indiranagar,16,2,0,0,15,12,12
whitefield,16,2,0,0,12,8,4
marathahalli,16,2,0,0,14,9,12
hsr_layout,16,2,0,0,13,9,5
jp_nagar,16,2,0,0,11,7,8
electronic_city,16,2,0,0,10,7,7
hebbal,16,2,0,0,9,6,6
koramangala,17,2,0,0,18,14,13
indiranagar,17,2,0,0,15,12,10
whitefield,17,2,0,0,12,11,10
marathahalli,17,2,0,0,14,10,11
hsr_layout,17,2,0,0,13,10,3
jp_nagar,17,2,0,0,11,10,7
electronic_city,17,2,0,0,10,9,6
hebbal,17,2,0,0,9,5,5
koramangala,18,2,0,0,18,16,15
indiranagar,18,2,0,0,15,12,8
whitefield,18,2,0,0,12,7,8
marathahalli,18,2,0,0,14,9,6
hsr_layout,18,2,0,0,13,10,11
jp_nagar,18,2,0,0,11,8,8
electronic_city,18,2,0,0,10,7,7
hebbal,18,2,0,0,9,7,5
koramangala,19,2,0,0,18,27,31
indiranagar,19,2,0,0,15,32,27
whitefield,19,2,0,0,12,20,28
marathahalli,19,2,0,0,14,24,24
hsr_layout,19,2,0,0,13,26,26
jp_nagar,19,2,0,0,11,24,20
electronic_city,19,2,0,0,10,18,18
hebbal,19,2,0,0,9,17,12
koramangala,20,2,0,0,18,39,34
indiranagar,20,2,0,0,15,32,27
whitefield,20,2,0,0,12,24,21
marathahalli,20,2,0,0,14,31,22
hsr_layout,20,2,0,0,13,29,26
jp_nagar,20,2,0,0,11,22,16
electronic_city,20,2,0,0,10,19,16
hebbal,20,2,0,0,9,20,17
koramangala,21,2,0,0,18,39,31
indiranagar,21,2,0,0,15,30,31
whitefield,21,2,0,0,12,27,22
marathahalli,21,2,0,0,14,21,29
hsr_layout,21,2,0,0,13,29,22
jp_nagar,21,2,0,0,11,21,18
electronic_city,21,2,0,0,10,15,21
hebbal,21,2,0,0,9,16,18
koramangala,22,2,0,0,18,15,11
indiranagar,22,2,0,0,15,13,11
whitefield,22,2,0,0,12,10,9
marathahalli,22,2,0,0,14,12,12
hsr_layout,22,2,0,0,13,10,7
jp_nagar,22,2,0,0,11,8,5
electronic_city,22,2,0,0,10,9,7
hebbal,22,2,0,0,9,6,4
koramangala,23,2,0,0,18,16,12
indiranagar,23,2,0,0,15,10,9
whitefield,23,2,0,0,12,8,10
marathahalli,23,2,0,0,14,11,8
hsr_layout,23,2,0,0,13,9,9
jp_nagar,23,2,0,0,11,10,8
electronic_city,23,2,0,0,10,8,5
hebbal,23,2,0,0,9,6,4
koramangala,0,3,0,0,18,3,0
indiranagar,0,3,0,0,15,2,3
whitefield,0,3,0,0,12,2,1
marathahalli,0,3,0,0,14,2,3
hsr_layout,0,3,0,0,13,3,0
jp_nagar,0,3,0,0,11,1,1
electronic_city,0,3,0,0,10,2,4
hebbal,0,3,0,0,9,1,0
koramangala,1,3,0,0,18,3,3
indiranagar,1,3,0,0,15,3,0
whitefield,1,3,0,0,12,2,0
marathahalli,1,3,0,0,14,3,4
hsr_layout,1,3,0,0,13,2,2
jp_nagar,1,3,0,0,11,1,2
electronic_city,1,3,0,0,10,1,0
hebbal,1,3,0,0,9,1,2
koramangala,2,3,0,0,18,3,4
indiranagar,2,3,0,0,15,3,3
whitefield,2,3,0,0,12,2,3
marathahalli,2,3,0,0,14,2,0
hsr_layout,2,3,0,0,13,2,2
jp_nagar,2,3,0,0,11,2,3
electronic_city,2,3,0,0,10,2,0
hebbal,2,3,0,0,9,1,0
koramangala,3,3,0,0,18,4,4
indiranagar,3,3,0,0,15,3,4
whitefield,3,3,0,0,12,2,0
marathahalli,3,3,0,0,14,3,3
hsr_layout,3,3,0,0,13,2,2
jp_nagar,3,3,0,0,11,2,3
electronic_city,3,3,0,0,10,2,0
hebbal,3,3,0,0,9,1,1
koramangala,4,3,0,0,18,2,4
indiranagar,4,3,0,0,15,3,2
whitefield,4,3,0,0,12,2,2
marathahalli,4,3,0,0,14,3,1
hsr_layout,4,3,0,0,13,2,4
jp_nagar,4,3,0,0,11,2,1
electronic_city,4,3,0,0,10,2,0
hebbal,4,3,0,0,9,1,0
koramangala,5,3,0,0,18,3,4
indiranagar,5,3,0,0,15,3,4
whitefield,5,3,0,0,12,2,0
marathahalli,5,3,0,0,14,2,4
hsr_layout,5,3,0,0,13,2,2
jp_nagar,5,3,0,0,11,2,2
electronic_city,5,3,0,0,10,2,1
hebbal,5,3,0,0,9,1,1
koramangala,6,3,0,0,18,14,14
indiranagar,6,3,0,0,15,14,12
whitefield,6,3,0,0,12,8,8
marathahalli,6,3,0,0,14,12,12
hsr_layout,6,3,0,0,13,11,9
jp_nagar,6,3,0,0,11,8,9
electronic_city,6,3,0,0,10,7,6
hebbal,6,3,0,0,9,7,8
koramangala,7,3,0,0,18,21,18
indiranagar,7,3,0,0,15,20,16
whitefield,7,3,0,0,12,16,11
marathahalli,7,3,0,0,14,14,15
hsr_layout,7,3,0,0,13,17,17
jp_nagar,7,3,0,0,11,14,11
electronic_city,7,3,0,0,10,12,14
hebbal,7,3,0,0,9,8,7
koramangala,8,3,0,0,18,19,20
indiranagar,8,3,0,0,15,17,18
whitefield,8,3,0,0,12,14,13
marathahalli,8,3,0,0,14,18,15
hsr_layout,8,3,0,0,13,18,16
jp_nagar,8,3,0,0,11,15,12
electronic_city,8,3,0,0,10,11,9
hebbal,8,3,0,0,9,11,11
koramangala,9,3,0,0,18,22,19
indiranagar,9,3,0,0,15,15,17
whitefield,9,3,0,0,12,12,14
marathahalli,9,3,0,0,14,19,17
hsr_layout,9,3,0,0,13,15,13
jp_nagar,9,3,0,0,11,14,13
electronic_city,9,3,0,0,10,11,13
hebbal,9,3,0,0,9,12,14
koramangala,10,3,0,0,18,14,15
indiranagar,10,3,0,0,15,11,9
whitefield,10,3,0,0,12,7,10
marathahalli,10,3,0,0,14,10,9
hsr_layout,10,3,0,0,13,10,8
jp_nagar,10,3,0,0,11,8,9
electronic_city,10,3,0,0,10,9,5
hebbal,10,3,0,0,9,6,3
koramangala,11,3,0,0,18,29,32
indiranagar,11,3,0,0,15,22,25
whitefield,11,3,0,0,12,17,23
marathahalli,11,3,0,0,14,26,24
hsr_layout,11,3,0,0,13,24,19
jp_nagar,11,3,0,0,11,18,21
electronic_city,11,3,0,0,10,14,16
hebbal,11,3,0,0,9,17,17
koramangala,12,3,0,0,18,31,30
indiranagar,12,3,0,0,15,23,23
whitefield,12,3,0,0,12,19,18
marathahalli,12,3,0,0,14,21,19
hsr_layout,12,3,0,0,13,24,19
jp_nagar,12,3,0,0,11,14,18
electronic_city,12,3,0,0,10,17,13
hebbal,12,3,0,0,9,12,14
koramangala,13,3,0,0,18,27,27
indiranagar,13,3,0,0,15,23,24
whitefield,13,3,0,0,12,16,20
marathahalli,13,3,0,0,14,23,21
hsr_layout,13,3,0,0,13,18,20
jp_nagar,13,3,0,0,11,20,17
electronic_city,13,3,0,0,10,16,18
hebbal,13,3,0,0,9,16,13
koramangala,14,3,0,0,18,13,15
indiranagar,14,3,0,0,15,14,14
whitefield,14,3,0,0,12,11,7
marathahalli,14,3,0,0,14,11,8
hsr_layout,14,3,0,0,13,8,9
jp_nagar,14,3,0,0,11,9,9
electronic_city,14,3,0,0,10,8,9
hebbal,14,3,0,0,9,6,3
koramangala,15,3,0,0,18,11,12
indiranagar,15,3,0,0,15,9,11
whitefield,15,3,0,0,12,8,7
marathahalli,15,3,0,0,14,10,9
hsr_layout,15,3,0,0,13,10,9
jp_nagar,15,3,0,0,11,9,6
electronic_city,15,3,0,0,10,6,5
hebbal,15,3,0,0,9,6,11
koramangala,16,3,0,0,18,14,12
indiranagar,16,3,0,0,15,12,13
whitefield,16,3,0,0,12,9,7
marathahalli,16,3,0,0,14,11,10
hsr_layout,16,3,0,0,13,12,9
jp_nagar,16,3,0,0,11,9,5
electronic_city,16,3,0,0,10,7,5
hebbal,16,3,0,0,9,7,7
koramangala,17,3,0,0,18,16,14
indiranagar,17,3,0,0,15,9,11
whitefield,17,3,0,0,12,9,9
marathahalli,17,3,0,0,14,10,11
hsr_layout,17,3,0,0,13,10,8
jp_nagar,17,3,0,0,11,8,10
electronic_city,17,3,0,0,10,7,9
hebbal,17,3,0,0,9,5,8
koramangala,18,3,0,0,18,14,13
indiranagar,18,3,0,0,15,13,11
whitefield,18,3,0,0,12,9,9
marathahalli,18,3,0,0,14,10,10
hsr_layout,18,3,0,0,13,11,10
jp_nagar,18,3,0,0,11,9,9
electronic_city,18,3,0,0,10,7,9
hebbal,18,3,0,0,9,6,9
koramangala,19,3,0,0,18,31,33
indiranagar,19,3,0,0,15,30,23
whitefield,19,3,0,0,12,26,22
marathahalli,19,3,0,0,14,27,32
hsr_layout,19,3,0,0,13,25,25
jp_nagar,19,3,0,0,11,18,23
electronic_city,19,3,0,0,10,17,19
hebbal,19,3,0,0,9,15,15
koramangala,20,3,0,0,18,35,29
indiranagar,20,3,0,0,15,24,25
whitefield,20,3,0,0,12,25,20
marathahalli,20,3,0,0,14,30,28
hsr_layout,20,3,0,0,13,27,21
jp_nagar,20,3,0,0,11,24,21
electronic_city,20,3,0,0,10,18,20
hebbal,20,3,0,0,9,17,18
koramangala,21,3,0,0,18,29,37
indiranagar,21,3,0,0,15,24,25
whitefield,21,3,0,0,12,25,22
marathahalli,21,3,0,0,14,28,28
hsr_layout,21,3,0,0,13,29,25
jp_nagar,21,3,0,0,11,18,18
electronic_city,21,3,0,0,10,16,20
hebbal,21,3,0,0,9,15,17
koramangala,22,3,0,0,18,14,15
indiranagar,22,3,0,0,15,10,10
whitefield,22,3,0,0,12,10,7
marathahalli,22,3,0,0,14,11,11
hsr_layout,22,3,0,0,13,9,9
jp_nagar,22,3,0,0,11,8,4
electronic_city,22,3,0,0,10,8,6
hebbal,22,3,0,0,9,6,4
koramangala,23,3,0,0,18,14,13
indiranagar,23,3,0,0,15,13,10
whitefield,23,3,0,0,12,10,9
marathahalli,23,3,0,0,14,11,10
hsr_layout,23,3,0,0,13,11,8
jp_nagar,23,3,0,0,11,9,7
electronic_city,23,3,0,0,10,8,3
hebbal,23,3,0,0,9,8,6
koramangala,0,4,0,0,18,3,0
indiranagar,0,4,0,0,15,3,2
whitefield,0,4,0,0,12,2,3
marathahalli,0,4,0,0,14,2,0
hsr_layout,0,4,0,0,13,2,3
jp_nagar,0,4,0,0,11,2,3
electronic_city,0,4,0,0,10,1,0
hebbal,0,4,0,0,9,1,1
koramangala,1,4,0,0,18,4,0
indiranagar,1,4,0,0,15,2,1
whitefield,1,4,0,0,12,2,1
marathahalli,1,4,0,0,14,2,0
hsr_layout,1,4,0,0,13,2,4
jp_nagar,1,4,0,0,11,1,2
electronic_city,1,4,0,0,10,2,0
hebbal,1,4,0,0,9,2,3
koramangala,2,4,0,0,18,4,0
indiranagar,2,4,0,0,15,2,0
whitefield,2,4,0,0,12,2,0
marathahalli,2,4,0,0,14,3,4
hsr_layout,2,4,0,0,13,2,2
jp_nagar,2,4,0,0,11,1,1
electronic_city,2,4,0,0,10,1,1
hebbal,2,4,0,0,9,1,1
koramangala,3,4,0,0,18,3,3
indiranagar,3,4,0,0,15,3,2
whitefield,3,4,0,0,12,2,2
marathahalli,3,4,0,0,14,3,1
hsr_layout,3,4,0,0,13,2,1
jp_nagar,3,4,0,0,11,2,1
electronic_city,3,4,0,0,10,1,2
hebbal,3,4,0,0,9,2,0
koramangala,4,4,0,0,18,2,0
indiranagar,4,4,0,0,15,2,3
whitefield,4,4,0,0,12,2,1
marathahalli,4,4,0,0,14,2,2
hsr_layout,4,4,0,0,13,2,0
jp_nagar,4,4,0,0,11,2,0
electronic_city,4,4,0,0,10,2,0
hebbal,4,4,0,0,9,1,0
koramangala,5,4,0,0,18,3,2
indiranagar,5,4,0,0,15,2,4
whitefield,5,4,0,0,12,2,2
marathahalli,5,4,0,0,14,3,4
hsr_layout,5,4,0,0,13,3,2
jp_nagar,5,4,0,0,11,1,0
electronic_city,5,4,0,0,10,2,3
hebbal,5,4,0,0,9,1,0
koramangala,6,4,0,0,18,15,12
indiranagar,6,4,0,0,15,9,8
whitefield,6,4,0,0,12,9,11
marathahalli,6,4,0,0,14,12,11
hsr_layout,6,4,0,0,13,9,8
jp_nagar,6,4,0,0,11,8,8
electronic_city,6,4,0,0,10,7,7
hebbal,6,4,0,0,9,6,8
koramangala,7,4,0,0,18,25,19
indiranagar,7,4,0,0,15,16,13
whitefield,7,4,0,0,12,12,11
marathahalli,7,4,0,0,14,18,14
hsr_layout,7,4,0,0,13,15,15
jp_nagar,7,4,0,0,11,15,11
electronic_city,7,4,0,0,10,10,8
hebbal,7,4,0,0,9,10,10
koramangala,8,4,0,0,18,21,20
indiranagar,8,4,0,0,15,15,18
whitefield,8,4,0,0,12,13,15
marathahalli,8,4,0,0,14,16,13
hsr_layout,8,4,0,0,13,12,15
jp_nagar,8,4,0,0,11,13,11
electronic_city,8,4,0,0,10,9,10
hebbal,8,4,0,0,9,9,9
koramangala,9,4,0,0,18,24,19
indiranagar,9,4,0,0,15,19,22
whitefield,9,4,0,0,12,15,13
marathahalli,9,4,0,0,14,16,16
hsr_layout,9,4,0,0,13,12,12
jp_nagar,9,4,0,0,11,10,11
electronic_city,9,4,0,0,10,10,13
hebbal,9,4,0,0,9,9,9
koramangala,10,4,0,0,18,16,10
indiranagar,10,4,0,0,15,13,12
whitefield,10,4,0,0,12,9,10
marathahalli,10,4,0,0,14,11,11
hsr_layout,10,4,0,0,13,11,12
jp_nagar,10,4,0,0,11,9,7
electronic_city,10,4,0,0,10,8,6
hebbal,10,4,0,0,9,7,6
koramangala,11,4,0,0,18,33,28
indiranagar,11,4,0,0,15,23,20
whitefield,11,4,0,0,12,18,17
marathahalli,11,4,0,0,14,19,20
hsr_layout,11,4,0,0,13,21,17
jp_nagar,11,4,0,0,11,15,17
electronic_city,11,4,0,0,10,14,15
hebbal,11,4,0,0,9,16,13
koramangala,12,4,0,0,18,30,26
indiranagar,12,4,0,0,15,24,21
whitefield,12,4,0,0,12,15,16
marathahalli,12,4,0,0,14,24,25
hsr_layout,12,4,0,0,13,19,19
jp_nagar,12,4,0,0,11,17,19
electronic_city,12,4,0,0,10,13,15
hebbal,12,4,0,0,9,12,13
koramangala,13,4,0,0,18,27,23
indiranagar,13,4,0,0,15,28,20
whitefield,13,4,0,0,12,17,18
marathahalli,13,4,0,0,14,24,19
hsr_layout,13,4,0,0,13,19,21
jp_nagar,13,4,0,0,11,20,13
electronic_city,13,4,0,0,10,18,17
hebbal,13,4,0,0,9,12,15
koramangala,14,4,0,0,18,13,15
indiranagar,14,4,0,0,15,11,13
whitefield,14,4,0,0,12,8,11
marathahalli,14,4,0,0,14,9,8
hsr_layout,14,4,0,0,13,9,10
jp_nagar,14,4,0,0,11,9,10
electronic_city,14,4,0,0,10,8,7
hebbal,14,4,0,0,9,7,7
koramangala,15,4,0,0,18,16,13
indiranagar,15,4,0,0,15,14,9
whitefield,15,4,0,0,12,9,7
marathahalli,15,4,0,0,14,10,11
hsr_layout,15,4,0,0,13,10,9
jp_nagar,15,4,0,0,11,7,6
electronic_city,15,4,0,0,10,7,4
hebbal,15,4,0,0,9,7,6
koramangala,16,4,0,0,18,15,14
indiranagar,16,4,0,0,15,13,11
whitefield,16,4,0,0,12,10,9
marathahalli,16,4,0,0,14,9,13
hsr_layout,16,4,0,0,13,9,12
jp_nagar,16,4,0,0,11,7,8
electronic_city,16,4,0,0,10,8,6
hebbal,16,4,0,0,9,7,6
koramangala,17,4,0,0,18,14,16
indiranagar,17,4,0,0,15,11,11
whitefield,17,4,0,0,12,7,10
marathahalli,17,4,0,0,14,12,8
hsr_layout,17,4,0,0,13,8,8
jp_nagar,17,4,0,0,11,9,9
electronic_city,17,4,0,0,10,9,7
hebbal,17,4,0,0,9,8,7
koramangala,18,4,0,0,18,13,12
indiranagar,18,4,0,0,15,13,9
whitefield,18,4,0,0,12,10,11
marathahalli,18,4,0,0,14,13,10
hsr_layout,18,4,0,0,13,8,9
jp_nagar,18,4,0,0,11,7,7
electronic_city,18,4,0,0,10,8,6
hebbal,18,4,0,0,9,6,7
koramangala,19,4,0,0,18,37,31
indiranagar,19,4,0,0,15,29,33
whitefield,19,4,0,0,12,21,22
marathahalli,19,4,0,0,14,31,28
hsr_layout,19,4,0,0,13,26,24
jp_nagar,19,4,0,0,11,23,15
electronic_city,19,4,0,0,10,19,21
hebbal,19,4,0,0,9,19,18
koramangala,20,4,0,0,18,27,35
indiranagar,20,4,0,0,15,33,25
whitefield,20,4,0,0,12,25,24
marathahalli,20,4,0,0,14,22,22
hsr_layout,20,4,0,0,13,25,28
jp_nagar,20,4,0,0,11,17,18
electronic_city,20,4,0,0,10,15,16
hebbal,20,4,0,0,9,14,19
koramangala,21,4,0,0,18,36,35
indiranagar,21,4,0,0,15,26,31
whitefield,21,4,0,0,12,24,22
marathahalli,21,4,0,0,14,26,28
hsr_layout,21,4,0,0,13,28,26
jp_nagar,21,4,0,0,11,17,19
electronic_city,21,4,0,0,10,18,22
hebbal,21,4,0,0,9,17,15
koramangala,22,4,0,0,18,12,12
indiranagar,22,4,0,0,15,11,11
whitefield,22,4,0,0,12,10,5
marathahalli,22,4,0,0,14,10,6
hsr_layout,22,4,0,0,13,10,9
jp_nagar,22,4,0,0,11,8,9
electronic_city,22,4,0,0,10,7,10
hebbal,22,4,0,0,9,7,10
koramangala,23,4,0,0,18,16,12
indiranagar,23,4,0,0,15,11,13
whitefield,23,4,0,0,12,10,10
marathahalli,23,4,0,0,14,10,6
hsr_layout,23,4,0,0,13,12,8
jp_nagar,23,4,0,0,11,10,9
electronic_city,23,4,0,0,10,8,8
hebbal,23,4,0,0,9,8,7
koramangala,0,5,1,0,18,3,2
indiranagar,0,5,1,0,15,3,5
whitefield,0,5,1,0,12,3,5
marathahalli,0,5,1,0,14,3,4
hsr_layout,0,5,1,0,13,3,3
jp_nagar,0,5,1,0,11,2,1
electronic_city,0,5,1,0,10,2,3
hebbal,0,5,1,0,9,2,2
koramangala,1,5,1,0,18,4,4
indiranagar,1,5,1,0,15,3,4
whitefield,1,5,1,0,12,3,2
marathahalli,1,5,1,0,14,4,1
hsr_layout,1,5,1,0,13,3,2
jp_nagar,1,5,1,0,11,2,3
electronic_city,1,5,1,0,10,2,1
hebbal,1,5,1,0,9,2,3
koramangala,2,5,1,0,18,3,5
indiranagar,2,5,1,0,15,3,3
whitefield,2,5,1,0,12,3,5
marathahalli,2,5,1,0,14,3,2
hsr_layout,2,5,1,0,13,3,4
jp_nagar,2,5,1,0,11,2,2
electronic_city,2,5,1,0,10,2,1
hebbal,2,5,1,0,9,2,0
koramangala,3,5,1,0,18,4,3
indiranagar,3,5,1,0,15,4,2
whitefield,3,5,1,0,12,2,0
marathahalli,3,5,1,0,14,3,2
hsr_layout,3,5,1,0,13,3,1
jp_nagar,3,5,1,0,11,2,2
electronic_city,3,5,1,0,10,2,3
hebbal,3,5,1,0,9,2,0
koramangala,4,5,1,0,18,3,6
indiranagar,4,5,1,0,15,4,3
whitefield,4,5,1,0,12,2,1
marathahalli,4,5,1,0,14,3,4
hsr_layout,4,5,1,0,13,3,2
jp_nagar,4,5,1,0,11,2,1
electronic_city,4,5,1,0,10,2,1
hebbal,4,5,1,0,9,2,0
koramangala,5,5,1,0,18,3,5
indiranagar,5,5,1,0,15,3,3
whitefield,5,5,1,0,12,3,0
marathahalli,5,5,1,0,14,4,3
hsr_layout,5,5,1,0,13,3,1
jp_nagar,5,5,1,0,11,3,1
electronic_city,5,5,1,0,10,2,3
hebbal,5,5,1,0,9,2,0
koramangala,6,5,1,0,18,22,15
indiranagar,6,5,1,0,15,15,15
whitefield,6,5,1,0,12,14,9
marathahalli,6,5,1,0,14,13,11
hsr_layout,6,5,1,0,13,11,11
jp_nagar,6,5,1,0,11,10,10
electronic_city,6,5,1,0,10,9,8
hebbal,6,5,1,0,9,10,10
koramangala,7,5,1,0,18,26,23
indiranagar,7,5,1,0,15,26,20
whitefield,7,5,1,0,12,22,16
marathahalli,7,5,1,0,14,22,19
hsr_layout,7,5,1,0,13,22,16
jp_nagar,7,5,1,0,11,17,19
electronic_city,7,5,1,0,10,15,12
hebbal,7,5,1,0,9,13,14
koramangala,8,5,1,0,18,25,26
indiranagar,8,5,1,0,15,19,23
whitefield,8,5,1,0,12,21,17
marathahalli,8,5,1,0,14,26,25
hsr_layout,8,5,1,0,13,20,18
jp_nagar,8,5,1,0,11,16,17
electronic_city,8,5,1,0,10,13,17
hebbal,8,5,1,0,9,14,13
koramangala,9,5,1,0,18,31,26
indiranagar,9,5,1,0,15,25,16
whitefield,9,5,1,0,12,16,19
marathahalli,9,5,1,0,14,24,22
hsr_layout,9,5,1,0,13,21,18
jp_nagar,9,5,1,0,11,19,16
electronic_city,9,5,1,0,10,18,14
hebbal,9,5,1,0,9,16,12
koramangala,10,5,1,0,18,18,22
indiranagar,10,5,1,0,15,16,13
whitefield,10,5,1,0,12,14,11
marathahalli,10,5,1,0,14,12,12
hsr_layout,10,5,1,0,13,15,16
jp_nagar,10,5,1,0,11,10,10
electronic_city,10,5,1,0,10,12,8
hebbal,10,5,1,0,9,8,11
koramangala,11,5,1,0,18,39,31
indiranagar,11,5,1,0,15,29,29
whitefield,11,5,1,0,12,28,22
marathahalli,11,5,1,0,14,27,27
hsr_layout,11,5,1,0,13,22,30
jp_nagar,11,5,1,0,11,22,27
electronic_city,11,5,1,0,10,23,19
hebbal,11,5,1,0,9,16,19
koramangala,12,5,1,0,18,34,35
indiranagar,12,5,1,0,15,30,26
whitefield,12,5,1,0,12,29,26
marathahalli,12,5,1,0,14,32,33
hsr_layout,12,5,1,0,13,24,27
jp_nagar,12,5,1,0,11,24,21
electronic_city,12,5,1,0,10,22,20
hebbal,12,5,1,0,9,15,22
koramangala,13,5,1,0,18,31,37
indiranagar,13,5,1,0,15,33,30
whitefield,13,5,1,0,12,23,30
marathahalli,13,5,1,0,14,33,28
hsr_layout,13,5,1,0,13,31,27
jp_nagar,13,5,1,0,11,20,22
electronic_city,13,5,1,0,10,22,15
hebbal,13,5,1,0,9,15,20
koramangala,14,5,1,0,18,21,17
indiranagar,14,5,1,0,15,18,16
whitefield,14,5,1,0,12,12,15
marathahalli,14,5,1,0,14,12,12
hsr_layout,14,5,1,0,13,11,14
jp_nagar,14,5,1,0,11,12,12
electronic_city,14,5,1,0,10,9,10
hebbal,14,5,1,0,9,8,5
koramangala,15,5,1,0,18,18,17
indiranagar,15,5,1,0,15,14,12
whitefield,15,5,1,0,12,13,12
marathahalli,15,5,1,0,14,15,12
hsr_layout,15,5,1,0,13,14,15
jp_nagar,15,5,1,0,11,10,10
electronic_city,15,5,1,0,10,11,8
hebbal,15,5,1,0,9,8,10
koramangala,16,5,1,0,18,16,16
indiranagar,16,5,1,0,15,18,17
whitefield,16,5,1,0,12,10,14
marathahalli,16,5,1,0,14,15,14
hsr_layout,16,5,1,0,13,13,12
jp_nagar,16,5,1,0,11,11,11
electronic_city,16,5,1,0,10,11,9
hebbal,16,5,1,0,9,9,10
koramangala,17,5,1,0,18,16,18
indiranagar,17,5,1,0,15,16,13
whitefield,17,5,1,0,12,14,11
marathahalli,17,5,1,0,14,15,13
hsr_layout,17,5,1,0,13,12,12
jp_nagar,17,5,1,0,11,13,10
electronic_city,17,5,1,0,10,8,11
hebbal,17,5,1,0,9,7,7
koramangala,18,5,1,0,18,21,22
indiranagar,18,5,1,0,15,16,17
whitefield,18,5,1,0,12,12,12
marathahalli,18,5,1,0,14,12,15
hsr_layout,18,5,1,0,13,13,12
jp_nagar,18,5,1,0,11,13,10
electronic_city,18,5,1,0,10,11,6
hebbal,18,5,1,0,9,9,9
koramangala,19,5,1,0,18,38,49
indiranagar,19,5,1,0,15,37,32
whitefield,19,5,1,0,12,27,28
marathahalli,19,5,1,0,14,34,37
hsr_layout,19,5,1,0,13,30,30
jp_nagar,19,5,1,0,11,24,23
electronic_city,19,5,1,0,10,25,25
hebbal,19,5,1,0,9,26,23
koramangala,20,5,1,0,18,39,39
indiranagar,20,5,1,0,15,42,33
whitefield,20,5,1,0,12,30,28
marathahalli,20,5,1,0,14,33,38
hsr_layout,20,5,1,0,13,34,33
jp_nagar,20,5,1,0,11,32,29
electronic_city,20,5,1,0,10,21,20
hebbal,20,5,1,0,9,18,22
koramangala,21,5,1,0,18,51,37
indiranagar,21,5,1,0,15,30,33
whitefield,21,5,1,0,12,25,26
marathahalli,21,5,1,0,14,33,38
hsr_layout,21,5,1,0,13,35,32
jp_nagar,21,5,1,0,11,24,23
electronic_city,21,5,1,0,10,22,25
hebbal,21,5,1,0,9,17,18
koramangala,22,5,1,0,18,21,20
indiranagar,22,5,1,0,15,18,14
whitefield,22,5,1,0,12,14,14
marathahalli,22,5,1,0,14,12,14
hsr_layout,22,5,1,0,13,15,12
jp_nagar,22,5,1,0,11,9,9
electronic_city,22,5,1,0,10,11,9
hebbal,22,5,1,0,9,8,8
koramangala,23,5,1,0,18,18,19
indiranagar,23,5,1,0,15,17,14
whitefield,23,5,1,0,12,10,11
marathahalli,23,5,1,0,14,15,14
hsr_layout,23,5,1,0,13,14,13
jp_nagar,23,5,1,0,11,12,12
electronic_city,23,5,1,0,10,10,10
hebbal,23,5,1,0,9,10,10
koramangala,0,6,1,0,18,4,2
indiranagar,0,6,1,0,15,3,4
whitefield,0,6,1,0,12,3,1
marathahalli,0,6,1,0,14,3,1
hsr_layout,0,6,1,0,13,3,2
jp_nagar,0,6,1,0,11,2,4
electronic_city,0,6,1,0,10,2,1
hebbal,0,6,1,0,9,2,4
koramangala,1,6,1,0,18,4,4
indiranagar,1,6,1,0,15,4,3
whitefield,1,6,1,0,12,3,4
marathahalli,1,6,1,0,14,3,4
hsr_layout,1,6,1,0,13,3,1
jp_nagar,1,6,1,0,11,3,4
electronic_city,1,6,1,0,10,2,2
hebbal,1,6,1,0,9,2,2
koramangala,2,6,1,0,18,5,3
indiranagar,2,6,1,0,15,4,4
whitefield,2,6,1,0,12,2,3
marathahalli,2,6,1,0,14,3,3
hsr_layout,2,6,1,0,13,3,2
jp_nagar,2,6,1,0,11,2,3
electronic_city,2,6,1,0,10,2,3
hebbal,2,6,1,0,9,1,0
koramangala,3,6,1,0,18,5,1
indiranagar,3,6,1,0,15,3,3
whitefield,3,6,1,0,12,2,0
marathahalli,3,6,1,0,14,3,4
hsr_layout,3,6,1,0,13,3,2
jp_nagar,3,6,1,0,11,2,4
electronic_city,3,6,1,0,10,2,1
hebbal,3,6,1,0,9,2,3
koramangala,4,6,1,0,18,4,4
indiranagar,4,6,1,0,15,4,4
whitefield,4,6,1,0,12,3,6
marathahalli,4,6,1,0,14,3,1
hsr_layout,4,6,1,0,13,2,3
jp_nagar,4,6,1,0,11,2,6
electronic_city,4,6,1,0,10,2,2
hebbal,4,6,1,0,9,2,2
koramangala,5,6,1,0,18,5,5
indiranagar,5,6,1,0,15,4,4
whitefield,5,6,1,0,12,3,0
marathahalli,5,6,1,0,14,3,4
hsr_layout,5,6,1,0,13,3,0
jp_nagar,5,6,1,0,11,3,1
electronic_city,5,6,1,0,10,2,3
hebbal,5,6,1,0,9,2,1
koramangala,6,6,1,0,18,20,16
indiranagar,6,6,1,0,15,15,17
whitefield,6,6,1,0,12,12,11
marathahalli,6,6,1,0,14,13,14
hsr_layout,6,6,1,0,13,15,15
jp_nagar,6,6,1,0,11,10,10
electronic_city,6,6,1,0,10,11,8
hebbal,6,6,1,0,9,10,8
koramangala,7,6,1,0,18,24,31
indiranagar,7,6,1,0,15,24,21
whitefield,7,6,1,0,12,16,19
marathahalli,7,6,1,0,14,19,18
hsr_layout,7,6,1,0,13,18,18
jp_nagar,7,6,1,0,11,15,16
electronic_city,7,6,1,0,10,13,16
hebbal,7,6,1,0,9,11,15
koramangala,8,6,1,0,18,32,25
indiranagar,8,6,1,0,15,24,23
whitefield,8,6,1,0,12,17,17
marathahalli,8,6,1,0,14,26,22
hsr_layout,8,6,1,0,13,19,19
jp_nagar,8,6,1,0,11,16,19
electronic_city,8,6,1,0,10,18,13
hebbal,8,6,1,0,9,11,13
koramangala,9,6,1,0,18,25,30
indiranagar,9,6,1,0,15,27,20
whitefield,9,6,1,0,12,16,20
marathahalli,9,6,1,0,14,23,25
hsr_layout,9,6,1,0,13,22,18
jp_nagar,9,6,1,0,11,20,13
electronic_city,9,6,1,0,10,16,18
hebbal,9,6,1,0,9,15,12
koramangala,10,6,1,0,18,19,16
indiranagar,10,6,1,0,15,13,11
whitefield,10,6,1,0,12,10,14
marathahalli,10,6,1,0,14,14,16
hsr_layout,10,6,1,0,13,14,14
jp_nagar,10,6,1,0,11,10,15
electronic_city,10,6,1,0,10,11,12
hebbal,10,6,1,0,9,10,7
koramangala,11,6,1,0,18,32,39
indiranagar,11,6,1,0,15,25,26
whitefield,11,6,1,0,12,27,28
marathahalli,11,6,1,0,14,28,30
hsr_layout,11,6,1,0,13,27,31
jp_nagar,11,6,1,0,11,18,23
electronic_city,11,6,1,0,10,23,18
hebbal,11,6,1,0,9,22,14
koramangala,12,6,1,0,18,30,35
indiranagar,12,6,1,0,15,29,36
whitefield,12,6,1,0,12,20,23
marathahalli,12,6,1,0,14,32,32
hsr_layout,12,6,1,0,13,27,25
jp_nagar,12,6,1,0,11,25,19
electronic_city,12,6,1,0,10,23,19
hebbal,12,6,1,0,9,18,15
koramangala,13,6,1,0,18,40,35
indiranagar,13,6,1,0,15,36,34
whitefield,13,6,1,0,12,26,26
marathahalli,13,6,1,0,14,24,28
hsr_layout,13,6,1,0,13,24,28
jp_nagar,13,6,1,0,11,18,20
electronic_city,13,6,1,0,10,17,18
hebbal,13,6,1,0,9,22,14
koramangala,14,6,1,0,18,19,19
indiranagar,14,6,1,0,15,15,13
whitefield,14,6,1,0,12,10,14
marathahalli,14,6,1,0,14,13,14
hsr_layout,14,6,1,0,13,13,12
jp_nagar,14,6,1,0,11,9,11
electronic_city,14,6,1,0,10,12,9
hebbal,14,6,1,0,9,9,8
koramangala,15,6,1,0,18,16,19
indiranagar,15,6,1,0,15,14,14
whitefield,15,6,1,0,12,10,10
marathahalli,15,6,1,0,14,16,13
hsr_layout,15,6,1,0,13,12,12
jp_nagar,15,6,1,0,11,9,13
electronic_city,15,6,1,0,10,8,11
hebbal,15,6,1,0,9,8,4
koramangala,16,6,1,0,18,20,20
indiranagar,16,6,1,0,15,13,16
whitefield,16,6,1,0,12,13,15
marathahalli,16,6,1,0,14,15,11
hsr_layout,16,6,1,0,13,12,12
jp_nagar,16,6,1,0,11,11,12
electronic_city,16,6,1,0,10,11,7
hebbal,16,6,1,0,9,7,6
koramangala,17,6,1,0,18,20,17
indiranagar,17,6,1,0,15,17,16
whitefield,17,6,1,0,12,13,14
marathahalli,17,6,1,0,14,14,16
hsr_layout,17,6,1,0,13,15,15
jp_nagar,17,6,1,0,11,11,10
electronic_city,17,6,1,0,10,10,8
hebbal,17,6,1,0,9,7,8
koramangala,18,6,1,0,18,18,15
indiranagar,18,6,1,0,15,17,14
whitefield,18,6,1,0,12,10,14
marathahalli,18,6,1,0,14,12,15
hsr_layout,18,6,1,0,13,14,10
jp_nagar,18,6,1,0,11,10,12
electronic_city,18,6,1,0,10,8,9
hebbal,18,6,1,0,9,9,8
koramangala,19,6,1,0,18,48,40
indiranagar,19,6,1,0,15,37,37
whitefield,19,6,1,0,12,31,32
marathahalli,19,6,1,0,14,39,32
hsr_layout,19,6,1,0,13,27,30
jp_nagar,19,6,1,0,11,29,29
electronic_city,19,6,1,0,10,29,26
hebbal,19,6,1,0,9,24,21
koramangala,20,6,1,0,18,36,46
indiranagar,20,6,1,0,15,41,38
whitefield,20,6,1,0,12,29,26
marathahalli,20,6,1,0,14,32,31
hsr_layout,20,6,1,0,13,32,33
jp_nagar,20,6,1,0,11,27,26
electronic_city,20,6,1,0,10,26,27
hebbal,20,6,1,0,9,18,23
koramangala,21,6,1,0,18,50,46
indiranagar,21,6,1,0,15,41,40
whitefield,21,6,1,0,12,29,31
marathahalli,21,6,1,0,14,32,30
hsr_layout,21,6,1,0,13,30,31
jp_nagar,21,6,1,0,11,30,30
electronic_city,21,6,1,0,10,19,27
hebbal,21,6,1,0,9,24,26
koramangala,22,6,1,0,18,15,18
indiranagar,22,6,1,0,15,15,15
whitefield,22,6,1,0,12,10,15
marathahalli,22,6,1,0,14,13,17
hsr_layout,22,6,1,0,13,12,13
jp_nagar,22,6,1,0,11,10,9
electronic_city,22,6,1,0,10,9,10
hebbal,22,6,1,0,9,7,8
koramangala,23,6,1,0,18,21,20
indiranagar,23,6,1,0,15,16,13
whitefield,23,6,1,0,12,13,13
marathahalli,23,6,1,0,14,14,14
hsr_layout,23,6,1,0,13,13,16
jp_nagar,23,6,1,0,11,12,12
electronic_city,23,6,1,0,10,8,13
hebbal,23,6,1,0,9,7,11
koramangala,0,0,0,0,18,3,5
indiranagar,0,0,0,0,15,3,5
whitefield,0,0,0,0,12,1,2
marathahalli,0,0,0,0,14,2,1
hsr_layout,0,0,0,0,13,2,0
jp_nagar,0,0,0,0,11,1,0
electronic_city,0,0,0,0,10,2,0
hebbal,0,0,0,0,9,1,1
koramangala,1,0,0,0,18,4,2
indiranagar,1,0,0,0,15,3,1
whitefield,1,0,0,0,12,2,2
marathahalli,1,0,0,0,14,2,1
hsr_layout,1,0,0,0,13,2,0
jp_nagar,1,0,0,0,11,2,1
electronic_city,1,0,0,0,10,1,0
hebbal,1,0,0,0,9,2,1
koramangala,2,0,0,0,18,2,5
indiranagar,2,0,0,0,15,3,1
whitefield,2,0,0,0,12,2,4
marathahalli,2,0,0,0,14,2,4
hsr_layout,2,0,0,0,13,2,1
jp_nagar,2,0,0,0,11,1,0
electronic_city,2,0,0,0,10,1,0
hebbal,2,0,0,0,9,1,2
koramangala,3,0,0,0,18,2,2
indiranagar,3,0,0,0,15,2,3
whitefield,3,0,0,0,12,2,3
marathahalli,3,0,0,0,14,3,1
hsr_layout,3,0,0,0,13,2,0
jp_nagar,3,0,0,0,11,2,3
electronic_city,3,0,0,0,10,2,2
hebbal,3,0,0,0,9,1,0
koramangala,4,0,0,0,18,3,3
indiranagar,4,0,0,0,15,3,1
whitefield,4,0,0,0,12,2,0
marathahalli,4,0,0,0,14,3,3
hsr_layout,4,0,0,0,13,2,1
jp_nagar,4,0,0,0,11,1,0
electronic_city,4,0,0,0,10,1,1
hebbal,4,0,0,0,9,1,0
koramangala,5,0,0,0,18,3,5
indiranagar,5,0,0,0,15,2,2
whitefield,5,0,0,0,12,2,0
marathahalli,5,0,0,0,14,3,3
hsr_layout,5,0,0,0,13,2,1
jp_nagar,5,0,0,0,11,1,0
electronic_city,5,0,0,0,10,1,1
hebbal,5,0,0,0,9,1,0
koramangala,6,0,0,0,18,11,10
indiranagar,6,0,0,0,15,10,14
whitefield,6,0,0,0,12,8,10
marathahalli,6,0,0,0,14,9,11
hsr_layout,6,0,0,0,13,11,9
jp_nagar,6,0,0,0,11,7,9
electronic_city,6,0,0,0,10,9,9
hebbal,6,0,0,0,9,6,4
koramangala,7,0,0,0,18,18,22
indiranagar,7,0,0,0,15,15,14
whitefield,7,0,0,0,12,16,12
marathahalli,7,0,0,0,14,17,14
hsr_layout,7,0,0,0,13,17,16
jp_nagar,7,0,0,0,11,13,12
electronic_city,7,0,0,0,10,9,10
hebbal,7,0,0,0,9,11,8
koramangala,8,0,0,0,18,19,20
indiranagar,8,0,0,0,15,16,14
whitefield,8,0,0,0,12,11,17
marathahalli,8,0,0,0,14,15,15
hsr_layout,8,0,0,0,13,15,16
jp_nagar,8,0,0,0,11,14,13
electronic_city,8,0,0,0,10,13,10
hebbal,8,0,0,0,9,9,10
koramangala,9,0,0,0,18,18,25
indiranagar,9,0,0,0,15,15,19
whitefield,9,0,0,0,12,12,13
marathahalli,9,0,0,0,14,17,21
hsr_layout,9,0,0,0,13,16,14
jp_nagar,9,0,0,0,11,14,11
electronic_city,9,0,0,0,10,12,14
hebbal,9,0,0,0,9,12,9
koramangala,10,0,0,0,18,12,17
indiranagar,10,0,0,0,15,14,9
whitefield,10,0,0,0,12,11,11
marathahalli,10,0,0,0,14,9,11
hsr_layout,10,0,0,0,13,9,11
jp_nagar,10,0,0,0,11,7,11
electronic_city,10,0,0,0,10,9,6
hebbal,10,0,0,0,9,8,7
koramangala,11,0,0,0,18,25,23
indiranagar,11,0,0,0,15,24,22
whitefield,11,0,0,0,12,21,17
marathahalli,11,0,0,0,14,24,25
hsr_layout,11,0,0,0,13,22,21
jp_nagar,11,0,0,0,11,20,14
electronic_city,11,0,0,0,10,16,15
hebbal,11,0,0,0,9,16,14
koramangala,12,0,0,0,18,23,29
indiranagar,12,0,0,0,15,25,22
whitefield,12,0,0,0,12,20,23
marathahalli,12,0,0,0,14,25,23
hsr_layout,12,0,0,0,13,19,21
jp_nagar,12,0,0,0,11,19,19
electronic_city,12,0,0,0,10,15,12
hebbal,12,0,0,0,9,15,12
koramangala,13,0,0,0,18,28,27
indiranagar,13,0,0,0,15,27,23
whitefield,13,0,0,0,12,17,17
marathahalli,13,0,0,0,14,18,18
hsr_layout,13,0,0,0,13,23,17
jp_nagar,13,0,0,0,11,14,18
electronic_city,13,0,0,0,10,18,19
hebbal,13,0,0,0,9,13,14
koramangala,14,0,0,0,18,12,18
indiranagar,14,0,0,0,15,11,12
whitefield,14,0,0,0,12,10,8
marathahalli,14,0,0,0,14,11,8
hsr_layout,14,0,0,0,13,11,9
jp_nagar,14,0,0,0,11,10,10
electronic_city,14,0,0,0,10,8,9
hebbal,14,0,0,0,9,7,4
koramangala,15,0,0,0,18,11,15
indiranagar,15,0,0,0,15,9,11
whitefield,15,0,0,0,12,9,10
marathahalli,15,0,0,0,14,10,6
hsr_layout,15,0,0,0,13,10,9
jp_nagar,15,0,0,0,11,8,9
electronic_city,15,0,0,0,10,9,6
hebbal,15,0,0,0,9,8,5
koramangala,16,0,0,0,18,15,11
indiranagar,16,0,0,0,15,9,8
whitefield,16,0,0,0,12,9,9
marathahalli,16,0,0,0,14,11,11
hsr_layout,16,0,0,0,13,8,12
jp_nagar,16,0,0,0,11,7,10
electronic_city,16,0,0,0,10,8,6
hebbal,16,0,0,0,9,6,6
koramangala,17,0,0,0,18,12,15
indiranagar,17,0,0,0,15,12,13
whitefield,17,0,0,0,12,8,9
marathahalli,17,0,0,0,14,11,12
hsr_layout,17,0,0,0,13,12,10
jp_nagar,17,0,0,0,11,8,6
electronic_city,17,0,0,0,10,6,8
hebbal,17,0,0,0,9,6,7
koramangala,18,0,0,0,18,14,14
indiranagar,18,0,0,0,15,12,9
whitefield,18,0,0,0,12,8,10
marathahalli,18,0,0,0,14,11,11
hsr_layout,18,0,0,0,13,9,9
jp_nagar,18,0,0,0,11,10,8
electronic_city,18,0,0,0,10,9,9
hebbal,18,0,0,0,9,7,8
koramangala,19,0,0,0,18,34,36
indiranagar,19,0,0,0,15,30,30
whitefield,19,0,0,0,12,25,23
marathahalli,19,0,0,0,14,22,24
hsr_layout,19,0,0,0,13,28,26
jp_nagar,19,0,0,0,11,19,15
electronic_city,19,0,0,0,10,16,19
hebbal,19,0,0,0,9,16,16
koramangala,20,0,0,0,18,29,33
indiranagar,20,0,0,0,15,28,34
whitefield,20,0,0,0,12,20,17
marathahalli,20,0,0,0,14,28,28
hsr_layout,20,0,0,0,13,22,26
jp_nagar,20,0,0,0,11,19,21
electronic_city,20,0,0,0,10,15,16
hebbal,20,0,0,0,9,15,16
koramangala,21,0,0,0,18,29,28
indiranagar,21,0,0,0,15,22,23
whitefield,21,0,0,0,12,26,17
marathahalli,21,0,0,0,14,28,24
hsr_layout,21,0,0,0,13,24,24
jp_nagar,21,0,0,0,11,22,19
electronic_city,21,0,0,0,10,17,18
hebbal,21,0,0,0,9,20,18
koramangala,22,0,0,0,18,16,13
indiranagar,22,0,0,0,15,14,10
whitefield,22,0,0,0,12,9,6
marathahalli,22,0,0,0,14,9,7
hsr_layout,22,0,0,0,13,11,13
jp_nagar,22,0,0,0,11,9,6
electronic_city,22,0,0,0,10,9,7
hebbal,22,0,0,0,9,7,3
koramangala,23,0,0,0,18,14,13
indiranagar,23,0,0,0,15,12,12
whitefield,23,0,0,0,12,9,8
marathahalli,23,0,0,0,14,13,10
hsr_layout,23,0,0,0,13,8,10
jp_nagar,23,0,0,0,11,8,8
electronic_city,23,0,0,0,10,6,5
hebbal,23,0,0,0,9,7,8
koramangala,0,1,0,0,18,3,5
indiranagar,0,1,0,0,15,3,1
whitefield,0,1,0,0,12,2,2
marathahalli,0,1,0,0,14,2,3
hsr_layout,0,1,0,0,13,2,1
jp_nagar,0,1,0,0,11,2,2
electronic_city,0,1,0,0,10,1,2
hebbal,0,1,0,0,9,1,0
koramangala,1,1,0,0,18,2,2
indiranagar,1,1,0,0,15,2,5
whitefield,1,1,0,0,12,2,3
marathahalli,1,1,0,0,14,2,3
hsr_layout,1,1,0,0,13,2,0
jp_nagar,1,1,0,0,11,2,1
electronic_city,1,1,0,0,10,1,2
hebbal,1,1,0,0,9,1,0
koramangala,2,1,0,0,18,4,3
indiranagar,2,1,0,0,15,3,1
whitefield,2,1,0,0,12,2,1
marathahalli,2,1,0,0,14,3,0
hsr_layout,2,1,0,0,13,3,1
jp_nagar,2,1,0,0,11,2,4
electronic_city,2,1,0,0,10,2,0
hebbal,2,1,0,0,9,1,2
koramangala,3,1,0,0,18,2,1
indiranagar,3,1,0,0,15,2,4
whitefield,3,1,0,0,12,2,2
marathahalli,3,1,0,0,14,3,2
hsr_layout,3,1,0,0,13,2,2
jp_nagar,3,1,0,0,11,2,1
electronic_city,3,1,0,0,10,2,0
hebbal,3,1,0,0,9,1,0
koramangala,4,1,0,0,18,2,3
indiranagar,4,1,0,0,15,2,0
whitefield,4,1,0,0,12,2,1
marathahalli,4,1,0,0,14,2,1
hsr_layout,4,1,0,0,13,3,0
jp_nagar,4,1,0,0,11,2,0
electronic_city,4,1,0,0,10,1,1
hebbal,4,1,0,0,9,1,3
koramangala,5,1,0,0,18,3,1
indiranagar,5,1,0,0,15,2,1
whitefield,5,1,0,0,12,2,0
marathahalli,5,1,0,0,14,2,0
hsr_layout,5,1,0,0,13,3,2
jp_nagar,5,1,0,0,11,1,3
electronic_city,5,1,0,0,10,1,2
hebbal,5,1,0,0,9,1,0
koramangala,6,1,0,0,18,15,12
indiranagar,6,1,0,0,15,13,11
whitefield,6,1,0,0,12,10,10
marathahalli,6,1,0,0,14,13,11
hsr_layout,6,1,0,0,13,10,9
jp_nagar,6,1,0,0,11,8,9
electronic_city,6,1,0,0,10,9,5
hebbal,6,1,0,0,9,8,5
koramangala,7,1,0,0,18,22,24
indiranagar,7,1,0,0,15,15,15
whitefield,7,1,0,0,12,13,11
marathahalli,7,1,0,0,14,17,12
hsr_layout,7,1,0,0,13,17,11
jp_nagar,7,1,0,0,11,12,15
electronic_city,7,1,0,0,10,10,10
hebbal,7,1,0,0,9,11,10
koramangala,8,1,0,0,18,17,22
indiranagar,8,1,0,0,15,16,13
whitefield,8,1,0,0,12,12,16
marathahalli,8,1,0,0,14,15,15
hsr_layout,8,1,0,0,13,14,17
jp_nagar,8,1,0,0,11,15,12
electronic_city,8,1,0,0,10,10,11
hebbal,8,1,0,0,9,12,11
koramangala,9,1,0,0,18,24,23
indiranagar,9,1,0,0,15,21,17
whitefield,9,1,0,0,12,16,14
marathahalli,9,1,0,0,14,19,15
hsr_layout,9,1,0,0,13,15,14
jp_nagar,9,1,0,0,11,15,15
electronic_city,9,1,0,0,10,14,13
hebbal,9,1,0,0,9,10,12
koramangala,10,1,0,0,18,17,11
indiranagar,10,1,0,0,15,11,13
whitefield,10,1,0,0,12,9,11
marathahalli,10,1,0,0,14,13,12
hsr_layout,10,1,0,0,13,8,11
jp_nagar,10,1,0,0,11,7,9
electronic_city,10,1,0,0,10,8,6
hebbal,10,1,0,0,9,6,7
koramangala,11,1,0,0,18,23,25
indiranagar,11,1,0,0,15,24,27
whitefield,11,1,0,0,12,16,22
marathahalli,11,1,0,0,14,21,22
hsr_layout,11,1,0,0,13,20,21
jp_nagar,11,1,0,0,11,20,17
electronic_city,11,1,0,0,10,19,15
hebbal,11,1,0,0,9,11,12
koramangala,12,1,0,0,18,26,25
indiranagar,12,1,0,0,15,24,22
whitefield,12,1,0,0,12,15,16
marathahalli,12,1,0,0,14,21,20
hsr_layout,12,1,0,0,13,21,23
jp_nagar,12,1,0,0,11,20,20
electronic_city,12,1,0,0,10,13,10
hebbal,12,1,0,0,9,17,16
koramangala,13,1,0,0,18,34,30
indiranagar,13,1,0,0,15,28,22
whitefield,13,1,0,0,12,22,20
marathahalli,13,1,0,0,14,24,17
hsr_layout,13,1,0,0,13,19,21
jp_nagar,13,1,0,0,11,21,18
electronic_city,13,1,0,0,10,13,14
hebbal,13,1,0,0,9,11,17
koramangala,14,1,0,0,18,14,13
indiranagar,14,1,0,0,15,12,13
whitefield,14,1,0,0,12,8,5
marathahalli,14,1,0,0,14,12,10
hsr_layout,14,1,0,0,13,11,11
jp_nagar,14,1,0,0,11,7,5
electronic_city,14,1,0,0,10,8,5
hebbal,14,1,0,0,9,8,9
koramangala,15,1,0,0,18,16,8
indiranagar,15,1,0,0,15,12,12
whitefield,15,1,0,0,12,11,8
marathahalli,15,1,0,0,14,13,11
hsr_layout,15,1,0,0,13,11,10
jp_nagar,15,1,0,0,11,9,5
electronic_city,15,1,0,0,10,8,7
hebbal,15,1,0,0,9,7,6
koramangala,16,1,0,0,18,16,13
indiranagar,16,1,0,0,15,13,13
whitefield,16,1,0,0,12,10,11
marathahalli,16,1,0,0,14,12,14
hsr_layout,16,1,0,0,13,8,10
jp_nagar,16,1,0,0,11,7,5
electronic_city,16,1,0,0,10,7,8
hebbal,16,1,0,0,9,6,6
koramangala,17,1,0,0,18,12,17
indiranagar,17,1,0,0,15,9,7
whitefield,17,1,0,0,12,8,9
marathahalli,17,1,0,0,14,12,13
hsr_layout,17,1,0,0,13,12,10
jp_nagar,17,1,0,0,11,8,9
electronic_city,17,1,0,0,10,7,8
hebbal,17,1,0,0,9,7,8
koramangala,18,1,0,0,18,13,12
indiranagar,18,1,0,0,15,12,9
whitefield,18,1,0,0,12,11,10
marathahalli,18,1,0,0,14,12,8
hsr_layout,18,1,0,0,13,11,10
jp_nagar,18,1,0,0,11,9,8
electronic_city,18,1,0,0,10,7,10
hebbal,18,1,0,0,9,6,7
koramangala,19,1,0,0,18,31,34
indiranagar,19,1,0,0,15,28,25
whitefield,19,1,0,0,12,19,20
marathahalli,19,1,0,0,14,30,26
hsr_layout,19,1,0,0,13,22,29
jp_nagar,19,1,0,0,11,21,19
electronic_city,19,1,0,0,10,16,18
hebbal,19,1,0,0,9,15,18
koramangala,20,1,0,0,18,28,27
indiranagar,20,1,0,0,15,25,26
whitefield,20,1,0,0,12,26,25
marathahalli,20,1,0,0,14,26,29
hsr_layout,20,1,0,0,13,28,19
jp_nagar,20,1,0,0,11,21,15
electronic_city,20,1,0,0,10,18,19
hebbal,20,1,0,0,9,15,18
koramangala,21,1,0,0,18,36,30
indiranagar,21,1,0,0,15,30,34
whitefield,21,1,0,0,12,20,26
marathahalli,21,1,0,0,14,25,30
hsr_layout,21,1,0,0,13,24,21
jp_nagar,21,1,0,0,11,23,18
electronic_city,21,1,0,0,10,20,18
hebbal,21,1,0,0,9,18,15
koramangala,22,1,0,0,18,13,14
indiranagar,22,1,0,0,15,12,12
whitefield,22,1,0,0,12,8,8
marathahalli,22,1,0,0,14,12,13
hsr_layout,22,1,0,0,13,9,8
jp_nagar,22,1,0,0,11,8,10
electronic_city,22,1,0,0,10,8,5
hebbal,22,1,0,0,9,8,6
koramangala,23,1,0,0,18,16,15
indiranagar,23,1,0,0,15,11,14
whitefield,23,1,0,0,12,9,9
marathahalli,23,1,0,0,14,11,9
hsr_layout,23,1,0,0,13,10,11
jp_nagar,23,1,0,0,11,8,9
electronic_city,23,1,0,0,10,8,5
hebbal,23,1,0,0,9,8,6
koramangala,0,2,0,1,18,4,3
indiranagar,0,2,0,1,15,4,4
whitefield,0,2,0,1,12,3,3
marathahalli,0,2,0,1,14,3,5
hsr_layout,0,2,0,1,13,3,2
jp_nagar,0,2,0,1,11,2,2
electronic_city,0,2,0,1,10,2,1
hebbal,0,2,0,1,9,2,4
koramangala,1,2,0,1,18,4,5
indiranagar,1,2,0,1,15,4,7
whitefield,1,2,0,1,12,3,3
marathahalli,1,2,0,1,14,3,3
hsr_layout,1,2,0,1,13,3,1
jp_nagar,1,2,0,1,11,3,0
electronic_city,1,2,0,1,10,2,1
hebbal,1,2,0,1,9,2,0
koramangala,2,2,0,1,18,4,5
indiranagar,2,2,0,1,15,3,2
whitefield,2,2,0,1,12,2,3
marathahalli,2,2,0,1,14,4,5
hsr_layout,2,2,0,1,13,3,2
jp_nagar,2,2,0,1,11,3,5
electronic_city,2,2,0,1,10,2,1
hebbal,2,2,0,1,9,2,1
koramangala,3,2,0,1,18,4,4
indiranagar,3,2,0,1,15,3,5
whitefield,3,2,0,1,12,3,0
marathahalli,3,2,0,1,14,3,0
hsr_layout,3,2,0,1,13,3,2
jp_nagar,3,2,0,1,11,2,4
electronic_city,3,2,0,1,10,2,2
hebbal,3,2,0,1,9,2,0
koramangala,4,2,0,1,18,4,2
indiranagar,4,2,0,1,15,4,6
whitefield,4,2,0,1,12,3,2
marathahalli,4,2,0,1,14,3,2
hsr_layout,4,2,0,1,13,3,5
jp_nagar,4,2,0,1,11,3,4
electronic_city,4,2,0,1,10,3,3
hebbal,4,2,0,1,9,2,0
koramangala,5,2,0,1,18,4,2
indiranagar,5,2,0,1,15,4,4
whitefield,5,2,0,1,12,3,3
marathahalli,5,2,0,1,14,3,3
hsr_layout,5,2,0,1,13,3,5
jp_nagar,5,2,0,1,11,2,0
electronic_city,5,2,0,1,10,2,3
hebbal,5,2,0,1,9,2,0
koramangala,6,2,0,1,18,20,18
indiranagar,6,2,0,1,15,18,16
whitefield,6,2,0,1,12,11,12
marathahalli,6,2,0,1,14,18,13
hsr_layout,6,2,0,1,13,14,12
jp_nagar,6,2,0,1,11,10,11
electronic_city,6,2,0,1,10,12,9
hebbal,6,2,0,1,9,10,9
koramangala,7,2,0,1,18,30,28
indiranagar,7,2,0,1,15,21,30
whitefield,7,2,0,1,12,19,19
marathahalli,7,2,0,1,14,24,25
hsr_layout,7,2,0,1,13,25,20
jp_nagar,7,2,0,1,11,20,14
electronic_city,7,2,0,1,10,17,15
hebbal,7,2,0,1,9,17,16
koramangala,8,2,0,1,18,31,23
indiranagar,8,2,0,1,15,28,29
whitefield,8,2,0,1,12,23,23
marathahalli,8,2,0,1,14,26,28
hsr_layout,8,2,0,1,13,19,24
jp_nagar,8,2,0,1,11,18,16
electronic_city,8,2,0,1,10,14,17
hebbal,8,2,0,1,9,16,16
koramangala,9,2,0,1,18,31,29
indiranagar,9,2,0,1,15,29,22
whitefield,9,2,0,1,12,19,20
marathahalli,9,2,0,1,14,26,22
hsr_layout,9,2,0,1,13,21,21
jp_nagar,9,2,0,1,11,15,19
electronic_city,9,2,0,1,10,16,12
hebbal,9,2,0,1,9,16,16
koramangala,10,2,0,1,18,24,20
indiranagar,10,2,0,1,15,16,12
whitefield,10,2,0,1,12,14,11
marathahalli,10,2,0,1,14,14,15
hsr_layout,10,2,0,1,13,12,14
jp_nagar,10,2,0,1,11,11,10
electronic_city,10,2,0,1,10,10,11
hebbal,10,2,0,1,9,10,8
koramangala,11,2,0,1,18,36,42
indiranagar,11,2,0,1,15,38,28
whitefield,11,2,0,1,12,31,26
marathahalli,11,2,0,1,14,27,34
hsr_layout,11,2,0,1,13,23,30
jp_nagar,11,2,0,1,11,19,27
electronic_city,11,2,0,1,10,23,21
hebbal,11,2,0,1,9,18,18
koramangala,12,2,0,1,18,33,40
indiranagar,12,2,0,1,15,39,31
whitefield,12,2,0,1,12,30,26
marathahalli,12,2,0,1,14,28,25
hsr_layout,12,2,0,1,13,34,25
jp_nagar,12,2,0,1,11,19,25
electronic_city,12,2,0,1,10,22,21
hebbal,12,2,0,1,9,20,15
koramangala,13,2,0,1,18,37,42
indiranagar,13,2,0,1,15,39,32
whitefield,13,2,0,1,12,30,26
marathahalli,13,2,0,1,14,33,29
hsr_layout,13,2,0,1,13,27,25
jp_nagar,13,2,0,1,11,23,24
electronic_city,13,2,0,1,10,21,23
hebbal,13,2,0,1,9,17,18
koramangala,14,2,0,1,18,20,18
indiranagar,14,2,0,1,15,16,11
whitefield,14,2,0,1,12,15,10
marathahalli,14,2,0,1,14,13,16
hsr_layout,14,2,0,1,13,13,15
jp_nagar,14,2,0,1,11,13,13
electronic_city,14,2,0,1,10,9,10
hebbal,14,2,0,1,9,9,8
koramangala,15,2,0,1,18,17,18
indiranagar,15,2,0,1,15,13,16
whitefield,15,2,0,1,12,11,13
marathahalli,15,2,0,1,14,17,14
hsr_layout,15,2,0,1,13,14,16
jp_nagar,15,2,0,1,11,12,11
electronic_city,15,2,0,1,10,11,9
hebbal,15,2,0,1,9,11,10
koramangala,16,2,0,1,18,23,22
indiranagar,16,2,0,1,15,16,15
whitefield,16,2,0,1,12,15,13
marathahalli,16,2,0,1,14,17,14
hsr_layout,16,2,0,1,13,15,14
jp_nagar,16,2,0,1,11,12,11
electronic_city,16,2,0,1,10,11,12
hebbal,16,2,0,1,9,9,9
koramangala,17,2,0,1,18,20,21
indiranagar,17,2,0,1,15,15,17
whitefield,17,2,0,1,12,11,13
marathahalli,17,2,0,1,14,13,18
hsr_layout,17,2,0,1,13,12,16
jp_nagar,17,2,0,1,11,10,8
electronic_city,17,2,0,1,10,12,13
hebbal,17,2,0,1,9,11,10
koramangala,18,2,0,1,18,18,16
indiranagar,18,2,0,1,15,13,15
whitefield,18,2,0,1,12,12,10
marathahalli,18,2,0,1,14,18,16
hsr_layout,18,2,0,1,13,13,10
jp_nagar,18,2,0,1,11,10,12
electronic_city,18,2,0,1,10,12,10
hebbal,18,2,0,1,9,8,10
koramangala,19,2,0,1,18,51,54
indiranagar,19,2,0,1,15,43,41
whitefield,19,2,0,1,12,31,27
marathahalli,19,2,0,1,14,43,41
hsr_layout,19,2,0,1,13,33,34
jp_nagar,19,2,0,1,11,27,27
electronic_city,19,2,0,1,10,21,24
hebbal,19,2,0,1,9,27,24
koramangala,20,2,0,1,18,55,45
indiranagar,20,2,0,1,15,39,33
whitefield,20,2,0,1,12,37,27
marathahalli,20,2,0,1,14,40,33
hsr_layout,20,2,0,1,13,27,33
jp_nagar,20,2,0,1,11,33,29
electronic_city,20,2,0,1,10,23,29
hebbal,20,2,0,1,9,22,25
koramangala,21,2,0,1,18,46,54
indiranagar,21,2,0,1,15,46,43
whitefield,21,2,0,1,12,29,28
marathahalli,21,2,0,1,14,35,34
hsr_layout,21,2,0,1,13,35,35
jp_nagar,21,2,0,1,11,28,23
electronic_city,21,2,0,1,10,24,28
hebbal,21,2,0,1,9,25,21
koramangala,22,2,0,1,18,21,22
indiranagar,22,2,0,1,15,15,18
whitefield,22,2,0,1,12,14,12
marathahalli,22,2,0,1,14,17,14
hsr_layout,22,2,0,1,13,16,12
jp_nagar,22,2,0,1,11,11,10
electronic_city,22,2,0,1,10,9,9
hebbal,22,2,0,1,9,9,10
koramangala,23,2,0,1,18,23,20
indiranagar,23,2,0,1,15,18,15
whitefield,23,2,0,1,12,11,15
marathahalli,23,2,0,1,14,18,16
hsr_layout,23,2,0,1,13,15,15
jp_nagar,23,2,0,1,11,13,8
electronic_city,23,2,0,1,10,11,11
hebbal,23,2,0,1,9,9,8
koramangala,0,3,0,0,18,4,2
indiranagar,0,3,0,0,15,2,2
whitefield,0,3,0,0,12,2,3
marathahalli,0,3,0,0,14,2,0
hsr_layout,0,3,0,0,13,2,2
jp_nagar,0,3,0,0,11,1,2
electronic_city,0,3,0,0,10,1,0
hebbal,0,3,0,0,9,1,0
koramangala,1,3,0,0,18,3,3
indiranagar,1,3,0,0,15,3,1
whitefield,1,3,0,0,12,2,0
marathahalli,1,3,0,0,14,2,1
hsr_layout,1,3,0,0,13,2,3
jp_nagar,1,3,0,0,11,1,1
electronic_city,1,3,0,0,10,1,0
hebbal,1,3,0,0,9,1,1
koramangala,2,3,0,0,18,2,1
indiranagar,2,3,0,0,15,3,0
whitefield,2,3,0,0,12,2,1
marathahalli,2,3,0,0,14,2,4
hsr_layout,2,3,0,0,13,2,2
jp_nagar,2,3,0,0,11,2,1
electronic_city,2,3,0,0,10,1,0
hebbal,2,3,0,0,9,1,0
koramangala,3,3,0,0,18,3,4
indiranagar,3,3,0,0,15,3,1
whitefield,3,3,0,0,12,2,1
marathahalli,3,3,0,0,14,2,1
hsr_layout,3,3,0,0,13,2,0
jp_nagar,3,3,0,0,11,2,0
electronic_city,3,3,0,0,10,1,1
hebbal,3,3,0,0,9,1,1
koramangala,4,3,0,0,18,3,3
indiranagar,4,3,0,0,15,2,0
whitefield,4,3,0,0,12,2,4
marathahalli,4,3,0,0,14,2,1
hsr_layout,4,3,0,0,13,2,2
jp_nagar,4,3,0,0,11,2,1
electronic_city,4,3,0,0,10,1,1
hebbal,4,3,0,0,9,1,1
koramangala,5,3,0,0,18,3,0
indiranagar,5,3,0,0,15,3,2
whitefield,5,3,0,0,12,2,3
marathahalli,5,3,0,0,14,2,4
hsr_layout,5,3,0,0,13,2,1
jp_nagar,5,3,0,0,11,2,2
electronic_city,5,3,0,0,10,1,5
hebbal,5,3,0,0,9,1,2
koramangala,6,3,0,0,18,16,12
indiranagar,6,3,0,0,15,12,12
whitefield,6,3,0,0,12,8,11
marathahalli,6,3,0,0,14,9,9
hsr_layout,6,3,0,0,13,11,11
jp_nagar,6,3,0,0,11,9,8
electronic_city,6,3,0,0,10,9,7
hebbal,6,3,0,0,9,7,6
koramangala,7,3,0,0,18,23,20
indiranagar,7,3,0,0,15,14,20
whitefield,7,3,0,0,12,14,12
marathahalli,7,3,0,0,14,17,14
hsr_layout,7,3,0,0,13,16,16
jp_nagar,7,3,0,0,11,15,12
electronic_city,7,3,0,0,10,10,9
hebbal,7,3,0,0,9,12,9
koramangala,8,3,0,0,18,23,19
indiranagar,8,3,0,0,15,18,21
whitefield,8,3,0,0,12,16,11
marathahalli,8,3,0,0,14,16,14
hsr_layout,8,3,0,0,13,17,13
jp_nagar,8,3,0,0,11,14,12
electronic_city,8,3,0,0,10,14,14
hebbal,8,3,0,0,9,9,12
koramangala,9,3,0,0,18,22,24
indiranagar,9,3,0,0,15,20,19
whitefield,9,3,0,0,12,15,15
marathahalli,9,3,0,0,14,17,17
hsr_layout,9,3,0,0,13,14,16
jp_nagar,9,3,0,0,11,12,14
electronic_city,9,3,0,0,10,11,12
hebbal,9,3,0,0,9,11,10
koramangala,10,3,0,0,18,16,15
indiranagar,10,3,0,0,15,10,11
whitefield,10,3,0,0,12,11,7
marathahalli,10,3,0,0,14,11,10
hsr_layout,10,3,0,0,13,10,8
jp_nagar,10,3,0,0,11,8,7
electronic_city,10,3,0,0,10,8,8
hebbal,10,3,0,0,9,8,5
koramangala,11,3,0,0,18,34,29
indiranagar,11,3,0,0,15,26,26
whitefield,11,3,0,0,12,20,21
marathahalli,11,3,0,0,14,18,23
hsr_layout,11,3,0,0,13,17,20
jp_nagar,11,3,0,0,11,14,15
electronic_city,11,3,0,0,10,13,18
hebbal,11,3,0,0,9,12,10
koramangala,12,3,0,0,18,24,32
indiranagar,12,3,0,0,15,22,21
whitefield,12,3,0,0,12,22,17
marathahalli,12,3,0,0,14,25,22
hsr_layout,12,3,0,0,13,22,21
jp_nagar,12,3,0,0,11,16,12
electronic_city,12,3,0,0,10,16,16
hebbal,12,3,0,0,9,14,14
koramangala,13,3,0,0,18,24,30
indiranagar,13,3,0,0,15,23,18
whitefield,13,3,0,0,12,21,17
marathahalli,13,3,0,0,14,21,20
hsr_layout,13,3,0,0,13,23,19
jp_nagar,13,3,0,0,11,18,15
electronic_city,13,3,0,0,10,16,14
hebbal,13,3,0,0,9,14,14
koramangala,14,3,0,0,18,11,11
indiranagar,14,3,0,0,15,10,14
whitefield,14,3,0,0,12,11,7
marathahalli,14,3,0,0,14,13,10
hsr_layout,14,3,0,0,13,9,9
jp_nagar,14,3,0,0,11,7,7
electronic_city,14,3,0,0,10,9,4
hebbal,14,3,0,0,9,7,5
koramangala,15,3,0,0,18,12,17
indiranagar,15,3,0,0,15,13,11
whitefield,15,3,0,0,12,9,6
marathahalli,15,3,0,0,14,10,12
hsr_layout,15,3,0,0,13,10,10
jp_nagar,15,3,0,0,11,8,9
electronic_city,15,3,0,0,10,9,11
hebbal,15,3,0,0,9,7,7
koramangala,16,3,0,0,18,12,17
indiranagar,16,3,0,0,15,13,11
whitefield,16,3,0,0,12,7,9
marathahalli,16,3,0,0,14,11,11
hsr_layout,16,3,0,0,13,10,11
jp_nagar,16,3,0,0,11,8,7
electronic_city,16,3,0,0,10,7,8
hebbal,16,3,0,0,9,7,4
koramangala,17,3,0,0,18,12,8
indiranagar,17,3,0,0,15,12,11
whitefield,17,3,0,0,12,9,6
marathahalli,17,3,0,0,14,12,10
hsr_layout,17,3,0,0,13,11,10
jp_nagar,17,3,0,0,11,7,9
electronic_city,17,3,0,0,10,7,7
hebbal,17,3,0,0,9,6,6
koramangala,18,3,0,0,18,15,12
indiranagar,18,3,0,0,15,10,11
whitefield,18,3,0,0,12,8,11
marathahalli,18,3,0,0,14,10,10
hsr_layout,18,3,0,0,13,10,11
jp_nagar,18,3,0,0,11,7,7
electronic_city,18,3,0,0,10,7,6
hebbal,18,3,0,0,9,7,7
koramangala,19,3,0,0,18,33,29
indiranagar,19,3,0,0,15,31,32
whitefield,19,3,0,0,12,22,24
marathahalli,19,3,0,0,14,26,29
hsr_layout,19,3,0,0,13,29,22
jp_nagar,19,3,0,0,11,19,20
electronic_city,19,3,0,0,10,19,21
hebbal,19,3,0,0,9,18,14
koramangala,20,3,0,0,18,30,28
indiranagar,20,3,0,0,15,24,29
whitefield,20,3,0,0,12,20,25
marathahalli,20,3,0,0,14,29,29
hsr_layout,20,3,0,0,13,21,27
jp_nagar,20,3,0,0,11,19,20
electronic_city,20,3,0,0,10,17,15
hebbal,20,3,0,0,9,17,13
koramangala,21,3,0,0,18,28,31
indiranagar,21,3,0,0,15,23,28
whitefield,21,3,0,0,12,21,18
marathahalli,21,3,0,0,14,26,22
hsr_layout,21,3,0,0,13,22,25
jp_nagar,21,3,0,0,11,20,17
electronic_city,21,3,0,0,10,18,19
hebbal,21,3,0,0,9,16,17
koramangala,22,3,0,0,18,15,12
indiranagar,22,3,0,0,15,13,12
whitefield,22,3,0,0,12,10,7
marathahalli,22,3,0,0,14,11,11
hsr_layout,22,3,0,0,13,9,10
jp_nagar,22,3,0,0,11,8,11
electronic_city,22,3,0,0,10,6,4
hebbal,22,3,0,0,9,6,5
koramangala,23,3,0,0,18,15,15
indiranagar,23,3,0,0,15,10,13
whitefield,23,3,0,0,12,9,9
marathahalli,23,3,0,0,14,9,11
hsr_layout,23,3,0,0,13,12,9
jp_nagar,23,3,0,0,11,8,5
electronic_city,23,3,0,0,10,6,9
hebbal,23,3,0,0,9,6,8
koramangala,0,4,0,1,18,4,5
indiranagar,0,4,0,1,15,4,5
whitefield,0,4,0,1,12,3,3
marathahalli,0,4,0,1,14,3,5
hsr_layout,0,4,0,1,13,3,3
jp_nagar,0,4,0,1,11,3,1
electronic_city,0,4,0,1,10,3,2
hebbal,0,4,0,1,9,2,1
koramangala,1,4,0,1,18,5,3
indiranagar,1,4,0,1,15,3,6
whitefield,1,4,0,1,12,3,3
marathahalli,1,4,0,1,14,3,3
hsr_layout,1,4,0,1,13,3,3
jp_nagar,1,4,0,1,11,2,7
electronic_city,1,4,0,1,10,3,1
hebbal,1,4,0,1,9,2,0
koramangala,2,4,0,1,18,4,2
indiranagar,2,4,0,1,15,4,2
whitefield,2,4,0,1,12,3,3
marathahalli,2,4,0,1,14,3,3
hsr_layout,2,4,0,1,13,4,2
jp_nagar,2,4,0,1,11,3,3
electronic_city,2,4,0,1,10,3,1
hebbal,2,4,0,1,9,2,2
koramangala,3,4,0,1,18,4,5
indiranagar,3,4,0,1,15,4,5
whitefield,3,4,0,1,12,3,4
marathahalli,3,4,0,1,14,3,4
hsr_layout,3,4,0,1,13,3,3
jp_nagar,3,4,0,1,11,3,2
electronic_city,3,4,0,1,10,2,0
hebbal,3,4,0,1,9,2,1
koramangala,4,4,0,1,18,4,4
indiranagar,4,4,0,1,15,3,4
whitefield,4,4,0,1,12,2,2
marathahalli,4,4,0,1,14,4,4
hsr_layout,4,4,0,1,13,3,1
jp_nagar,4,4,0,1,11,3,5
electronic_city,4,4,0,1,10,2,1
hebbal,4,4,0,1,9,2,0
koramangala,5,4,0,1,18,5,3
indiranagar,5,4,0,1,15,4,7
whitefield,5,4,0,1,12,3,2
marathahalli,5,4,0,1,14,4,3
hsr_layout,5,4,0,1,13,3,2
jp_nagar,5,4,0,1,11,2,2
electronic_city,5,4,0,1,10,2,0
hebbal,5,4,0,1,9,2,2
koramangala,6,4,0,1,18,21,22
indiranagar,6,4,0,1,15,19,17
whitefield,6,4,0,1,12,11,13
marathahalli,6,4,0,1,14,12,16
hsr_layout,6,4,0,1,13,13,13
jp_nagar,6,4,0,1,11,13,11
electronic_city,6,4,0,1,10,11,12
hebbal,6,4,0,1,9,11,8
koramangala,7,4,0,1,18,27,25
indiranagar,7,4,0,1,15,24,27
whitefield,7,4,0,1,12,18,22
marathahalli,7,4,0,1,14,22,24
hsr_layout,7,4,0,1,13,18,22
jp_nagar,7,4,0,1,11,15,19
electronic_city,7,4,0,1,10,16,13
hebbal,7,4,0,1,9,13,18
koramangala,8,4,0,1,18,29,25
indiranagar,8,4,0,1,15,30,23
whitefield,8,4,0,1,12,18,16
marathahalli,8,4,0,1,14,18,21
hsr_layout,8,4,0,1,13,18,23
jp_nagar,8,4,0,1,11,17,14
electronic_city,8,4,0,1,10,15,13
hebbal,8,4,0,1,9,13,17
koramangala,9,4,0,1,18,25,27
indiranagar,9,4,0,1,15,22,28
whitefield,9,4,0,1,12,24,16
marathahalli,9,4,0,1,14,27,20
hsr_layout,9,4,0,1,13,18,24
jp_nagar,9,4,0,1,11,18,14
electronic_city,9,4,0,1,10,14,14
hebbal,9,4,0,1,9,12,14
koramangala,10,4,0,1,18,19,22
indiranagar,10,4,0,1,15,14,17
whitefield,10,4,0,1,12,14,11
marathahalli,10,4,0,1,14,14,14
hsr_layout,10,4,0,1,13,12,12
jp_nagar,10,4,0,1,11,12,11
electronic_city,10,4,0,1,10,11,6
hebbal,10,4,0,1,9,10,8
koramangala,11,4,0,1,18,36,41
indiranagar,11,4,0,1,15,27,34
whitefield,11,4,0,1,12,29,24
marathahalli,11,4,0,1,14,32,29
hsr_layout,11,4,0,1,13,26,25
jp_nagar,11,4,0,1,11,23,20
electronic_city,11,4,0,1,10,18,27
hebbal,11,4,0,1,9,19,22
koramangala,12,4,0,1,18,42,34
indiranagar,12,4,0,1,15,30,32
whitefield,12,4,0,1,12,23,26
marathahalli,12,4,0,1,14,31,30
hsr_layout,12,4,0,1,13,26,32
jp_nagar,12,4,0,1,11,22,28
electronic_city,12,4,0,1,10,23,23
hebbal,12,4,0,1,9,20,21
koramangala,13,4,0,1,18,41,34
indiranagar,13,4,0,1,15,30,28
whitefield,13,4,0,1,12,26,31
marathahalli,13,4,0,1,14,28,34
hsr_layout,13,4,0,1,13,30,29
jp_nagar,13,4,0,1,11,21,19
electronic_city,13,4,0,1,10,25,20
hebbal,13,4,0,1,9,21,18
koramangala,14,4,0,1,18,18,18
indiranagar,14,4,0,1,15,19,16
whitefield,14,4,0,1,12,12,11
marathahalli,14,4,0,1,14,13,15
hsr_layout,14,4,0,1,13,12,12
jp_nagar,14,4,0,1,11,14,12
electronic_city,14,4,0,1,10,10,11
hebbal,14,4,0,1,9,10,12
koramangala,15,4,0,1,18,19,16
indiranagar,15,4,0,1,15,14,14
whitefield,15,4,0,1,12,15,11
marathahalli,15,4,0,1,14,14,15
hsr_layout,15,4,0,1,13,14,16
jp_nagar,15,4,0,1,11,12,10
electronic_city,15,4,0,1,10,9,12
hebbal,15,4,0,1,9,10,10
koramangala,16,4,0,1,18,22,21
indiranagar,16,4,0,1,15,17,18
whitefield,16,4,0,1,12,11,13
marathahalli,16,4,0,1,14,12,16
hsr_layout,16,4,0,1,13,15,14
jp_nagar,16,4,0,1,11,10,11
electronic_city,16,4,0,1,10,10,12
hebbal,16,4,0,1,9,9,8
koramangala,17,4,0,1,18,20,16
indiranagar,17,4,0,1,15,19,12
whitefield,17,4,0,1,12,11,15
marathahalli,17,4,0,1,14,13,13
hsr_layout,17,4,0,1,13,16,15
jp_nagar,17,4,0,1,11,10,13
electronic_city,17,4,0,1,10,9,10
hebbal,17,4,0,1,9,10,9
koramangala,18,4,0,1,18,24,21
indiranagar,18,4,0,1,15,19,17
whitefield,18,4,0,1,12,11,11
marathahalli,18,4,0,1,14,16,16
hsr_layout,18,4,0,1,13,13,14
jp_nagar,18,4,0,1,11,12,8
electronic_city,18,4,0,1,10,9,11
hebbal,18,4,0,1,9,9,8
koramangala,19,4,0,1,18,49,49
indiranagar,19,4,0,1,15,47,39
whitefield,19,4,0,1,12,28,26
marathahalli,19,4,0,1,14,30,30
hsr_layout,19,4,0,1,13,28,41
jp_nagar,19,4,0,1,11,25,27
electronic_city,19,4,0,1,10,28,24
hebbal,19,4,0,1,9,23,24
koramangala,20,4,0,1,18,54,54
indiranagar,20,4,0,1,15,33,44
whitefield,20,4,0,1,12,32,27
marathahalli,20,4,0,1,14,40,39
hsr_layout,20,4,0,1,13,37,37
jp_nagar,20,4,0,1,11,30,28
electronic_city,20,4,0,1,10,24,25
hebbal,20,4,0,1,9,23,24
koramangala,21,4,0,1,18,55,48
indiranagar,21,4,0,1,15,41,36
whitefield,21,4,0,1,12,28,30
marathahalli,21,4,0,1,14,37,38
hsr_layout,21,4,0,1,13,36,33
jp_nagar,21,4,0,1,11,29,29
electronic_city,21,4,0,1,10,25,27
hebbal,21,4,0,1,9,23,25
koramangala,22,4,0,1,18,16,20
indiranagar,22,4,0,1,15,14,14
whitefield,22,4,0,1,12,14,10
marathahalli,22,4,0,1,14,12,15
hsr_layout,22,4,0,1,13,16,15
jp_nagar,22,4,0,1,11,14,12
electronic_city,22,4,0,1,10,12,11
hebbal,22,4,0,1,9,11,10
koramangala,23,4,0,1,18,22,21
indiranagar,23,4,0,1,15,17,18
whitefield,23,4,0,1,12,13,10
marathahalli,23,4,0,1,14,16,16
hsr_layout,23,4,0,1,13,13,13
jp_nagar,23,4,0,1,11,14,10
electronic_city,23,4,0,1,10,11,11
hebbal,23,4,0,1,9,11,5
koramangala,0,5,1,1,18,6,7
indiranagar,0,5,1,1,15,5,0
whitefield,0,5,1,1,12,4,1
marathahalli,0,5,1,1,14,4,4
hsr_layout,0,5,1,1,13,5,5
jp_nagar,0,5,1,1,11,3,2
electronic_city,0,5,1,1,10,3,4
hebbal,0,5,1,1,9,3,0
koramangala,1,5,1,1,18,6,7
indiranagar,1,5,1,1,15,4,5
whitefield,1,5,1,1,12,3,3
marathahalli,1,5,1,1,14,5,5
hsr_layout,1,5,1,1,13,4,5
jp_nagar,1,5,1,1,11,4,2
electronic_city,1,5,1,1,10,3,0
hebbal,1,5,1,1,9,3,6
koramangala,2,5,1,1,18,5,8
indiranagar,2,5,1,1,15,4,3
whitefield,2,5,1,1,12,4,3
marathahalli,2,5,1,1,14,5,3
hsr_layout,2,5,1,1,13,3,5
jp_nagar,2,5,1,1,11,3,0
electronic_city,2,5,1,1,10,3,2
hebbal,2,5,1,1,9,3,0
koramangala,3,5,1,1,18,6,4
indiranagar,3,5,1,1,15,5,4
whitefield,3,5,1,1,12,3,3
marathahalli,3,5,1,1,14,5,4
hsr_layout,3,5,1,1,13,5,2
jp_nagar,3,5,1,1,11,4,4
electronic_city,3,5,1,1,10,4,3
hebbal,3,5,1,1,9,2,3
koramangala,4,5,1,1,18,6,5
indiranagar,4,5,1,1,15,6,5
whitefield,4,5,1,1,12,4,2
marathahalli,4,5,1,1,14,4,4
hsr_layout,4,5,1,1,13,4,0
jp_nagar,4,5,1,1,11,3,3
electronic_city,4,5,1,1,10,3,3
hebbal,4,5,1,1,9,3,2
koramangala,5,5,1,1,18,5,4
indiranagar,5,5,1,1,15,5,1
whitefield,5,5,1,1,12,5,3
marathahalli,5,5,1,1,14,5,6
hsr_layout,5,5,1,1,13,5,4
jp_nagar,5,5,1,1,11,4,3
electronic_city,5,5,1,1,10,3,3
hebbal,5,5,1,1,9,2,3
koramangala,6,5,1,1,18,21,23
indiranagar,6,5,1,1,15,21,18
whitefield,6,5,1,1,12,15,17
marathahalli,6,5,1,1,14,17,21
hsr_layout,6,5,1,1,13,17,18
jp_nagar,6,5,1,1,11,15,16
electronic_city,6,5,1,1,10,15,13
hebbal,6,5,1,1,9,11,13
koramangala,7,5,1,1,18,34,35
indiranagar,7,5,1,1,15,30,33
whitefield,7,5,1,1,12,29,28
marathahalli,7,5,1,1,14,32,25
hsr_layout,7,5,1,1,13,23,32
jp_nagar,7,5,1,1,11,19,22
electronic_city,7,5,1,1,10,25,19
hebbal,7,5,1,1,9,23,19
koramangala,8,5,1,1,18,44,39
indiranagar,8,5,1,1,15,29,34
whitefield,8,5,1,1,12,24,25
marathahalli,8,5,1,1,14,30,27
hsr_layout,8,5,1,1,13,27,29
jp_nagar,8,5,1,1,11,23,24
electronic_city,8,5,1,1,10,23,21
hebbal,8,5,1,1,9,22,16
koramangala,9,5,1,1,18,38,40
indiranagar,9,5,1,1,15,26,31
whitefield,9,5,1,1,12,30,22
marathahalli,9,5,1,1,14,27,27
hsr_layout,9,5,1,1,13,30,29
jp_nagar,9,5,1,1,11,23,26
electronic_city,9,5,1,1,10,24,19
hebbal,9,5,1,1,9,22,16
koramangala,10,5,1,1,18,30,28
indiranagar,10,5,1,1,15,20,20
whitefield,10,5,1,1,12,18,13
marathahalli,10,5,1,1,14,18,24
hsr_layout,10,5,1,1,13,15,15
jp_nagar,10,5,1,1,11,18,12
electronic_city,10,5,1,1,10,13,13
hebbal,10,5,1,1,9,11,16
koramangala,11,5,1,1,18,44,53
indiranagar,11,5,1,1,15,44,37
whitefield,11,5,1,1,12,31,31
marathahalli,11,5,1,1,14,42,42
hsr_layout,11,5,1,1,13,33,32
jp_nagar,11,5,1,1,11,33,34
electronic_city,11,5,1,1,10,25,30
hebbal,11,5,1,1,9,31,24
koramangala,12,5,1,1,18,55,51
indiranagar,12,5,1,1,15,47,35
whitefield,12,5,1,1,12,28,33
marathahalli,12,5,1,1,14,32,34
hsr_layout,12,5,1,1,13,42,29
jp_nagar,12,5,1,1,11,31,35
electronic_city,12,5,1,1,10,27,33
hebbal,12,5,1,1,9,28,24
koramangala,13,5,1,1,18,59,52
indiranagar,13,5,1,1,15,37,47
whitefield,13,5,1,1,12,40,32
marathahalli,13,5,1,1,14,37,46
hsr_layout,13,5,1,1,13,41,36
jp_nagar,13,5,1,1,11,27,35
electronic_city,13,5,1,1,10,33,30
hebbal,13,5,1,1,9,23,23
koramangala,14,5,1,1,18,23,25
indiranagar,14,5,1,1,15,20,21
whitefield,14,5,1,1,12,15,13
marathahalli,14,5,1,1,14,16,18
hsr_layout,14,5,1,1,13,21,18
jp_nagar,14,5,1,1,11,16,13
electronic_city,14,5,1,1,10,14,14
hebbal,14,5,1,1,9,12,12
koramangala,15,5,1,1,18,23,28
indiranagar,15,5,1,1,15,22,23
whitefield,15,5,1,1,12,18,17
marathahalli,15,5,1,1,14,22,22
hsr_layout,15,5,1,1,13,17,20
jp_nagar,15,5,1,1,11,18,15
electronic_city,15,5,1,1,10,15,18
hebbal,15,5,1,1,9,10,14
koramangala,16,5,1,1,18,27,24
indiranagar,16,5,1,1,15,24,23
whitefield,16,5,1,1,12,16,15
marathahalli,16,5,1,1,14,18,17
hsr_layout,16,5,1,1,13,16,20
jp_nagar,16,5,1,1,11,13,14
electronic_city,16,5,1,1,10,13,12
hebbal,16,5,1,1,9,11,14
koramangala,17,5,1,1,18,29,27
indiranagar,17,5,1,1,15,21,21
whitefield,17,5,1,1,12,15,16
marathahalli,17,5,1,1,14,22,20
hsr_layout,17,5,1,1,13,18,17
jp_nagar,17,5,1,1,11,17,18
electronic_city,17,5,1,1,10,12,16
hebbal,17,5,1,1,9,12,15
koramangala,18,5,1,1,18,28,25
indiranagar,18,5,1,1,15,24,19
whitefield,18,5,1,1,12,14,19
marathahalli,18,5,1,1,14,19,16
hsr_layout,18,5,1,1,13,16,15
jp_nagar,18,5,1,1,11,12,17
electronic_city,18,5,1,1,10,13,11
hebbal,18,5,1,1,9,13,15
koramangala,19,5,1,1,18,70,62
indiranagar,19,5,1,1,15,47,57
whitefield,19,5,1,1,12,33,37
marathahalli,19,5,1,1,14,46,46
hsr_layout,19,5,1,1,13,41,48
jp_nagar,19,5,1,1,11,39,32
electronic_city,19,5,1,1,10,37,28
hebbal,19,5,1,1,9,35,28
koramangala,20,5,1,1,18,57,54
indiranagar,20,5,1,1,15,48,55
whitefield,20,5,1,1,12,45,41
marathahalli,20,5,1,1,14,51,43
hsr_layout,20,5,1,1,13,38,45
jp_nagar,20,5,1,1,11,36,40
electronic_city,20,5,1,1,10,34,36
hebbal,20,5,1,1,9,36,32
koramangala,21,5,1,1,18,60,67
indiranagar,21,5,1,1,15,52,50
whitefield,21,5,1,1,12,38,44
marathahalli,21,5,1,1,14,40,45
hsr_layout,21,5,1,1,13,50,45
jp_nagar,21,5,1,1,11,31,38
electronic_city,21,5,1,1,10,35,35
hebbal,21,5,1,1,9,28,27
koramangala,22,5,1,1,18,23,31
indiranagar,22,5,1,1,15,19,21
whitefield,22,5,1,1,12,18,17
marathahalli,22,5,1,1,14,23,19
hsr_layout,22,5,1,1,13,20,17
jp_nagar,22,5,1,1,11,18,14
electronic_city,22,5,1,1,10,15,12
hebbal,22,5,1,1,9,11,11
koramangala,23,5,1,1,18,30,29
indiranagar,23,5,1,1,15,21,21
whitefield,23,5,1,1,12,18,14
marathahalli,23,5,1,1,14,17,21
hsr_layout,23,5,1,1,13,19,18
jp_nagar,23,5,1,1,11,16,15
electronic_city,23,5,1,1,10,16,16
hebbal,23,5,1,1,9,14,13
